event_id,game_datetime_utc,home_team_id,away_team_id,home_team,away_team,neutral_site,pred_spread,pred_total,projected_total,projected_poss,pace_projected,total_confidence_adj,pred_home_score,pred_away_score,model_confidence,kelly_fraction,kelly_units,kelly_multiplier,market_evaluated,edge_pts,home_net_eff,away_net_eff,home_off_eff_vs_exp,away_off_eff_vs_exp,eff_edge,composite_edge,hca,model_efg_delta,model_tov_delta,model_orb_delta,model_drb_delta,model_ftr_delta,model_tpar_delta,model_eff_edge,model_composite_edge,model_raw_edge,model_home_pace,model_away_pace,model_hca_applied,spread_line,total_line,spread_diff_vs_line,total_diff_vs_line,total_edge,line_shopping_advisory,spread_pick,edge_flag,total_direction,home_games_used,away_games_used,game_type,predicted_at_utc,history_cutoff_utc,model_version_hash,pipeline_run_id,model_weights_used,active_bias_corrections,home_conference,home_wins,home_losses,away_conference,away_wins,away_losses,game_tier,home_momentum_tier,away_momentum_tier,home_FGA,home_FGM,home_FTA,home_FTM,home_TPA,home_TPM,home_ORB,home_DRB,home_RB,home_TO,home_AST,away_FGA,away_FGM,away_FTA,away_FTM,away_TPA,away_TPM,away_ORB,away_DRB,away_RB,away_TO,away_AST,dead_spread_flag,trap_game_flag,trap_game_reason,revenge_flag,revenge_team,home_fatigue_index_x,away_fatigue_index_x,alpha_reasoning,is_alpha,edge_types,ensemble_spread,m8_spread,game_id,predicted_spread,conference_name,clv_vs_consensus,ens_spread,ens_total,ens_confidence,ens_agreement,ens_spread_std,cage_edge,barthag_diff,edge_flag_spread,edge_flag_total,spread_edge_pts,total_edge_pts,pre_correction_prediction,bias_corrections_applied,fourfactors_spread,fourfactors_total,fourfactors_conf,adjefficiency_spread,adjefficiency_total,adjefficiency_conf,pythagorean_spread,pythagorean_total,pythagorean_conf,momentum_spread,momentum_total,momentum_conf,atsintelligence_spread,atsintelligence_total,atsintelligence_conf,situational_spread,situational_total,situational_conf,cagerankings_spread,cagerankings_total,cagerankings_conf,regressedeff_spread,regressedeff_total,regressedeff_conf,model1_schedule_pred,model2_four_factors_pred,model3_bidirectional_pred,model4_ats_pred,model5_situational_pred,game_datetime_utc_ens,home_team_id_ens,away_team_id_ens,home_spread_open,home_spread_current,line_movement,over_under,home_ml,away_ml,home_win_prob,away_win_prob,pinnacle_spread,draftkings_spread,home_tickets_pct,home_money_pct,steam_flag,rlm_flag,rlm_sharp_side,book_disagreement_flag,book_sharp_side,book_spread_diff,line_freeze_flag,home_rest_days,home_games_l7,home_games_l14,home_fatigue_index_y,home_win_streak,home_cover_streak,home_close_win_pct_season,home_close_game_win_pct,home_scoring_consistency_l5,away_rest_days,away_games_l7,away_games_l14,away_fatigue_index_y,away_win_streak,away_cover_streak,away_close_win_pct_season,away_close_game_win_pct,away_scoring_consistency_l5,home_momentum_score,away_momentum_score,home_form_rating,away_form_rating,home_luck_score,away_luck_score,home_ha_net_rtg_l10,away_ha_net_rtg_l10,home_net_rtg_std_l10,away_net_rtg_std_l10,market_spread,clv_vs_open,clv_vs_close,home_ats_wins,home_ats_losses,away_ats_wins,away_ats_losses,win_prob_source,wins,losses,efg_delta,tov_delta,orb_delta,drb_delta,ftr_delta,_source_date,ens_ens_spread,ens_ens_total,ens_ens_confidence,ens_ens_agreement,ens_ens_spread_std,ens_cage_edge,ens_barthag_diff,ens_edge_flag_spread,ens_edge_flag_total,ens_spread_edge_pts,ens_total_edge_pts,ens_pre_correction_prediction,ens_bias_corrections_applied,ens_fourfactors_spread,ens_fourfactors_total,ens_fourfactors_conf,ens_adjefficiency_spread,ens_adjefficiency_total,ens_adjefficiency_conf,ens_pythagorean_spread,ens_pythagorean_total,ens_pythagorean_conf,ens_momentum_spread,ens_momentum_total,ens_momentum_conf,ens_atsintelligence_spread,ens_atsintelligence_total,ens_atsintelligence_conf,ens_situational_spread,ens_situational_total,ens_situational_conf,ens_cagerankings_spread,ens_cagerankings_total,ens_cagerankings_conf,ens_regressedeff_spread,ens_regressedeff_total,ens_regressedeff_conf,ens_model1_schedule_pred,ens_model2_four_factors_pred,ens_model3_bidirectional_pred,ens_model4_ats_pred,ens_model5_situational_pred
401858739,2026-02-24T23:00Z,2441,2598,New Haven Chargers,Saint Francis Red Flash,False,-3.15,141.1,147.8,67.2,67.0,1.0,72.1,69.0,0.43,0.0,0.0,1.0,False,0.0,10.8,-13.02,0.0,0.0,23.82,0.03,3.2,,,,,,,,,,,,,,,,,,,Saint Francis Red Flash -nan,0,PUSH,25,27,regular,2026-02-23T20:22:11.205989+00:00,2026-02-24T23:00:00+00:00,9b50b95a,22323323358,{},0,Northeast Conference,11,14,Northeast Conference,7,20,MID,COLD,COLD,47.0,30.0,20.0,10.0,23.0,14.0,3.0,18.0,21.0,8.0,12.0,58.0,21.0,17.0,8.0,22.0,6.0,14.0,20.0,34.0,12.0,14.0,1,0,,0,,0.0,0.0,,False,,,,401858739,-3.15,Northeast Conference,,,,,,,,,,,,,,,,,,,,,,,,,,,,,,,,,,,,,,,,,,,,,,,,,,,,,0.43,0.5700000000000001,,,,,,,,,,,,3.0,2,4,2.4,3,0,0.167,0.2,7.2,3.2,2,4,2.4,-9,0,0.375,0.0,4.36,6.783333333333332,3.6199999999999997,-1.2125000000000001,-4.8925,-0.04633333333333334,-0.042583333333333334,8.805000000000001,-11.305,21.748333333333335,18.037499999999998,,,,,,,,model_implied,11,14,0.11,0.02,-0.06,0.01,0.04,20260224,-3.15,144.2,0.188,STRONG,0.2,0.0,0.0,0.0,0.0,0.0,0.0,-2.89,,-3.2,144.2,0.4,-3.2,144.2,0.1,-3.2,144.2,0.1,-3.2,144.2,0.1,-3.2,144.2,0.1,-2.6,144.2,0.1,-3.2,144.2,0.1,-3.2,144.2,0.1,-3.2,-3.2,-3.2,-3.2,-3.2
401825538,2026-02-24T23:30Z,164,264,Rutgers Scarlet Knights,Washington Huskies,False,-3.15,121.0,147.8,67.2,60.1,1.0,62.1,58.9,0.43,0.0078,0.78,1.0,False,7.65,-31.47,-6.7,0.0,0.0,-24.77,0.01,3.2,,,,,,,,,,,,,4.5,143.5,7.65,-22.5,4.3,,Washington Huskies covers,0,UNDER,24,23,regular,2026-02-23T20:22:11.319684+00:00,2026-02-24T23:30:00+00:00,9b50b95a,22323323358,{},0,Big Ten,7,17,Big Ten,10,13,HIGH,COLD,COLD,54.0,24.0,8.0,6.0,18.0,7.0,6.0,16.0,22.0,7.0,23.0,52.0,24.0,7.0,7.0,22.0,5.0,4.0,19.0,23.0,6.0,9.0,0,0,,0,,0.0,0.0,Model disagrees with line by 7.7pts (home side),True,MODEL_EDGE,,,401825538,-3.15,Big Ten,,,,,,,,,,,,,,,,,,,,,,,,,,,,,,,,,,,,,,,,,,,,,,,,,,143.5,,,0.43,0.5700000000000001,,,,,,,,,,,,3.3,2,3,2.1,-1,0,0.6,,17.41,3.1,1,3,1.5,-1,0,0.0,0.0,7.33,3.269166666666667,-2.5283333333333338,-19.346666666666668,-10.9275,-0.0026666666666666666,-0.07083333333333333,-16.239166666666666,3.1391666666666667,21.944166666666664,20.392500000000002,,,,,,,,model_implied,7,17,-0.0,-0.0,0.01,0.06,0.0,20260224,-3.15,144.2,0.188,STRONG,0.2,0.0,0.0,1.0,0.0,7.65,0.7,-2.89,,-3.2,144.2,0.4,-3.2,144.2,0.1,-3.2,144.2,0.1,-3.2,144.2,0.1,-3.2,144.2,0.1,-2.6,144.2,0.1,-3.2,144.2,0.1,-3.2,144.2,0.1,-3.2,-3.2,-3.2,-3.2,-3.2
401820764,2026-02-25T00:00Z,103,154,Boston College Eagles,Wake Forest Demon Deacons,False,,132.9,147.8,67.2,68.2,1.0,,,0.43,0.0,0.0,1.0,False,3.5,-33.74,-29.13,0.0,0.0,-4.61,0.0,3.2,,,,,,,,,,,,,3.5,140.5,,-7.6,7.3,,Wake Forest Demon Deacons covers,0,UNDER,23,24,regular,2026-02-23T20:22:11.676619+00:00,2026-02-25T00:00:00+00:00,9b50b95a,22323323358,{},0,Atlantic Coast Conference,7,16,Atlantic Coast Conference,11,13,HIGH,COLD,COLD,69.0,23.0,20.0,13.0,35.0,11.0,21.0,17.0,38.0,9.0,15.0,61.0,23.0,16.0,11.0,30.0,6.0,15.0,17.0,32.0,7.0,10.0,0,0,,0,,0.0,0.0,Model disagrees with line by 3.5pts (home side),True,MODEL_EDGE,,,401820764,,Atlantic Coast Conference,,,,,,,,,,,,,,,,,,,,,,,,,,,,,,,,,,,,,,,,,,,,,,,,,,140.5,,,0.5700000000000001,0.42999999999999994,,,,,,,,,,,,4.1,1,4,1.8,-8,0,0.4,0.5,6.75,4.2,2,4,2.4,-1,0,0.556,0.667,12.4,-3.3891666666666667,-3.8216666666666668,-15.738333333333332,-14.749166666666667,-0.057749999999999996,0.014416666666666666,-6.888181818181818,-1.1441666666666668,15.6825,20.960833333333333,,,,1.0,0.0,0.0,1.0,model_implied,7,16,-0.0,-0.01,0.01,0.01,0.01,20260224,,,,,,,,,,,,,,,,,,,,,,,,,,,,,,,,,,,,,,,,,,
401808689,2026-02-25T00:00Z,276,295,Marshall Thundering Herd,Old Dominion Monarchs,False,-3.15,156.0,147.8,67.2,82.5,1.0,79.6,76.4,0.34,0.0,0.0,1.0,False,0.0,-4.99,-5.89,0.0,0.0,0.9,-0.01,3.2,,,,,,,,,,,,,,,,,,,Old Dominion Monarchs -nan,0,PUSH,26,25,regular,2026-02-23T20:22:11.982352+00:00,2026-02-25T00:00:00+00:00,9b50b95a,22323323358,{},0,Sun Belt Conference,16,10,Sun Belt Conference,8,17,UNKNOWN,COLD,COLD,71.0,27.0,18.0,16.0,20.0,5.0,13.0,29.0,42.0,10.0,8.0,58.0,25.0,27.0,21.0,21.0,10.0,9.0,16.0,25.0,19.0,11.0,0,0,,0,,0.0,0.0,,False,,,,401808689,-3.15,Sun Belt Conference,,,,,,,,,,,,,,,,,,,,,,,,,,,,,,,,,,,,,,,,,,,,,,,,,,,,,0.34,0.6599999999999999,,,,,,,,,,,,3.2,2,5,2.7,-1,0,0.667,0.667,6.46,3.2,1,4,1.8,-1,0,0.333,0.5,9.97,-2.920833333333333,2.2275,3.7483333333333335,-2.195,0.030166666666666665,-0.11583333333333333,5.965,-2.0766666666666667,26.88,11.625,,,,1.0,0.0,0.0,1.0,model_implied,16,10,-0.03,0.03,0.01,0.03,-0.06,20260224,-3.15,144.2,0.188,STRONG,0.2,0.0,0.0,0.0,0.0,0.0,0.0,-2.89,,-3.2,144.2,0.4,-3.2,144.2,0.1,-3.2,144.2,0.1,-3.2,144.2,0.1,-3.2,144.2,0.1,-2.6,144.2,0.1,-3.2,144.2,0.1,-3.2,144.2,0.1,-3.2,-3.2,-3.2,-3.2,-3.2
401820767,2026-02-25T00:00Z,87,150,Notre Dame Fighting Irish,Duke Blue Devils,False,-3.15,136.0,147.8,67.2,66.2,1.0,69.6,66.4,0.43,0.0078,0.78,1.0,True,18.65,-7.46,7.66,0.0,0.0,-15.12,-0.01,3.2,,,,,,,,,,,,,15.5,139.5,18.65,-3.5,8.3,,Duke Blue Devils covers,0,UNDER,24,23,regular,2026-02-23T20:22:11.387210+00:00,2026-02-25T00:00:00+00:00,9b50b95a,22323323358,{},0,Atlantic Coast Conference,9,15,Atlantic Coast Conference,21,2,HIGH,COLD,COLD,65.0,26.0,14.0,7.0,38.0,9.0,16.0,22.0,38.0,8.0,14.0,55.0,25.0,17.0,12.0,19.0,6.0,13.0,28.0,41.0,11.0,17.0,0,0,,0,,0.0,0.0,Model disagrees with line by 18.6pts (home side),True,MODEL_EDGE,,,401820767,-3.15,Atlantic Coast Conference,,,,,,,,,,,,,,,,,,,,,,,,,,,,,,,,,,,,,,,,,,,,,,,,-17.5,,139.5,,,0.43,0.5700000000000001,17.0,16.5,,,False,False,,False,,0.5,False,3.2,1,3,1.5,-1,0,0.444,0.25,9.11,3.0,1,4,1.8,4,0,0.6,0.5,13.44,-3.230833333333333,2.236666666666667,-13.4425,20.093333333333334,-0.009583333333333333,0.10475000000000001,-2.225,21.766666666666666,16.719166666666666,15.946666666666667,-17.5,,-14.35,0.0,1.0,1.0,0.0,model_implied,9,15,-0.01,0.01,-0.0,-0.03,-0.03,20260224,-3.15,144.2,0.188,STRONG,0.2,0.0,0.0,1.0,1.0,18.65,4.7,-2.89,,-3.2,144.2,0.4,-3.2,144.2,0.1,-3.2,144.2,0.1,-3.2,144.2,0.1,-3.2,144.2,0.1,-2.6,144.2,0.1,-3.2,144.2,0.1,-3.2,144.2,0.1,-3.2,-3.2,-3.2,-3.2,-3.2
401827702,2026-02-25T00:00Z,197,277,Oklahoma State Cowboys,West Virginia Mountaineers,False,-3.15,122.6,147.8,67.2,70.6,1.0,62.9,59.7,0.43,0.0,0.0,1.0,False,0.65,-18.34,-9.25,0.0,0.0,-9.09,0.02,3.2,,,,,,,,,,,,,-2.5,141.5,0.65,-18.9,6.3,,West Virginia Mountaineers covers,0,UNDER,24,23,regular,2026-02-23T20:22:11.567912+00:00,2026-02-25T00:00:00+00:00,9b50b95a,22323323358,{},0,Big 12,13,11,Big 12,11,12,UNKNOWN,COLD,COLD,61.0,23.0,25.0,18.0,23.0,5.0,15.0,24.0,39.0,15.0,8.0,49.0,20.0,12.0,9.0,21.0,5.0,9.0,19.0,28.0,16.0,12.0,0,0,,0,,0.0,0.0,,False,,,,401827702,-3.15,Big 12,,,,,,,,,,,,,,,,,,,,,,,,,,,,,,,,,,,,,,,,,,,,,,,,,,141.5,,,0.43,0.5700000000000001,,,,,,,,,,,,3.1,2,4,2.4,-5,0,0.6,0.333,11.61,3.1,2,3,2.1,-2,0,0.5,0.667,5.95,-2.638333333333333,-1.2283333333333335,-14.7125,-13.249166666666667,0.09125,-0.02316666666666667,0.26333333333333325,1.8958333333333333,19.654999999999998,31.995833333333334,,,,1.0,0.0,0.0,1.0,model_implied,13,11,-0.01,0.02,0.02,0.06,0.05,20260224,-3.15,144.2,0.188,STRONG,0.2,0.0,0.0,0.0,0.0,0.65,2.7,-2.89,,-3.2,144.2,0.4,-3.2,144.2,0.1,-3.2,144.2,0.1,-3.2,144.2,0.1,-3.2,144.2,0.1,-2.6,144.2,0.1,-3.2,144.2,0.1,-3.2,144.2,0.1,-3.2,-3.2,-3.2,-3.2,-3.2
401808260,2026-02-25T00:00Z,2579,96,South Carolina Gamecocks,Kentucky Wildcats,False,-3.15,171.0,147.8,67.2,75.7,1.0,87.1,83.9,0.36,0.0045,0.45,1.0,False,8.65,10.57,-1.32,0.0,0.0,11.89,0.02,3.2,,,,,,,,,,,,,5.5,148.5,8.65,22.5,-0.7,,Kentucky Wildcats covers,0,OVER,24,23,regular,2026-02-23T20:22:12.085263+00:00,2026-02-25T00:00:00+00:00,9b50b95a,22323323358,{},0,Southeastern Conference,8,16,Southeastern Conference,15,8,LOW,COLD,COLD,56.0,31.0,27.0,23.0,24.0,12.0,4.0,28.0,32.0,6.0,20.0,65.0,27.0,17.0,14.0,23.0,6.0,17.0,21.0,38.0,14.0,14.0,0,0,,0,,0.0,0.0,Model disagrees with line by 8.7pts (home side),True,MODEL_EDGE,,,401808260,-3.15,Southeastern Conference,,,,,,,,,,,,,,,,,,,,,,,,,,,,,,,,,,,,,,,,,,,,,,,,,,148.5,,,0.36,0.64,,,,,,,,,,,,3.2,2,3,2.1,1,0,0.0,0.0,9.35,2.9,2,3,2.15,-3,0,0.571,0.75,9.06,-5.8175,-2.1966666666666668,-22.58666666666667,-1.2633333333333334,-0.10483333333333333,0.051833333333333335,-1.2291666666666667,3.567,27.9525,21.980833333333333,,,,0.0,1.0,1.0,0.0,model_implied,8,16,0.06,0.03,-0.09,0.01,0.07,20260224,-3.15,144.2,0.188,STRONG,0.2,0.0,0.0,1.0,1.0,8.65,4.3,-2.89,,-3.2,144.2,0.4,-3.2,144.2,0.1,-3.2,144.2,0.1,-3.2,144.2,0.1,-3.2,144.2,0.1,-2.6,144.2,0.1,-3.2,144.2,0.1,-3.2,144.2,0.1,-3.2,-3.2,-3.2,-3.2,-3.2
401827704,2026-02-25T00:00Z,2641,2132,Texas Tech Red Raiders,Cincinnati Bearcats,False,-3.15,183.9,147.8,67.2,71.8,1.0,93.5,90.4,0.43,0.0,0.0,1.0,True,2.35,38.82,22.39,0.0,0.0,16.43,0.01,3.2,,,,,,,,,,,,,-5.5,141.5,-2.35,42.4,6.3,,Cincinnati Bearcats covers,0,OVER,24,24,regular,2026-02-23T20:22:11.485150+00:00,2026-02-25T00:00:00+00:00,9b50b95a,22323323358,{},0,Big 12,18,6,Big 12,11,13,UNKNOWN,COLD,COLD,62.0,34.0,23.0,19.0,28.0,13.0,10.0,30.0,40.0,6.0,18.0,64.0,31.0,15.0,10.0,31.0,12.0,14.0,26.0,40.0,10.0,16.0,0,0,,0,,0.0,0.0,,False,,,,401827704,-3.15,Big 12,,,,,,,,,,,,,,,,,,,,,,,,,,,,,,,,,,,,,,,,,,,,,,,,-6.5,,141.5,,,0.43,0.5700000000000001,-6.5,-6.5,,,False,False,,False,,0.0,False,3.2,2,4,2.4,1,0,0.667,0.5,15.0,3.2,1,3,1.5,4,0,0.167,0.5,11.99,-0.6566666666666666,-2.4491666666666667,6.484999999999999,-8.389166666666666,0.09958333333333334,-0.1065,11.360833333333334,1.925,17.953333333333333,24.750833333333333,-6.5,,-3.35,1.0,0.0,0.0,1.0,model_implied,18,6,0.02,0.02,-0.02,0.01,0.04,20260224,-3.15,144.2,0.188,STRONG,0.2,0.0,0.0,0.0,0.0,2.35,2.7,-2.89,,-3.2,144.2,0.4,-3.2,144.2,0.1,-3.2,144.2,0.1,-3.2,144.2,0.1,-3.2,144.2,0.1,-2.6,144.2,0.1,-3.2,144.2,0.1,-3.2,144.2,0.1,-3.2,-3.2,-3.2,-3.2,-3.2
401814584,2026-02-25T00:00Z,2649,2459,Toledo Rockets,Northern Illinois Huskies,False,-3.15,159.1,147.8,67.2,70.1,1.0,81.1,78.0,0.43,0.0,0.0,1.0,False,0.0,25.94,-11.94,0.0,0.0,37.88,0.02,3.2,,,,,,,,,,,,,,,,,,,Northern Illinois Huskies -nan,0,PUSH,24,23,regular,2026-02-23T20:22:11.766578+00:00,2026-02-25T00:00:00+00:00,9b50b95a,22323323358,{},0,Mid-American Conference,13,11,Mid-American Conference,7,16,LOW,COLD,COLD,55.0,37.0,22.0,14.0,15.0,6.0,4.0,25.0,29.0,9.0,19.0,52.0,26.0,12.0,6.0,17.0,8.0,7.0,23.0,30.0,14.0,16.0,0,0,,0,,0.0,0.0,,False,,,,401814584,-3.15,Mid-American Conference,,,,,,,,,,,,,,,,,,,,,,,,,,,,,,,,,,,,,,,,,,,,,,,,,,,,,0.43,0.5700000000000001,,,,,,,,,,,,3.1,1,3,1.5,1,0,0.333,0.2,10.49,3.2,1,4,1.8,-1,0,0.5,0.6,16.09,1.4750000000000003,0.21749999999999994,-1.7766666666666666,-12.375833333333333,-0.025333333333333333,-0.042166666666666665,6.378333333333333,-10.2725,19.5525,24.885833333333334,,,,0.0,1.0,1.0,0.0,model_implied,13,11,0.05,0.03,-0.02,0.0,0.05,20260224,-3.15,144.2,0.188,STRONG,0.2,0.0,0.0,0.0,0.0,0.0,0.0,-2.89,,-3.2,144.2,0.4,-3.2,144.2,0.1,-3.2,144.2,0.1,-3.2,144.2,0.1,-3.2,144.2,0.1,-2.6,144.2,0.1,-3.2,144.2,0.1,-3.2,144.2,0.1,-3.2,-3.2,-3.2,-3.2,-3.2
401808691,2026-02-25T00:00Z,2653,309,Troy Trojans,Louisiana Ragin' Cajuns,False,-3.15,120.9,147.8,67.2,63.0,1.0,62.0,58.9,0.43,0.0,0.0,1.0,False,0.0,-17.6,20.5,0.0,0.0,-38.1,-0.01,3.2,,,,,,,,,,,,,,,,,,,Louisiana Ragin' Cajuns -nan,0,PUSH,24,25,regular,2026-02-23T20:22:11.913383+00:00,2026-02-25T00:00:00+00:00,9b50b95a,22323323358,{},0,Sun Belt Conference,15,9,Sun Belt Conference,9,16,UNKNOWN,COLD,COLD,53.0,13.0,23.0,18.0,42.0,10.0,15.0,24.0,39.0,9.0,7.0,45.0,22.0,19.0,14.0,13.0,9.0,8.0,20.0,28.0,13.0,9.0,0,0,,0,,0.0,0.0,,False,,,,401808691,-3.15,Sun Belt Conference,,,,,,,,,,,,,,,,,,,,,,,,,,,,,,,,,,,,,,,,,,,,,,,,,,,,,0.43,0.5700000000000001,,,,,,,,,,,,3.1,2,4,2.4,-1,0,0.5,0.667,8.13,3.2,2,4,2.4,1,0,0.5,0.75,10.78,-3.475,3.5741666666666667,6.340833333333333,-4.6475,0.017916666666666668,-0.0265,10.074166666666667,-9.8225,22.741666666666664,17.003333333333334,,,,1.0,0.0,0.0,1.0,model_implied,15,9,-0.07,0.02,0.02,0.04,0.0,20260224,-3.15,144.2,0.188,STRONG,0.2,0.0,0.0,0.0,0.0,0.0,0.0,-2.89,,-3.2,144.2,0.4,-3.2,144.2,0.1,-3.2,144.2,0.1,-3.2,144.2,0.1,-3.2,144.2,0.1,-2.6,144.2,0.1,-3.2,144.2,0.1,-3.2,144.2,0.1,-3.2,-3.2,-3.2,-3.2,-3.2
401808688,2026-02-25T00:30Z,2247,324,Georgia State Panthers,Coastal Carolina Chanticleers,False,-3.15,143.7,147.8,67.2,75.1,1.0,73.4,70.3,0.43,0.0,0.0,1.0,False,0.0,-21.39,4.99,0.0,0.0,-26.38,-0.03,3.2,,,,,,,,,,,,,,,,,,,Coastal Carolina Chanticleers -nan,0,PUSH,25,26,regular,2026-02-23T20:22:12.225286+00:00,2026-02-25T00:30:00+00:00,9b50b95a,22323323358,{},0,Sun Belt Conference,9,16,Sun Belt Conference,16,10,UNKNOWN,COLD,COLD,54.0,22.0,18.0,15.0,16.0,6.0,6.0,14.0,20.0,12.0,9.0,61.0,24.0,34.0,24.0,23.0,7.0,16.0,31.0,47.0,13.0,7.0,0,0,,0,,0.0,0.0,,False,,,,401808688,-3.15,Sun Belt Conference,,,,,,,,,,,,,,,,,,,,,,,,,,,,,,,,,,,,,,,,,,,,,,,,,,,,,0.43,0.5700000000000001,,,,,,,,,,,,3.1,2,4,2.4,-1,0,0.375,0.4,9.58,3.3,2,3,2.1,1,0,0.667,0.667,3.35,0.5783333333333333,2.6491666666666664,1.1316666666666666,2.1841666666666666,-0.015166666666666667,0.079,-0.7433333333333335,-3.6799999999999997,19.508333333333333,13.060833333333333,,,,0.0,1.0,1.0,0.0,model_implied,9,16,0.0,-0.0,-0.05,-0.06,-0.07,20260224,-3.15,144.2,0.188,STRONG,0.2,0.0,0.0,0.0,0.0,0.0,0.0,-2.89,,-3.2,144.2,0.4,-3.2,144.2,0.1,-3.2,144.2,0.1,-3.2,144.2,0.1,-3.2,144.2,0.1,-2.6,144.2,0.1,-3.2,144.2,0.1,-3.2,144.2,0.1,-3.2,-3.2,-3.2,-3.2,-3.2
401806502,2026-02-25T00:30Z,2413,88,Morehead State Eagles,Southern Indiana Screaming Eagles,False,-3.15,151.4,147.8,67.2,68.2,1.0,77.3,74.1,0.43,0.0,0.0,1.0,False,0.0,33.1,2.86,0.0,0.0,30.24,0.03,3.2,,,,,,,,,,,,,,,,,,,Southern Indiana Screaming Eagles -nan,0,PUSH,26,26,regular,2026-02-23T20:22:12.307215+00:00,2026-02-25T00:30:00+00:00,9b50b95a,22323323358,{},0,Ohio Valley Conference,16,10,Ohio Valley Conference,6,20,LOW,COLD,COLD,58.0,30.0,25.0,16.0,17.0,5.0,14.0,20.0,34.0,9.0,15.0,51.0,21.0,23.0,19.0,17.0,9.0,9.0,22.0,31.0,13.0,15.0,1,0,,0,,0.0,0.0,,False,,,,401806502,-3.15,Ohio Valley Conference,,,,,,,,,,,,,,,,,,,,,,,,,,,,,,,,,,,,,,,,,,,,,,,,,,,,,0.43,0.5700000000000001,,,,,,,,,,,,3.1,2,4,2.4,5,0,0.727,0.8,6.62,3.1,2,4,2.4,2,0,0.167,0.5,11.05,0.40499999999999997,-1.7566666666666668,1.3025,-13.2525,0.07675,-0.14275000000000002,5.571666666666666,-6.045833333333333,14.737499999999999,21.515833333333333,,,,0.0,1.0,1.0,0.0,model_implied,16,10,0.02,0.02,0.06,0.08,-0.01,20260224,-3.15,144.2,0.188,STRONG,0.2,0.0,0.0,0.0,0.0,0.0,0.0,-2.89,,-3.2,144.2,0.4,-3.2,144.2,0.1,-3.2,144.2,0.1,-3.2,144.2,0.1,-3.2,144.2,0.1,-2.6,144.2,0.1,-3.2,144.2,0.1,-3.2,144.2,0.1,-3.2,-3.2,-3.2,-3.2,-3.2
401822958,2026-02-25T00:30Z,2507,2752,Providence Friars,Xavier Musketeers,False,,146.0,147.8,67.2,71.0,1.0,,,0.39,0.0044,0.44,1.0,False,5.5,4.2,-7.08,0.0,0.0,11.28,0.01,3.2,,,,,,,,,,,,,-5.5,174.5,,-28.5,-26.7,,Xavier Musketeers covers,0,UNDER,23,23,regular,2026-02-23T20:22:12.157935+00:00,2026-02-25T00:30:00+00:00,9b50b95a,22323323358,{},0,Big East,10,13,Big East,10,13,HIGH,COLD,COLD,49.0,25.0,21.0,13.0,16.0,8.0,11.0,30.0,41.0,18.0,15.0,63.0,28.0,11.0,9.0,32.0,10.0,8.0,24.0,32.0,7.0,13.0,1,0,,0,,0.0,0.0,Model disagrees with line by 5.5pts (away side),True,MODEL_EDGE,,,401822958,,Big East,,,,,,,,,,,,,,,,,,,,,,,,,,,,,,,,,,,,,,,,,,,,,,,,,,174.5,,,0.61,0.39,,,,,,,,,,,,4.0,1,3,1.5,1,0,0.286,0.5,10.42,4.2,1,3,1.5,-2,0,0.3,0.167,13.22,-2.5725000000000002,-4.921666666666667,-6.5008333333333335,-11.181666666666667,-0.09058333333333334,-0.025666666666666667,2.5483333333333333,-2.6233333333333335,13.634166666666667,22.71166666666667,,,,1.0,0.0,0.0,1.0,model_implied,10,13,0.02,-0.05,0.05,-0.03,0.08,20260224,,,,,,,,,,,,,,,,,,,,,,,,,,,,,,,,,,,,,,,,,,
401830222,2026-02-25T01:00Z,82,71,UIC Flames,Bradley Braves,False,-3.15,141.1,147.8,67.2,67.7,1.0,72.1,69.0,0.43,0.0,0.0,1.0,False,0.0,-5.85,20.9,0.0,0.0,-26.75,-0.01,3.2,,,,,,,,,,,,,,,,,,,Bradley Braves -nan,0,PUSH,26,26,regular,2026-02-23T20:22:12.374221+00:00,2026-02-25T01:00:00+00:00,9b50b95a,22323323358,{},0,Missouri Valley Conference,14,12,Missouri Valley Conference,18,8,LOW,COLD,COLD,56.0,26.0,18.0,11.0,17.0,4.0,12.0,22.0,34.0,12.0,9.0,59.0,30.0,16.0,11.0,18.0,3.0,10.0,23.0,33.0,6.0,12.0,0,0,,0,,0.0,0.0,,False,,,,401830222,-3.15,Missouri Valley Conference,,,,,,,,,,,,,,,,,,,,,,,,,,,,,,,,,,,,,,,,,,,,,,,,,,,,,0.43,0.5700000000000001,,,,,,,,,,,,3.2,2,4,2.4,-1,0,0.429,0.667,17.2,3.0,2,3,2.1,1,0,1.0,,10.57,1.7675,-1.75,7.4383333333333335,-4.116666666666666,-0.04699999999999999,0.10683333333333334,4.851666666666667,1.7708333333333337,19.190833333333334,23.145,,,,1.0,0.0,0.0,1.0,model_implied,14,12,-0.01,-0.03,0.01,-0.04,0.02,20260224,-3.15,144.2,0.188,STRONG,0.2,0.0,0.0,0.0,0.0,0.0,0.0,-2.89,,-3.2,144.2,0.4,-3.2,144.2,0.1,-3.2,144.2,0.1,-3.2,144.2,0.1,-3.2,144.2,0.1,-2.6,144.2,0.1,-3.2,144.2,0.1,-3.2,144.2,0.1,-3.2,-3.2,-3.2,-3.2,-3.2
401808690,2026-02-25T01:30Z,2032,2572,Arkansas State Red Wolves,Southern Miss Golden Eagles,False,-3.15,188.3,147.8,67.2,83.4,1.0,95.7,92.6,0.36,0.0,0.0,1.0,False,0.0,9.77,5.89,0.0,0.0,3.88,-0.0,3.2,,,,,,,,,,,,,,,,,,,Southern Miss Golden Eagles -nan,0,PUSH,26,25,regular,2026-02-23T20:22:12.523834+00:00,2026-02-25T01:30:00+00:00,9b50b95a,22323323358,{},0,Sun Belt Conference,16,10,Sun Belt Conference,13,12,UNKNOWN,COLD,COLD,63.0,31.0,31.0,26.0,33.0,14.0,12.0,20.0,32.0,12.0,18.0,55.0,30.0,30.0,20.0,12.0,6.0,14.0,25.0,39.0,26.0,11.0,0,0,,0,,0.0,0.0,,False,,,,401808690,-3.15,Sun Belt Conference,,,,,,,,,,,,,,,,,,,,,,,,,,,,,,,,,,,,,,,,,,,,,,,,,,,,,0.36,0.64,,,,,,,,,,,,3.2,2,4,2.4,2,0,0.333,0.25,15.3,3.2,1,3,1.5,2,0,0.6,0.75,4.34,-0.47249999999999986,2.56,4.451666666666667,-8.434166666666668,-0.009833333333333333,0.0335,7.089166666666666,-1.8716666666666668,24.146666666666665,18.7,,,,0.0,1.0,1.0,0.0,model_implied,16,10,0.0,0.05,-0.03,-0.04,-0.02,20260224,-3.15,144.2,0.188,STRONG,0.2,0.0,0.0,0.0,0.0,0.0,0.0,-2.89,,-3.2,144.2,0.4,-3.2,144.2,0.1,-3.2,144.2,0.1,-3.2,144.2,0.1,-3.2,144.2,0.1,-2.6,144.2,0.1,-3.2,144.2,0.1,-3.2,144.2,0.1,-3.2,-3.2,-3.2,-3.2,-3.2
401825537,2026-02-25T01:30Z,130,135,Michigan Wolverines,Minnesota Golden Gophers,False,-3.15,143.9,147.8,67.2,62.8,1.0,73.5,70.4,0.43,0.0078,0.78,1.0,True,19.35,-7.66,31.47,0.0,0.0,-39.13,-0.02,3.2,,,,,,,,,,,,,-22.5,144.5,-19.35,-0.6,3.3,,Minnesota Golden Gophers covers,0,PUSH,25,23,regular,2026-02-23T20:22:12.441248+00:00,2026-02-25T01:30:00+00:00,9b50b95a,22323323358,{},0,Big Ten,23,2,Big Ten,9,14,HIGH,COLD,COLD,55.0,22.0,18.0,13.0,25.0,6.0,8.0,20.0,28.0,7.0,15.0,50.0,30.0,7.0,5.0,26.0,15.0,5.0,26.0,31.0,10.0,23.0,0,0,,0,,0.0,0.0,Model disagrees with line by 19.4pts (away side),True,MODEL_EDGE,,,401825537,-3.15,Big Ten,,,,,,,,,,,,,,,,,,,,,,,,,,,,,,,,,,,,,,,,,,,,,,,,-21.5,,144.5,,,0.43,0.5700000000000001,-21.5,-21.5,,,False,False,,False,,0.0,False,3.1,1,4,1.8,-1,0,0.5,0.5,11.65,3.4,2,3,2.1,2,0,0.25,0.25,12.09,-3.8941666666666666,-1.7725000000000002,17.13416666666667,-6.411666666666666,0.059166666666666666,-0.074,26.597499999999997,-3.366666666666667,19.535,20.467499999999998,-21.5,,-18.35,0.0,1.0,1.0,0.0,model_implied,23,2,-0.09,0.02,-0.0,-0.06,0.06,20260224,-3.15,144.2,0.188,STRONG,0.2,0.0,0.0,1.0,0.0,19.35,0.3,-2.89,,-3.2,144.2,0.4,-3.2,144.2,0.1,-3.2,144.2,0.1,-3.2,144.2,0.1,-3.2,144.2,0.1,-2.6,144.2,0.1,-3.2,144.2,0.1,-3.2,144.2,0.1,-3.2,-3.2,-3.2,-3.2,-3.2
401820573,2026-02-25T02:00Z,2005,23,Air Force Falcons,San José State Spartans,False,-3.15,135.1,147.8,67.2,69.9,1.0,69.1,66.0,0.43,0.0,0.0,1.0,False,0.0,-35.0,-21.95,0.0,0.0,-13.05,0.0,3.2,,,,,,,,,,,,,,,,,,,San José State Spartans -nan,0,PUSH,24,24,regular,2026-02-23T20:22:13.105349+00:00,2026-02-25T02:00:00+00:00,9b50b95a,22323323358,{},0,Mountain West,3,21,Mountain West,7,17,UNKNOWN,COLD,COLD,63.0,25.0,10.0,8.0,22.0,8.0,12.0,23.0,35.0,15.0,14.0,67.0,29.0,7.0,7.0,23.0,4.0,10.0,17.0,27.0,6.0,6.0,0,0,,0,,0.0,0.0,,False,,,,401820573,-3.15,Mountain West,,,,,,,,,,,,,,,,,,,,,,,,,,,,,,,,,,,,,,,,,,,,,,,,,,,,,0.43,0.5700000000000001,,,,,,,,,,,,3.2,2,4,2.4,-20,0,,,7.06,3.2,2,4,2.4,-1,0,,,11.41,-3.314166666666667,-1.5116666666666667,-43.26416666666666,-24.7825,-0.013166666666666667,-0.03816666666666667,-27.623333333333335,-14.667499999999999,18.746666666666666,20.05666666666667,,,,1.0,0.0,0.0,1.0,model_implied,3,21,-0.0,-0.04,0.01,0.04,0.02,20260224,-3.15,144.2,0.188,STRONG,0.2,0.0,0.0,0.0,0.0,0.0,0.0,-2.89,,-3.2,144.2,0.4,-3.2,144.2,0.1,-3.2,144.2,0.1,-3.2,144.2,0.1,-3.2,144.2,0.1,-2.6,144.2,0.1,-3.2,144.2,0.1,-3.2,144.2,0.1,-3.2,-3.2,-3.2,-3.2,-3.2
401827700,2026-02-25T02:00Z,239,12,Baylor Bears,Arizona Wildcats,False,-3.15,146.0,147.8,67.2,68.2,1.0,74.6,71.4,0.43,0.0078,0.78,1.0,True,14.65,7.39,10.19,0.0,0.0,-2.8,-0.01,3.2,,,,,,,,,,,,,11.5,151.5,14.65,-5.5,-3.7,,Arizona Wildcats covers,0,UNDER,25,24,regular,2026-02-23T20:22:12.591000+00:00,2026-02-25T02:00:00+00:00,9b50b95a,22323323358,{},0,Big 12,11,14,Big 12,22,2,UNKNOWN,COLD,COLD,51.0,29.0,13.0,6.0,21.0,9.0,5.0,21.0,26.0,13.0,16.0,56.0,25.0,31.0,20.0,12.0,3.0,12.0,25.0,37.0,5.0,10.0,0,0,,0,,0.0,0.0,Model disagrees with line by 14.7pts (home side),True,MODEL_EDGE,,,401827700,-3.15,Big 12,,,,,,,,,,,,,,,,,,,,,,,,,,,,,,,,,,,,,,,,,,,,,,,,-8.5,,151.5,,,0.43,0.5700000000000001,8.5,8.5,,,False,False,,False,,0.0,False,3.2,2,3,2.1,1,0,0.333,0.333,7.16,3.2,2,3,2.1,2,0,0.5,0.333,14.86,-3.516666666666667,-3.9491666666666667,-12.615833333333333,18.481666666666666,-0.03758333333333334,0.07841666666666668,9.678333333333333,26.8425,30.668333333333333,16.4425,-8.5,,-5.35,1.0,0.0,0.0,1.0,model_implied,11,14,0.06,-0.04,-0.04,0.01,-0.09,20260224,-3.15,144.2,0.188,STRONG,0.2,0.0,0.0,1.0,1.0,14.65,7.3,-2.89,,-3.2,144.2,0.4,-3.2,144.2,0.1,-3.2,144.2,0.1,-3.2,144.2,0.1,-3.2,144.2,0.1,-2.6,144.2,0.1,-3.2,144.2,0.1,-3.2,144.2,0.1,-3.2,-3.2,-3.2,-3.2,-3.2
401823832,2026-02-25T02:00Z,68,2751,Boise State Broncos,Wyoming Cowboys,False,-3.15,154.3,147.8,67.2,69.7,1.0,78.7,75.6,0.43,0.0,0.0,1.0,False,0.0,21.95,7.03,0.0,0.0,14.92,0.01,3.2,,,,,,,,,,,,,,,,,,,Wyoming Cowboys -nan,0,PUSH,23,24,regular,2026-02-23T20:22:12.955394+00:00,2026-02-25T02:00:00+00:00,9b50b95a,22323323358,{},0,Mountain West,13,10,Mountain West,11,13,UNKNOWN,COLD,COLD,55.0,30.0,17.0,15.0,24.0,9.0,6.0,27.0,33.0,8.0,15.0,60.0,24.0,19.0,14.0,30.0,8.0,12.0,26.0,38.0,10.0,13.0,0,0,,0,,0.0,0.0,,False,,,,401823832,-3.15,Mountain West,,,,,,,,,,,,,,,,,,,,,,,,,,,,,,,,,,,,,,,,,,,,,,,,,,,,,0.43,0.5700000000000001,,,,,,,,,,,,3.2,2,3,2.1,1,0,0.429,0.667,11.06,3.0,1,3,1.5,2,0,0.4,0.5,8.01,-0.29416666666666647,-5.709166666666666,-2.9924999999999997,-12.638333333333334,-0.010833333333333334,-0.03941666666666666,4.5525,3.6133333333333333,29.00916666666667,25.55,,,,1.0,0.0,0.0,1.0,model_implied,13,10,0.05,0.01,-0.02,0.0,-0.0,20260224,-3.15,144.2,0.188,STRONG,0.2,0.0,0.0,0.0,0.0,0.0,0.0,-2.89,,-3.2,144.2,0.4,-3.2,144.2,0.1,-3.2,144.2,0.1,-3.2,144.2,0.1,-3.2,144.2,0.1,-2.6,144.2,0.1,-3.2,144.2,0.1,-3.2,144.2,0.1,-3.2,-3.2,-3.2,-3.2,-3.2
401828935,2026-02-25T02:00Z,36,278,Colorado State Rams,Fresno State Bulldogs,False,-3.15,161.0,147.8,67.2,71.0,1.0,82.1,78.9,0.4,0.0,0.0,1.0,False,0.0,12.58,-2.84,0.0,0.0,15.42,0.01,3.2,,,,,,,,,,,,,,,,,,,Fresno State Bulldogs -nan,0,PUSH,24,22,regular,2026-02-23T20:22:12.806404+00:00,2026-02-25T02:00:00+00:00,9b50b95a,22323323358,{},0,Mountain West,14,10,Mountain West,8,14,UNKNOWN,COLD,COLD,49.0,23.0,29.0,24.0,31.0,13.0,9.0,24.0,33.0,13.0,16.0,63.0,33.0,9.0,5.0,23.0,7.0,11.0,22.0,33.0,11.0,14.0,0,0,,0,,0.0,0.0,,False,,,,401828935,-3.15,Mountain West,,,,,,,,,,,,,,,,,,,,,,,,,,,,,,,,,,,,,,,,,,,,,,,,,,,,,0.4,0.6,,,,,,,,,,,,3.1,2,4,2.4,5,0,0.4,0.5,4.0,3.0,1,4,1.8,-2,0,0.333,0.667,15.92,-2.981666666666667,0.5241666666666669,-6.013333333333333,-5.8,-0.028999999999999998,-0.06683333333333334,0.9316666666666666,-1.6241666666666668,30.1125,18.925,,,,0.0,1.0,1.0,0.0,model_implied,14,10,0.01,-0.01,-0.01,-0.04,0.13,20260224,-3.15,144.2,0.188,STRONG,0.2,0.0,0.0,0.0,0.0,0.0,0.0,-2.89,,-3.2,144.2,0.4,-3.2,144.2,0.1,-3.2,144.2,0.1,-3.2,144.2,0.1,-3.2,144.2,0.1,-2.6,144.2,0.1,-3.2,144.2,0.1,-3.2,144.2,0.1,-3.2,-3.2,-3.2,-3.2,-3.2
401820766,2026-02-25T02:00Z,52,2390,Florida State Seminoles,Miami Hurricanes,False,-3.15,152.7,147.8,67.2,64.9,1.0,77.9,74.8,0.43,0.0066,0.66,1.0,False,5.65,8.02,-4.45,0.0,0.0,12.47,-0.01,3.2,,,,,,,,,,,,,2.5,160.5,5.65,-7.8,-12.7,,Miami Hurricanes covers,0,UNDER,24,24,regular,2026-02-23T20:22:13.022573+00:00,2026-02-25T02:00:00+00:00,9b50b95a,22323323358,{},0,Atlantic Coast Conference,11,13,Atlantic Coast Conference,19,5,HIGH,COLD,COLD,46.0,23.0,16.0,14.0,24.0,10.0,5.0,23.0,28.0,10.0,9.0,61.0,29.0,17.0,16.0,18.0,9.0,12.0,18.0,30.0,9.0,16.0,0,0,,0,,0.0,0.0,Model disagrees with line by 5.7pts (home side),True,MODEL_EDGE,,,401820766,-3.15,Atlantic Coast Conference,,,,,,,,,,,,,,,,,,,,,,,,,,,,,,,,,,,,,,,,,,,,,,,,,,160.5,,,0.43,0.5700000000000001,,,,,,,,,,,,3.4,1,3,1.5,3,0,0.5,0.571,8.68,3.3,1,3,1.5,-1,0,0.5,0.4,4.21,5.758333333333333,-2.905,-6.802499999999999,6.251666666666666,-0.05833333333333334,0.07033333333333333,-8.51,15.4,26.8125,14.516666666666666,,,,0.0,1.0,1.0,0.0,model_implied,11,13,0.02,-0.01,-0.05,-0.04,0.02,20260224,-3.15,144.2,0.188,STRONG,0.2,0.0,0.0,1.0,1.0,5.65,16.3,-2.89,,-3.2,144.2,0.4,-3.2,144.2,0.1,-3.2,144.2,0.1,-3.2,144.2,0.1,-3.2,144.2,0.1,-2.6,144.2,0.1,-3.2,144.2,0.1,-3.2,144.2,0.1,-3.2,-3.2,-3.2,-3.2,-3.2
401808257,2026-02-25T02:00Z,142,2633,Missouri Tigers,Tennessee Volunteers,False,-3.15,154.6,147.8,67.2,69.1,1.0,78.9,75.7,0.43,0.0078,0.78,1.0,True,6.65,-11.21,5.98,0.0,0.0,-17.19,0.0,3.2,,,,,,,,,,,,,3.5,143.5,6.65,11.1,4.3,,Tennessee Volunteers covers,0,OVER,23,24,regular,2026-02-23T20:22:12.739003+00:00,2026-02-25T02:00:00+00:00,9b50b95a,22323323358,{},0,Southeastern Conference,14,9,Southeastern Conference,16,8,LOW,COLD,COLD,56.0,31.0,23.0,17.0,21.0,7.0,7.0,19.0,26.0,10.0,18.0,58.0,25.0,21.0,15.0,12.0,4.0,14.0,25.0,39.0,9.0,8.0,0,0,,0,,0.0,0.0,Model disagrees with line by 6.7pts (home side),True,MODEL_EDGE,,,401808257,-3.15,Southeastern Conference,,,,,,,,,,,,,,,,,,,,,,,,,,,,,,,,,,,,,,,,,,,,,,,,-2.5,,143.5,,,0.43,0.5700000000000001,3.5,2.5,,,False,False,,False,,1.0,False,3.2,2,4,2.4,-1,0,0.75,0.8,11.94,3.3,2,4,2.4,4,0,0.5,0.5,8.55,-0.19916666666666658,1.5508333333333333,-8.548333333333334,2.0325,0.044333333333333336,0.003833333333333334,3.861666666666667,8.974166666666667,24.735833333333332,25.770833333333332,-2.5,,0.65,1.0,0.0,0.0,1.0,model_implied,14,9,0.05,-0.0,-0.04,-0.04,0.01,20260224,-3.15,144.2,0.188,STRONG,0.2,0.0,0.0,1.0,0.0,6.65,0.7,-2.89,,-3.2,144.2,0.4,-3.2,144.2,0.1,-3.2,144.2,0.1,-3.2,144.2,0.1,-3.2,144.2,0.1,-2.6,144.2,0.1,-3.2,144.2,0.1,-3.2,144.2,0.1,-3.2,-3.2,-3.2,-3.2,-3.2
401808262,2026-02-25T02:00Z,201,2,Oklahoma Sooners,Auburn Tigers,False,-3.15,146.2,147.8,67.2,71.7,1.0,74.7,71.5,0.43,0.0032,0.32,1.0,False,4.65,-5.91,1.32,0.0,0.0,-7.23,0.01,3.2,,,,,,,,,,,,,1.5,162.5,4.65,-16.3,-14.7,,Auburn Tigers covers,0,UNDER,24,24,regular,2026-02-23T20:22:13.172588+00:00,2026-02-25T02:00:00+00:00,9b50b95a,22323323358,{},0,Southeastern Conference,12,12,Southeastern Conference,12,12,LOW,COLD,COLD,61.0,20.0,24.0,20.0,30.0,11.0,18.0,26.0,44.0,8.0,11.0,62.0,25.0,24.0,20.0,19.0,5.0,13.0,20.0,33.0,11.0,12.0,0,0,,0,,0.0,0.0,Model disagrees with line by 4.7pts (home side),True,MODEL_EDGE,,,401808262,-3.15,Southeastern Conference,,,,,,,,,,,,,,,,,,,,,,,,,,,,,,,,,,,,,,,,,,,,,,,,,,162.5,,,0.43,0.5700000000000001,,,,,,,,,,,,3.0,2,3,2.1,-2,0,0.333,0.2,13.59,3.0,2,3,2.1,1,0,0.4,0.667,4.6,-3.26,2.419166666666667,-10.670833333333334,-3.6125000000000003,-0.0255,-0.0025833333333333333,12.041666666666666,-0.13583333333333383,24.555833333333336,22.856666666666666,,,,1.0,0.0,0.0,1.0,model_implied,12,12,-0.01,0.01,0.01,0.03,0.0,20260224,-3.15,144.2,0.188,STRONG,0.2,0.0,0.0,1.0,1.0,4.65,18.3,-2.89,,-3.2,144.2,0.4,-3.2,144.2,0.1,-3.2,144.2,0.1,-3.2,144.2,0.1,-3.2,144.2,0.1,-2.6,144.2,0.1,-3.2,144.2,0.1,-3.2,144.2,0.1,-3.2,-3.2,-3.2,-3.2,-3.2
401827703,2026-02-25T02:00Z,2628,9,TCU Horned Frogs,Arizona State Sun Devils,False,-3.15,127.9,147.8,67.2,66.3,1.0,65.5,62.4,0.43,0.0,0.0,1.0,False,3.35,9.25,-7.39,0.0,0.0,16.64,0.01,3.2,,,,,,,,,,,,,-6.5,149.5,-3.35,-21.6,-1.7,,Arizona State Sun Devils covers,0,UNDER,24,24,regular,2026-02-23T20:22:12.888139+00:00,2026-02-25T02:00:00+00:00,9b50b95a,22323323358,{},0,Big 12,16,8,Big 12,11,13,UNKNOWN,COLD,COLD,53.0,18.0,27.0,18.0,16.0,6.0,19.0,20.0,39.0,12.0,13.0,56.0,25.0,16.0,12.0,20.0,6.0,9.0,21.0,30.0,11.0,11.0,0,0,,0,,0.0,0.0,Model disagrees with line by 3.4pts (away side),True,MODEL_EDGE,,,401827703,-3.15,Big 12,,,,,,,,,,,,,,,,,,,,,,,,,,,,,,,,,,,,,,,,,,,,,,,,,,149.5,,,0.43,0.5700000000000001,,,,,,,,,,,,3.2,1,4,1.8,1,0,0.625,0.75,6.47,3.2,2,3,2.1,-1,0,0.571,0.333,6.97,-3.4066666666666667,-2.1108333333333333,-7.335833333333333,-16.8025,0.020666666666666667,0.02825,8.314166666666667,-4.390833333333333,21.63083333333333,20.4275,,,,1.0,0.0,0.0,1.0,model_implied,16,8,-0.03,-0.01,0.06,-0.04,0.07,20260224,-3.15,144.2,0.188,STRONG,0.2,0.0,0.0,1.0,1.0,3.35,5.3,-2.89,,-3.2,144.2,0.4,-3.2,144.2,0.1,-3.2,144.2,0.1,-3.2,144.2,0.1,-3.2,144.2,0.1,-2.6,144.2,0.1,-3.2,144.2,0.1,-3.2,144.2,0.1,-3.2,-3.2,-3.2,-3.2,-3.2
401827705,2026-02-25T02:00Z,254,66,Utah Utes,Iowa State Cyclones,False,-3.15,140.2,147.8,67.2,67.4,1.0,71.7,68.5,0.43,0.0078,0.78,1.0,True,14.65,-3.07,-14.34,0.0,0.0,11.27,0.0,3.2,,,,,,,,,,,,,11.5,147.5,14.65,-7.3,0.3,,Iowa State Cyclones covers,0,UNDER,23,24,regular,2026-02-23T20:22:12.672187+00:00,2026-02-25T02:00:00+00:00,9b50b95a,22323323358,{},0,Big 12,5,18,Big 12,20,4,UNKNOWN,COLD,COLD,57.0,28.0,7.0,7.0,23.0,8.0,9.0,20.0,29.0,11.0,18.0,54.0,23.0,19.0,15.0,24.0,8.0,6.0,22.0,28.0,10.0,13.0,0,0,,0,,0.0,0.0,Model disagrees with line by 14.7pts (home side),True,MODEL_EDGE,,,401827705,-3.15,Big 12,,,,,,,,,,,,,,,,,,,,,,,,,,,,,,,,,,,,,,,,,,,,,,,,-14.5,,147.5,,,0.43,0.5700000000000001,14.5,14.5,,,False,False,,False,,0.0,False,3.0,2,4,2.4,-1,0,0.429,0.4,6.92,2.9,1,4,1.85,-1,0,1.0,1.0,9.81,-1.6141666666666667,-0.5325000000000002,-18.011666666666667,13.67,-0.07958333333333333,0.07391666666666667,-7.6308333333333325,19.1675,13.390833333333333,26.4725,-14.5,,-11.35,0.0,1.0,1.0,0.0,model_implied,5,18,0.02,-0.01,0.04,0.02,-0.07,20260224,-3.15,144.2,0.188,STRONG,0.2,0.0,0.0,1.0,0.0,14.65,3.3,-2.89,,-3.2,144.2,0.4,-3.2,144.2,0.1,-3.2,144.2,0.1,-3.2,144.2,0.1,-3.2,144.2,0.1,-2.6,144.2,0.1,-3.2,144.2,0.1,-3.2,144.2,0.1,-3.2,-3.2,-3.2,-3.2,-3.2
401827701,2026-02-25T04:00Z,252,2116,BYU Cougars,UCF Knights,False,-3.15,152.0,147.8,67.2,67.4,1.0,77.6,74.4,0.43,0.0078,0.78,1.0,True,6.35,14.34,3.07,0.0,0.0,11.27,0.02,3.2,,,,,,,,,,,,,-9.5,167.5,-6.35,-15.5,-19.7,,UCF Knights covers,0,UNDER,24,22,regular,2026-02-23T20:22:13.239892+00:00,2026-02-25T04:00:00+00:00,9b50b95a,22323323358,{},0,Big 12,17,7,Big 12,16,6,UNKNOWN,COLD,COLD,58.0,29.0,20.0,14.0,25.0,7.0,12.0,27.0,39.0,11.0,13.0,57.0,30.0,9.0,6.0,16.0,7.0,8.0,20.0,28.0,9.0,15.0,0,0,,0,,0.0,0.0,Model disagrees with line by 6.3pts (away side),True,MODEL_EDGE,,,401827701,-3.15,Big 12,,,,,,,,,,,,,,,,,,,,,,,,,,,,,,,,,,,,,,,,,,,,,,,,-12.5,,167.5,,,0.43,0.5700000000000001,-12.5,-12.5,,,False,False,,False,,0.0,False,3.0,2,3,2.1,1,0,0.833,0.667,7.88,3.1,1,3,1.5,2,0,1.0,1.0,13.12,-8.675833333333333,-7.065833333333334,-0.2833333333333335,-11.023333333333333,0.08483333333333333,0.12325000000000001,17.840833333333332,1.021,18.758333333333333,20.6875,-12.5,,-9.35,0.0,1.0,1.0,0.0,model_implied,17,7,-0.01,-0.01,0.02,0.04,0.06,20260224,-3.15,144.2,0.188,STRONG,0.2,0.0,0.0,1.0,1.0,6.35,23.3,-2.89,,-3.2,144.2,0.4,-3.2,144.2,0.1,-3.2,144.2,0.1,-3.2,144.2,0.1,-3.2,144.2,0.1,-2.6,144.2,0.1,-3.2,144.2,0.1,-3.2,144.2,0.1,-3.2,-3.2,-3.2,-3.2,-3.2
401829320,2026-02-25T04:00Z,2440,167,Nevada Wolf Pack,New Mexico Lobos,False,-3.15,160.0,147.8,67.2,70.8,1.0,81.6,78.4,0.43,0.0,0.0,1.0,False,1.65,4.21,2.84,0.0,0.0,1.37,0.02,3.2,,,,,,,,,,,,,-1.5,149.5,1.65,10.5,-1.7,,New Mexico Lobos covers,0,OVER,23,24,regular,2026-02-23T20:22:13.321795+00:00,2026-02-25T04:00:00+00:00,9b50b95a,22323323358,{},0,Mountain West,16,7,Mountain West,18,6,UNKNOWN,COLD,COLD,49.0,25.0,27.0,20.0,19.0,10.0,11.0,29.0,40.0,15.0,17.0,60.0,31.0,13.0,11.0,19.0,7.0,8.0,22.0,30.0,9.0,7.0,0,0,,0,,0.0,0.0,,False,,,,401829320,-3.15,Mountain West,,,,,,,,,,,,,,,,,,,,,,,,,,,,,,,,,,,,,,,,,,,,,,,,,,149.5,,,0.43,0.5700000000000001,,,,,,,,,,,,3.0,1,3,1.5,1,0,0.6,0.5,9.89,3.1,1,3,1.5,3,0,0.6,0.333,18.41,-2.1716666666666664,-4.5175,2.7158333333333338,11.943333333333333,0.08283333333333333,0.07408333333333333,9.328333333333333,19.8075,19.6825,23.14833333333333,,,,1.0,0.0,0.0,1.0,model_implied,16,7,0.01,-0.02,0.03,0.01,0.1,20260224,-3.15,144.2,0.188,STRONG,0.2,0.0,0.0,0.0,1.0,1.65,5.3,-2.89,,-3.2,144.2,0.4,-3.2,144.2,0.1,-3.2,144.2,0.1,-3.2,144.2,0.1,-3.2,144.2,0.1,-2.6,144.2,0.1,-3.2,144.2,0.1,-3.2,144.2,0.1,-3.2,-3.2,-3.2,-3.2,-3.2
401825539,2026-02-25T04:00Z,26,30,UCLA Bruins,USC Trojans,False,-3.15,164.5,147.8,67.2,75.5,1.0,83.8,80.7,0.41,0.0,0.0,1.0,False,2.35,1.29,-1.36,0.0,0.0,2.65,-0.0,3.2,,,,,,,,,,,,,-5.5,149.5,-2.35,15.0,-1.7,,USC Trojans covers,0,OVER,23,25,regular,2026-02-23T20:22:13.389138+00:00,2026-02-25T04:00:00+00:00,9b50b95a,22323323358,{},0,Big Ten,15,8,Big Ten,15,10,HIGH,COLD,COLD,67.0,34.0,19.0,16.0,28.0,11.0,8.0,19.0,27.0,5.0,21.0,60.0,23.0,24.0,18.0,19.0,6.0,13.0,22.0,35.0,11.0,13.0,0,0,,0,,0.0,0.0,,False,,,,401825539,-3.15,Big Ten,,,,,,,,,,,,,,,,,,,,,,,,,,,,,,,,,,,,,,,,,,,,,,,,,,149.5,,,0.41,0.5900000000000001,,,,,,,,,,,,3.1,1,3,1.5,1,0,0.8,0.75,21.99,3.3,2,3,2.1,-3,0,0.727,0.5,15.01,-0.7624999999999998,0.02583333333333382,-0.9891666666666667,-9.945833333333333,0.03241666666666667,0.12933333333333333,10.6825,5.925,22.85166666666667,24.23,,,,1.0,0.0,0.0,1.0,model_implied,15,8,0.05,0.03,-0.03,-0.07,-0.03,20260224,-3.15,144.2,0.188,STRONG,0.2,0.0,0.0,0.0,1.0,2.35,5.3,-2.89,,-3.2,144.2,0.4,-3.2,144.2,0.1,-3.2,144.2,0.1,-3.2,144.2,0.1,-3.2,144.2,0.1,-2.6,144.2,0.1,-3.2,144.2,0.1,-3.2,144.2,0.1,-3.2,-3.2,-3.2,-3.2,-3.2
401828680,2026-02-26T00:00Z,44,2329,American University Eagles,Lehigh Mountain Hawks,False,-4.6,145.0,147.8,67.2,61.1,1.0,74.8,70.2,0.43,0.0,0.0,1.0,False,0.0,22.99,4.9,0.0,0.0,18.09,0.0,3.2,,,,,,,,,,,,,,,,,,,Lehigh Mountain Hawks -nan,0,PUSH,25,25,regular,2026-02-24T10:53:50.669343+00:00,2026-02-26T00:00:00+00:00,9b50b95a,22347694282,{},0,Patriot League,14,11,Patriot League,12,13,UNKNOWN,COLD,COLD,55.0,27.0,11.0,8.0,26.0,13.0,7.0,24.0,31.0,7.0,16.0,50.0,25.0,13.0,12.0,19.0,8.0,8.0,20.0,28.0,10.0,15.0,0,0,,0,,0.0,0.0,,False,,,,401828680,-4.6,Patriot League,,,,,,,,,,,,,,,,,,,,,,,,,,,,,,,,,,,,,,,,,,,,,,,,,,,,,0.43,0.5700000000000001,,,,,,,,,,,,3.3,2,4,2.4,3,0,0.429,0.333,11.52,3.3,2,4,2.4,1,0,0.545,0.6,12.13,2.8350000000000004,-0.12249999999999998,1.2091666666666667,-0.8583333333333334,0.006333333333333333,-0.0007500000000000003,-2.089166666666667,-4.4425,20.643333333333334,10.374166666666667,,,,0.0,1.0,1.0,0.0,model_implied,14,11,0.01,0.01,-0.01,0.03,-0.02,20260225,-4.6,144.2,0.188,STRONG,3.88,0.0,0.0,0.0,0.0,0.0,0.0,-2.89,,-3.2,144.2,0.4,-3.2,144.2,0.1,-14.85,144.2,0.1,-3.2,144.2,0.1,-3.2,144.2,0.1,-2.6,144.2,0.1,-3.23,144.2,0.1,-3.2,144.2,0.1,-3.2,-3.2,-14.85,-3.2,-3.2
401824376,2026-02-26T00:00Z,104,107,Boston University Terriers,Holy Cross Crusaders,False,-1.43,139.2,147.8,67.2,65.0,1.0,70.3,68.9,0.43,0.0,0.0,1.0,False,0.0,-4.9,13.08,0.0,0.0,-17.98,-0.0,3.2,,,,,,,,,,,,,,,,,,,Holy Cross Crusaders -nan,0,PUSH,25,25,regular,2026-02-24T10:53:50.799999+00:00,2026-02-26T00:00:00+00:00,9b50b95a,22347694282,{},0,Patriot League,12,13,Patriot League,9,16,UNKNOWN,COLD,COLD,56.0,28.0,5.0,4.0,21.0,7.0,7.0,18.0,25.0,8.0,11.0,51.0,24.0,18.0,15.0,19.0,9.0,5.0,24.0,29.0,11.0,12.0,0,0,,0,,0.0,0.0,,False,,,,401824376,-1.43,Patriot League,,,,,,,,,,,,,,,,,,,,,,,,,,,,,,,,,,,,,,,,,,,,,,,,,,,,,0.43,0.5700000000000001,,,,,,,,,,,,3.3,1,3,1.5,-1,0,0.286,0.333,9.83,3.3,1,3,1.5,1,0,0.167,0.0,7.57,1.7041666666666666,0.20666666666666664,4.86,-7.690833333333333,-0.07733333333333332,-0.029249999999999998,1.3283333333333334,-6.4941666666666675,16.944166666666668,18.368333333333332,,,,1.0,0.0,0.0,1.0,model_implied,12,13,0.0,0.01,0.02,0.01,-0.08,20260225,-1.43,144.2,0.188,STRONG,4.48,0.0,0.0,0.0,0.0,0.0,0.0,-2.89,,-3.2,144.2,0.4,-3.2,144.2,0.1,10.44,144.2,0.1,-3.2,144.2,0.1,-3.2,144.2,0.1,-2.6,144.2,0.1,-3.1,144.2,0.1,-3.2,144.2,0.1,-3.2,-3.2,10.44,-3.2,-3.2
401817681,2026-02-26T00:00Z,325,94,Cleveland State Vikings,Northern Kentucky Norse,False,-3.46,144.0,147.8,67.2,78.4,1.0,73.7,70.3,0.39,0.0,0.0,1.0,False,0.0,-7.66,-7.65,0.0,0.0,-0.01,0.02,3.2,,,,,,,,,,,,,,,,,,,Northern Kentucky Norse -nan,0,PUSH,25,26,regular,2026-02-24T10:53:51.050537+00:00,2026-02-26T00:00:00+00:00,9b50b95a,22347694282,{},0,Horizon League,8,17,Horizon League,16,10,LOW,COLD,COLD,59.0,28.0,20.0,14.0,39.0,16.0,6.0,25.0,31.0,14.0,21.0,68.0,20.0,18.0,10.0,31.0,8.0,19.0,24.0,43.0,18.0,11.0,1,0,,0,,0.0,0.0,,False,,,,401817681,-3.46,Horizon League,,,,,,,,,,,,,,,,,,,,,,,,,,,,,,,,,,,,,,,,,,,,,,,,,,,,,0.39,0.61,,,,,,,,,,,,3.2,1,4,1.8,-5,0,0.667,1.0,6.5,3.2,2,3,2.1,-1,0,0.444,0.5,7.62,0.8616666666666667,-1.0275,-7.155833333333334,2.705833333333333,-0.02075,0.003083333333333334,-2.541666666666667,9.1175,21.3125,18.031666666666666,,,,0.0,1.0,1.0,0.0,model_implied,8,17,0.08,0.02,-0.05,0.01,0.02,20260225,-3.46,144.2,0.188,STRONG,0.82,0.0,0.0,0.0,0.0,0.0,0.0,-2.89,,-3.2,144.2,0.4,-3.2,144.2,0.1,-5.53,144.2,0.1,-3.2,144.2,0.1,-3.2,144.2,0.1,-2.6,144.2,0.1,-3.35,144.2,0.1,-3.2,144.2,0.1,-3.2,-3.2,-5.53,-3.2,-3.2
401817682,2026-02-26T00:00Z,2870,2750,Purdue Fort Wayne Mastodons,Wright State Raiders,False,-5.45,159.2,147.8,67.2,74.2,1.0,82.3,76.9,0.43,0.0,0.0,1.0,False,0.0,7.66,-18.56,0.0,0.0,26.22,0.02,3.2,,,,,,,,,,,,,,,,,,,Wright State Raiders -nan,0,PUSH,25,25,regular,2026-02-24T10:53:50.981954+00:00,2026-02-26T00:00:00+00:00,9b50b95a,22347694282,{},0,Horizon League,14,11,Horizon League,17,8,LOW,COLD,COLD,59.0,32.0,23.0,13.0,33.0,15.0,7.0,25.0,32.0,13.0,20.0,55.0,24.0,17.0,15.0,16.0,5.0,9.0,18.0,27.0,14.0,7.0,0,0,,0,,0.0,0.0,,False,,,,401817682,-5.45,Horizon League,,,,,,,,,,,,,,,,,,,,,,,,,,,,,,,,,,,,,,,,,,,,,,,,,,,,,0.43,0.5700000000000001,,,,,,,,,,,,3.2,2,4,2.4,1,0,0.778,0.333,9.85,3.2,2,4,2.4,-1,0,0.5,0.5,9.56,-2.3449999999999998,0.2883333333333334,-5.675833333333333,6.574166666666667,0.11475,0.048999999999999995,-1.2433333333333334,11.200000000000001,20.476666666666667,10.488333333333333,,,,0.0,1.0,1.0,0.0,model_implied,14,11,0.06,0.01,-0.02,0.02,0.02,20260225,-5.45,144.2,0.188,STRONG,6.09,0.0,0.0,0.0,0.0,0.0,0.0,-2.89,,-3.2,144.2,0.4,-3.2,144.2,0.1,-21.53,144.2,0.1,-3.2,144.2,0.1,-3.2,144.2,0.1,-2.6,144.2,0.1,-3.32,144.2,0.1,-3.2,144.2,0.1,-3.2,-3.2,-21.53,-3.2,-3.2
401817683,2026-02-26T00:00Z,2523,2174,Robert Morris Colonials,Detroit Mercy Titans,False,-4.23,155.1,147.8,67.2,70.7,1.0,79.7,75.4,0.43,0.0,0.0,1.0,False,0.0,18.56,5.61,0.0,0.0,12.95,0.0,3.2,,,,,,,,,,,,,,,,,,,Detroit Mercy Titans -nan,0,PUSH,26,23,regular,2026-02-24T10:53:50.900868+00:00,2026-02-26T00:00:00+00:00,9b50b95a,22347694282,{},0,Horizon League,17,9,Horizon League,13,10,LOW,COLD,COLD,55.0,29.0,17.0,16.0,16.0,7.0,6.0,24.0,30.0,10.0,11.0,56.0,24.0,22.0,21.0,13.0,5.0,9.0,25.0,34.0,12.0,10.0,0,0,,0,,0.0,0.0,,False,,,,401817683,-4.23,Horizon League,,,,,,,,,,,,,,,,,,,,,,,,,,,,,,,,,,,,,,,,,,,,,,,,,,,,,0.43,0.5700000000000001,,,,,,,,,,,,3.2,1,3,1.5,5,0,0.4,0.5,6.85,3.2,2,4,2.4,4,0,0.75,1.0,7.07,0.14500000000000002,-0.08999999999999993,1.5666666666666667,-3.0716666666666668,0.010833333333333334,0.01475,3.4258333333333333,0.37416666666666676,16.139166666666668,18.4925,,,,1.0,0.0,0.0,1.0,model_implied,17,9,0.04,0.01,-0.01,-0.03,-0.03,20260225,-4.23,144.2,0.188,STRONG,2.89,0.0,0.0,0.0,0.0,0.0,0.0,-2.89,,-3.2,144.2,0.4,-3.2,144.2,0.1,-11.85,144.2,0.1,-3.2,144.2,0.1,-3.2,144.2,0.1,-2.6,144.2,0.1,-3.25,144.2,0.1,-3.2,144.2,0.1,-3.2,-3.2,-11.85,-3.2,-3.2
401828248,2026-02-26T00:30Z,2655,202,Tulane Green Wave,Tulsa Golden Hurricane,False,-1.33,180.7,147.8,67.2,72.5,1.0,91.0,89.7,0.43,0.0,0.0,1.0,False,0.0,8.48,35.05,0.0,0.0,-26.57,-0.0,3.2,,,,,,,,,,,,,,,,,,,Tulsa Golden Hurricane -nan,0,PUSH,24,25,regular,2026-02-24T10:53:51.186392+00:00,2026-02-26T00:30:00+00:00,9b50b95a,22347694282,{},0,American Athletic Conference,14,10,American Athletic Conference,20,5,UNKNOWN,COLD,COLD,48.0,23.0,31.0,23.0,29.0,12.0,7.0,27.0,34.0,11.0,18.0,63.0,34.0,25.0,20.0,29.0,12.0,11.0,29.0,40.0,7.0,23.0,0,0,,0,,0.0,0.0,,False,,,,401828248,-1.33,American Athletic Conference,,,,,,,,,,,,,,,,,,,,,,,,,,,,,,,,,,,,,,,,,,,,,,,,,,,,,0.43,0.5700000000000001,,,,,,,,,,,,3.2,2,4,2.4,4,0,0.75,0.5,8.6,3.1,2,4,2.4,2,0,0.625,0.5,12.06,0.5258333333333334,-3.3425,-3.7416666666666667,8.608333333333333,0.10058333333333334,0.09749999999999999,0.5775,20.645833333333332,20.008333333333333,22.513333333333335,,,,0.0,1.0,1.0,0.0,model_implied,14,10,-0.01,-0.02,-0.03,-0.01,0.07,20260225,-1.33,144.2,0.188,STRONG,4.83,0.0,0.0,0.0,0.0,0.0,0.0,-2.89,,-3.2,144.2,0.4,-3.2,144.2,0.1,11.47,144.2,0.1,-3.2,144.2,0.1,-3.2,144.2,0.1,-2.6,144.2,0.1,-3.25,144.2,0.1,-3.2,144.2,0.1,-3.2,-3.2,11.47,-3.2,-3.2
401817685,2026-02-26T01:00Z,270,2754,Milwaukee Panthers,Youngstown State Penguins,False,-0.79,134.8,147.8,67.2,74.1,1.0,67.8,67.0,0.43,0.0,0.0,1.0,False,0.0,-15.75,7.65,0.0,0.0,-23.4,0.0,3.2,,,,,,,,,,,,,,,,,,,Youngstown State Penguins -nan,0,PUSH,26,26,regular,2026-02-24T10:53:51.343830+00:00,2026-02-26T01:00:00+00:00,9b50b95a,22347694282,{},0,Horizon League,10,16,Horizon League,13,13,LOW,COLD,COLD,64.0,27.0,9.0,7.0,29.0,9.0,18.0,24.0,42.0,15.0,19.0,50.0,21.0,26.0,17.0,20.0,5.0,8.0,32.0,40.0,18.0,13.0,1,0,,0,,0.0,0.0,,False,,,,401817685,-0.79,Horizon League,,,,,,,,,,,,,,,,,,,,,,,,,,,,,,,,,,,,,,,,,,,,,,,,,,,,,0.43,0.5700000000000001,,,,,,,,,,,,3.2,2,3,2.1,-2,0,0.5,0.5,5.6,3.2,1,4,1.8,2,0,0.25,0.333,10.98,-1.9716666666666667,-0.29583333333333334,-11.04,4.86,-0.020666666666666667,-0.08391666666666665,-5.982500000000001,6.8725,15.264166666666666,24.370833333333334,,,,1.0,0.0,0.0,1.0,model_implied,10,16,0.01,0.0,0.06,0.03,-0.11,20260225,-0.79,144.2,0.188,STRONG,6.15,0.0,0.0,0.0,0.0,0.0,0.0,-2.89,,-3.2,144.2,0.4,-3.2,144.2,0.1,15.5,144.2,0.1,-3.2,144.2,0.1,-3.2,144.2,0.1,-2.6,144.2,0.1,-3.03,144.2,0.1,-3.2,144.2,0.1,-3.2,-3.2,15.5,-3.2,-3.2
401825540,2026-02-26T02:00Z,2294,194,Iowa Hawkeyes,Ohio State Buckeyes,False,-2.49,130.8,147.8,67.2,65.4,1.0,66.6,64.2,0.42,0.0,0.0,1.0,False,0.0,-19.5,-9.36,0.0,0.0,-10.14,0.01,3.2,,,,,,,,,,,,,,,,,,,Ohio State Buckeyes -nan,0,PUSH,24,24,regular,2026-02-24T10:53:51.522385+00:00,2026-02-26T02:00:00+00:00,9b50b95a,22347694282,{},0,Big Ten,16,8,Big Ten,13,11,HIGH,COLD,COLD,59.0,28.0,11.0,8.0,26.0,7.0,9.0,20.0,29.0,9.0,13.0,52.0,23.0,17.0,10.0,22.0,4.0,4.0,22.0,26.0,5.0,9.0,0,0,,0,,0.0,0.0,,False,,,,401825540,-2.49,Big Ten,,,,,,,,,,,,,,,,,,,,,,,,,,,,,,,,,,,,,,,,,,,,,,,,,,,,,0.42,0.5800000000000001,,,,,,,,,,,,3.2,1,3,1.5,-1,0,0.6,1.0,10.39,3.3,1,3,1.5,-1,0,0.333,,12.82,1.1725,-2.9975,5.154166666666667,-4.486666666666667,-0.004416666666666667,-0.013416666666666665,14.283333333333333,8.599166666666667,26.126666666666665,17.976666666666667,,,,1.0,0.0,0.0,1.0,model_implied,16,8,0.02,-0.02,0.04,0.06,-0.04,20260225,-2.49,144.2,0.188,STRONG,1.69,0.0,0.0,0.0,0.0,0.0,0.0,-2.89,,-3.2,144.2,0.4,-3.2,144.2,0.1,1.98,144.2,0.1,-3.2,144.2,0.1,-3.2,144.2,0.1,-2.6,144.2,0.1,-3.14,144.2,0.1,-3.2,144.2,0.1,-3.2,-3.2,1.98,-3.2,-3.2
