event_id,game_datetime_utc,game_datetime_pst,venue,neutral_site,completed,state,is_ot,num_ot,home_team,away_team,home_team_id,away_team_id,home_conference,away_conference,home_rank,away_rank,spread,over_under,home_ml,away_ml,odds_provider,odds_details,team_id,team,conference,conf_id,home_away,rank,wins,losses,home_wins,home_losses,away_wins,away_losses,conf_wins,conf_losses,win_pct,opponent_id,opponent,opp_conference,opp_rank,opp_wins,opp_losses,points_for,points_against,margin,h1_pts,h2_pts,h1_pts_against,h2_pts_against,fgm,fga,tpm,tpa,ftm,fta,orb,drb,reb,ast,stl,blk,tov,pf,opp_fgm,opp_fga,opp_tpm,opp_tpa,opp_ftm,opp_fta,opp_orb,opp_drb,opp_tov,opp_pf,FGA,FGM,FTA,FTM,TPA,TPM,ORB,DRB,RB,TO,AST,pulled_at_utc,source,parse_version,home_h1,away_h1,home_h2,away_h2,conference_name,pipeline_run_id,home_ot1,away_ot1,home_ot2,away_ot2
401808932,2026-02-24T00:00Z,2026-02-23 04:00 PM PST,,False,True,post,False,0,Lamar Cardinals,Nicholls Colonels,2320,2447,Horizon League,Horizon League,,,,,,,,,2320,Lamar Cardinals,Horizon League,,home,,12,17,7,8,5,8,7,13,0.414,2447,Nicholls Colonels,,,,,52.0,53.0,-1.0,23.0,29.0,20.0,33.0,20.0,56.0,4.0,23.0,8.0,11.0,10.0,26.0,36.0,15.0,5.0,5.0,14.0,6.0,22.0,61.0,5.0,28.0,4.0,7.0,14.0,27.0,14.0,12.0,56.0,20.0,11.0,8.0,23.0,4.0,10.0,26.0,36.0,14.0,15.0,2026-02-25T10:53:04.426433+00:00,espn,v1.0.0,23.0,20.0,29.0,33.0,,,,,,
401808932,2026-02-24T00:00Z,2026-02-23 04:00 PM PST,,False,True,post,False,0,Lamar Cardinals,Nicholls Colonels,2320,2447,Horizon League,Horizon League,,,,,,,,,2447,Nicholls Colonels,Horizon League,,away,,12,17,5,5,7,12,11,9,0.414,2320,Lamar Cardinals,,,,,53.0,52.0,1.0,20.0,33.0,23.0,29.0,22.0,61.0,5.0,28.0,4.0,7.0,14.0,27.0,41.0,11.0,12.0,4.0,14.0,12.0,20.0,56.0,4.0,23.0,8.0,11.0,10.0,26.0,14.0,6.0,61.0,22.0,7.0,4.0,28.0,5.0,14.0,27.0,41.0,14.0,11.0,2026-02-25T10:53:04.426433+00:00,espn,v1.0.0,23.0,20.0,29.0,33.0,,,,,,
401808965,2026-02-24T00:00Z,2026-02-23 04:00 PM PST,,False,True,post,False,0,SE Louisiana Lions,Texas A&M-Corpus Christi Islanders,2545,357,Horizon League,Horizon League,,,,,,,,,2545,SE Louisiana Lions,Horizon League,,home,,8,21,5,7,1,14,5,15,0.276,357,Texas A&M-Corpus Christi Islanders,,,,,68.0,73.0,-5.0,32.0,36.0,40.0,33.0,23.0,48.0,4.0,19.0,18.0,27.0,10.0,16.0,26.0,7.0,4.0,3.0,13.0,19.0,27.0,50.0,4.0,8.0,15.0,20.0,10.0,22.0,16.0,25.0,48.0,23.0,27.0,18.0,19.0,4.0,10.0,16.0,26.0,13.0,7.0,2026-02-25T10:53:05.123482+00:00,espn,v1.0.0,32.0,40.0,36.0,33.0,,,,,,
401808965,2026-02-24T00:00Z,2026-02-23 04:00 PM PST,,False,True,post,False,0,SE Louisiana Lions,Texas A&M-Corpus Christi Islanders,2545,357,Horizon League,Horizon League,,,,,,,,,357,Texas A&M-Corpus Christi Islanders,Horizon League,,away,,15,14,8,5,7,9,11,9,0.517,2545,SE Louisiana Lions,,,,,73.0,68.0,5.0,40.0,33.0,32.0,36.0,27.0,50.0,4.0,8.0,15.0,20.0,10.0,22.0,32.0,11.0,7.0,1.0,16.0,25.0,23.0,48.0,4.0,19.0,18.0,27.0,10.0,16.0,13.0,19.0,50.0,27.0,20.0,15.0,8.0,4.0,10.0,22.0,32.0,16.0,11.0,2026-02-25T10:53:05.123482+00:00,espn,v1.0.0,32.0,40.0,36.0,33.0,,,,,,
401820762,2026-02-24T00:00Z,2026-02-23 04:00 PM PST,,False,True,post,False,0,North Carolina Tar Heels,Louisville Cardinals,153,97,Big East,Big East,18.0,24.0,,,,,,,153,North Carolina Tar Heels,Big East,,home,18.0,22,6,16,0,4,5,10,5,0.786,97,Louisville Cardinals,,,,,77.0,74.0,3.0,39.0,38.0,38.0,36.0,30.0,56.0,8.0,22.0,9.0,19.0,7.0,25.0,32.0,13.0,5.0,3.0,9.0,12.0,26.0,67.0,14.0,39.0,8.0,11.0,16.0,25.0,10.0,20.0,56.0,30.0,19.0,9.0,22.0,8.0,7.0,25.0,32.0,9.0,13.0,2026-02-25T10:53:05.420418+00:00,espn,v1.0.0,39.0,38.0,38.0,36.0,,,,,,
401820762,2026-02-24T00:00Z,2026-02-23 04:00 PM PST,,False,True,post,False,0,North Carolina Tar Heels,Louisville Cardinals,153,97,Big East,Big East,18.0,24.0,,,,,,,97,Louisville Cardinals,Big East,,away,24.0,20,8,14,2,3,6,9,6,0.714,153,North Carolina Tar Heels,,,,,74.0,77.0,-3.0,38.0,36.0,39.0,38.0,26.0,67.0,14.0,39.0,8.0,11.0,16.0,25.0,41.0,9.0,9.0,4.0,10.0,20.0,30.0,56.0,8.0,22.0,9.0,19.0,7.0,25.0,9.0,12.0,67.0,26.0,11.0,8.0,39.0,14.0,16.0,25.0,41.0,10.0,9.0,2026-02-25T10:53:05.420418+00:00,espn,v1.0.0,39.0,38.0,38.0,36.0,,,,,,
401808721,2026-02-24T00:30Z,2026-02-23 04:30 PM PST,,False,True,post,False,0,East Texas A&M Lions,Houston Christian Huskies,2837,2277,Horizon League,Horizon League,,,,,,,,,2277,Houston Christian Huskies,Horizon League,,away,,11,18,8,4,3,14,7,13,0.379,2837,East Texas A&M Lions,,,,,69.0,68.0,1.0,36.0,33.0,23.0,45.0,27.0,61.0,5.0,19.0,10.0,15.0,15.0,19.0,34.0,14.0,9.0,4.0,11.0,14.0,23.0,51.0,9.0,24.0,13.0,17.0,10.0,22.0,15.0,14.0,61.0,27.0,15.0,10.0,19.0,5.0,15.0,19.0,34.0,11.0,14.0,2026-02-25T10:53:03.210570+00:00,espn,v1.0.0,23.0,36.0,45.0,33.0,,,,,,
401808721,2026-02-24T00:30Z,2026-02-23 04:30 PM PST,,False,True,post,False,0,East Texas A&M Lions,Houston Christian Huskies,2837,2277,Horizon League,Horizon League,,,,,,,,,2837,East Texas A&M Lions,Horizon League,,home,,11,19,6,8,4,11,6,14,0.367,2277,Houston Christian Huskies,,,,,68.0,69.0,-1.0,23.0,45.0,36.0,33.0,23.0,51.0,9.0,24.0,13.0,17.0,10.0,22.0,32.0,14.0,10.0,7.0,15.0,14.0,27.0,61.0,5.0,19.0,10.0,15.0,15.0,19.0,11.0,14.0,51.0,23.0,17.0,13.0,24.0,9.0,10.0,22.0,32.0,15.0,14.0,2026-02-25T10:53:03.210570+00:00,espn,v1.0.0,23.0,36.0,45.0,33.0,,,,,,
401808887,2026-02-24T00:30Z,2026-02-23 04:30 PM PST,,False,True,post,False,0,McNeese Cowboys,UT Rio Grande Valley Vaqueros,2377,292,Horizon League,Horizon League,,,,,,,,,2377,McNeese Cowboys,Horizon League,,home,,24,5,14,0,7,5,17,3,0.828,292,UT Rio Grande Valley Vaqueros,,,,,75.0,68.0,7.0,34.0,41.0,22.0,46.0,25.0,58.0,4.0,18.0,21.0,29.0,13.0,22.0,35.0,15.0,13.0,2.0,10.0,15.0,25.0,50.0,8.0,27.0,10.0,17.0,6.0,27.0,17.0,21.0,58.0,25.0,29.0,21.0,18.0,4.0,13.0,22.0,35.0,10.0,15.0,2026-02-25T10:53:03.520059+00:00,espn,v1.0.0,34.0,22.0,41.0,46.0,,,,,,
401808887,2026-02-24T00:30Z,2026-02-23 04:30 PM PST,,False,True,post,False,0,McNeese Cowboys,UT Rio Grande Valley Vaqueros,2377,292,Horizon League,Horizon League,,,,,,,,,292,UT Rio Grande Valley Vaqueros,Horizon League,,away,,16,13,8,5,8,8,12,8,0.552,2377,McNeese Cowboys,,,,,68.0,75.0,-7.0,22.0,46.0,34.0,41.0,25.0,50.0,8.0,27.0,10.0,17.0,6.0,27.0,33.0,12.0,6.0,2.0,17.0,21.0,25.0,58.0,4.0,18.0,21.0,29.0,13.0,22.0,10.0,15.0,50.0,25.0,17.0,10.0,27.0,8.0,6.0,27.0,33.0,17.0,12.0,2026-02-25T10:53:03.520059+00:00,espn,v1.0.0,34.0,22.0,41.0,46.0,,,,,,
401808916,2026-02-24T00:30Z,2026-02-23 04:30 PM PST,,False,True,post,False,0,Stephen F. Austin Lumberjacks,New Orleans Privateers,2617,2443,Horizon League,Horizon League,,,,,,,,,2443,New Orleans Privateers,Horizon League,,away,,14,15,5,4,9,11,12,8,0.483,2617,Stephen F. Austin Lumberjacks,,,,,77.0,73.0,4.0,31.0,46.0,23.0,50.0,26.0,54.0,4.0,16.0,21.0,24.0,12.0,25.0,37.0,15.0,5.0,4.0,15.0,19.0,25.0,69.0,3.0,17.0,20.0,24.0,18.0,16.0,5.0,16.0,54.0,26.0,24.0,21.0,16.0,4.0,12.0,25.0,37.0,15.0,15.0,2026-02-25T10:53:04.030794+00:00,espn,v1.0.0,23.0,31.0,50.0,46.0,,,,,,
401808916,2026-02-24T00:30Z,2026-02-23 04:30 PM PST,,False,True,post,False,0,Stephen F. Austin Lumberjacks,New Orleans Privateers,2617,2443,Horizon League,Horizon League,,,,,,,,,2617,Stephen F. Austin Lumberjacks,Horizon League,,home,,25,4,15,1,10,3,18,2,0.862,2443,New Orleans Privateers,,,,,73.0,77.0,-4.0,23.0,50.0,31.0,46.0,25.0,69.0,3.0,17.0,20.0,24.0,18.0,16.0,34.0,12.0,7.0,5.0,5.0,16.0,26.0,54.0,4.0,16.0,21.0,24.0,12.0,25.0,15.0,19.0,69.0,25.0,24.0,20.0,17.0,3.0,18.0,16.0,34.0,5.0,12.0,2026-02-25T10:53:04.030794+00:00,espn,v1.0.0,23.0,31.0,50.0,46.0,,,,,,
401808945,2026-02-24T00:30Z,2026-02-23 04:30 PM PST,,False,True,post,False,0,Northwestern State Demons,Incarnate Word Cardinals,2466,2916,Horizon League,Horizon League,,,,,,,,,2466,Northwestern State Demons,Horizon League,,home,,10,19,8,6,2,13,8,12,0.345,2916,Incarnate Word Cardinals,,,,,54.0,49.0,5.0,18.0,36.0,23.0,26.0,18.0,49.0,4.0,14.0,14.0,19.0,7.0,26.0,33.0,7.0,2.0,4.0,9.0,15.0,17.0,51.0,5.0,19.0,10.0,15.0,9.0,26.0,11.0,16.0,49.0,18.0,19.0,14.0,14.0,4.0,7.0,26.0,33.0,9.0,7.0,2026-02-25T10:53:04.834759+00:00,espn,v1.0.0,18.0,23.0,36.0,26.0,,,,,,
401808945,2026-02-24T00:30Z,2026-02-23 04:30 PM PST,,False,True,post,False,0,Northwestern State Demons,Incarnate Word Cardinals,2466,2916,Horizon League,Horizon League,,,,,,,,,2916,Incarnate Word Cardinals,Horizon League,,away,,11,18,8,5,2,12,6,14,0.379,2466,Northwestern State Demons,,,,,49.0,54.0,-5.0,23.0,26.0,18.0,36.0,17.0,51.0,5.0,19.0,10.0,15.0,9.0,26.0,35.0,8.0,7.0,1.0,11.0,16.0,18.0,49.0,4.0,14.0,14.0,19.0,7.0,26.0,9.0,15.0,51.0,17.0,15.0,10.0,19.0,5.0,9.0,26.0,35.0,11.0,8.0,2026-02-25T10:53:04.834759+00:00,espn,v1.0.0,18.0,23.0,36.0,26.0,,,,,,
401820820,2026-02-24T02:00Z,2026-02-23 06:00 PM PST,,False,True,post,False,0,Kansas Jayhawks,Houston Cougars,2305,248,Southeastern Conference,Southeastern Conference,14.0,5.0,,,,,,,2305,Kansas Jayhawks,Southeastern Conference,,home,14.0,21,7,12,2,5,4,11,4,0.75,248,Houston Cougars,,,,,69.0,56.0,13.0,31.0,38.0,27.0,29.0,22.0,50.0,7.0,17.0,18.0,20.0,7.0,31.0,38.0,11.0,3.0,6.0,12.0,9.0,21.0,66.0,5.0,24.0,9.0,9.0,13.0,20.0,8.0,14.0,50.0,22.0,20.0,18.0,17.0,7.0,7.0,31.0,38.0,12.0,11.0,2026-02-25T10:53:05.759132+00:00,espn,v1.0.0,31.0,27.0,38.0,29.0,,,,,,
401820820,2026-02-24T02:00Z,2026-02-23 06:00 PM PST,,False,True,post,False,0,Kansas Jayhawks,Houston Cougars,2305,248,Southeastern Conference,Southeastern Conference,14.0,5.0,,,,,,,248,Houston Cougars,Southeastern Conference,,away,5.0,23,5,13,1,5,3,11,4,0.821,2305,Kansas Jayhawks,,,,,56.0,69.0,-13.0,27.0,29.0,31.0,38.0,21.0,66.0,5.0,24.0,9.0,9.0,13.0,20.0,33.0,7.0,6.0,3.0,8.0,14.0,22.0,50.0,7.0,17.0,18.0,20.0,7.0,31.0,12.0,9.0,66.0,21.0,9.0,9.0,24.0,5.0,13.0,20.0,33.0,8.0,7.0,2026-02-25T10:53:05.759132+00:00,espn,v1.0.0,31.0,27.0,38.0,29.0,,,,,,
401827098,2026-02-24T02:00Z,2026-02-23 06:00 PM PST,,False,True,post,False,0,Grambling Tigers,Mississippi Valley State Delta Devils,2755,2400,Southwestern Athletic Conference,Southwestern Athletic Conference,,,,,,,,,2400,Mississippi Valley State Delta Devils,Southwestern Athletic Conference,,away,,2,27,2,9,0,16,1,14,0.069,2755,Grambling Tigers,,,,,62.0,83.0,-21.0,36.0,26.0,38.0,45.0,24.0,62.0,6.0,24.0,8.0,15.0,10.0,23.0,33.0,12.0,12.0,2.0,19.0,23.0,28.0,52.0,5.0,13.0,22.0,31.0,7.0,31.0,20.0,18.0,62.0,24.0,15.0,8.0,24.0,6.0,10.0,23.0,33.0,19.0,12.0,2026-02-25T10:53:06.076797+00:00,espn,v1.0.0,38.0,36.0,45.0,26.0,,,,,,
401827098,2026-02-24T02:00Z,2026-02-23 06:00 PM PST,,False,True,post,False,0,Grambling Tigers,Mississippi Valley State Delta Devils,2755,2400,Southwestern Athletic Conference,Southwestern Athletic Conference,,,,,,,,,2755,Grambling Tigers,Southwestern Athletic Conference,,home,,12,15,7,3,3,12,6,8,0.444,2400,Mississippi Valley State Delta Devils,,,,,83.0,62.0,21.0,38.0,45.0,36.0,26.0,28.0,52.0,5.0,13.0,22.0,31.0,7.0,31.0,38.0,15.0,8.0,4.0,20.0,18.0,24.0,62.0,6.0,24.0,8.0,15.0,10.0,23.0,19.0,23.0,52.0,28.0,31.0,22.0,13.0,5.0,7.0,31.0,38.0,20.0,15.0,2026-02-25T10:53:06.076797+00:00,espn,v1.0.0,38.0,36.0,45.0,26.0,,,,,,
401858739,2026-02-24T23:00Z,2026-02-24 03:00 PM PST,,False,True,post,False,0,New Haven Chargers,Saint Francis Red Flash,2441,2598,Sun Belt Conference,Sun Belt Conference,,,,,,,,,2441,New Haven Chargers,Sun Belt Conference,,home,,13,16,8,6,5,10,8,8,0.448,2598,Saint Francis Red Flash,,,,,67.0,73.0,-6.0,32.0,35.0,41.0,32.0,24.0,53.0,10.0,31.0,9.0,16.0,4.0,16.0,20.0,12.0,7.0,2.0,6.0,15.0,26.0,46.0,4.0,16.0,17.0,17.0,4.0,29.0,13.0,17.0,53.0,24.0,16.0,9.0,31.0,10.0,4.0,16.0,20.0,6.0,12.0,2026-02-25T10:53:19.013603+00:00,espn,v1.0.0,32.0,41.0,35.0,32.0,,,,,,
401858739,2026-02-24T23:00Z,2026-02-24 03:00 PM PST,,False,True,post,False,0,New Haven Chargers,Saint Francis Red Flash,2441,2598,Sun Belt Conference,Sun Belt Conference,,,,,,,,,2598,Saint Francis Red Flash,Sun Belt Conference,,away,,7,22,5,8,2,12,5,11,0.241,2441,New Haven Chargers,,,,,73.0,67.0,6.0,41.0,32.0,32.0,35.0,26.0,46.0,4.0,16.0,17.0,17.0,4.0,29.0,33.0,11.0,4.0,1.0,13.0,17.0,24.0,53.0,10.0,31.0,9.0,16.0,4.0,16.0,6.0,15.0,46.0,26.0,17.0,17.0,16.0,4.0,4.0,29.0,33.0,13.0,11.0,2026-02-25T10:53:19.013603+00:00,espn,v1.0.0,32.0,41.0,35.0,32.0,,,,,,
401814583,2026-02-24T23:30Z,2026-02-24 03:30 PM PST,,False,True,post,False,0,Eastern Michigan Eagles,Miami (OH) RedHawks,2199,193,Mid-American Conference,Mid-American Conference,,21.0,8.5,151.5,,,Draft Kings,M-OH -8.5,193,Miami (OH) RedHawks,Mid-American Conference,,away,21.0,28,0,15,0,12,0,15,0,1.0,2199,Eastern Michigan Eagles,,,,,74.0,64.0,10.0,43.0,31.0,22.0,42.0,28.0,69.0,5.0,28.0,13.0,19.0,11.0,35.0,46.0,11.0,6.0,3.0,4.0,16.0,21.0,61.0,7.0,22.0,15.0,23.0,11.0,33.0,11.0,16.0,69.0,28.0,19.0,13.0,28.0,5.0,11.0,35.0,46.0,4.0,11.0,2026-02-25T10:53:10.537535+00:00,espn,v1.0.0,22.0,43.0,42.0,31.0,,,,,,
401814583,2026-02-24T23:30Z,2026-02-24 03:30 PM PST,,False,True,post,False,0,Eastern Michigan Eagles,Miami (OH) RedHawks,2199,193,Mid-American Conference,Mid-American Conference,,21.0,8.5,151.5,,,Draft Kings,M-OH -8.5,2199,Eastern Michigan Eagles,Mid-American Conference,,home,,10,19,7,6,3,13,4,12,0.345,193,Miami (OH) RedHawks,,,,,64.0,74.0,-10.0,22.0,42.0,43.0,31.0,21.0,61.0,7.0,22.0,15.0,23.0,11.0,33.0,44.0,12.0,3.0,8.0,11.0,16.0,28.0,69.0,5.0,28.0,13.0,19.0,11.0,35.0,4.0,16.0,61.0,21.0,23.0,15.0,22.0,7.0,11.0,33.0,44.0,11.0,12.0,2026-02-25T10:53:10.537535+00:00,espn,v1.0.0,22.0,43.0,42.0,31.0,,,,,,
401825538,2026-02-24T23:30Z,2026-02-24 03:30 PM PST,,False,True,post,False,0,Rutgers Scarlet Knights,Washington Huskies,164,264,Pac-12,Pac-12,,,,,,,,,164,Rutgers Scarlet Knights,Pac-12,,home,,11,17,9,7,1,8,4,13,0.393,264,Washington Huskies,,,,,72.0,79.0,-7.0,29.0,43.0,36.0,43.0,23.0,58.0,3.0,14.0,23.0,32.0,8.0,21.0,29.0,10.0,6.0,1.0,7.0,17.0,28.0,56.0,7.0,19.0,16.0,21.0,7.0,27.0,10.0,24.0,58.0,23.0,32.0,23.0,14.0,3.0,8.0,21.0,29.0,7.0,10.0,2026-02-25T10:53:14.495729+00:00,espn,v1.0.0,29.0,36.0,43.0,43.0,,,,,,
401825538,2026-02-24T23:30Z,2026-02-24 03:30 PM PST,,False,True,post,False,0,Rutgers Scarlet Knights,Washington Huskies,164,264,Pac-12,Pac-12,,,,,,,,,264,Washington Huskies,Pac-12,,away,,14,14,9,5,4,8,6,11,0.5,164,Rutgers Scarlet Knights,,,,,79.0,72.0,7.0,36.0,43.0,29.0,43.0,28.0,56.0,7.0,19.0,16.0,21.0,7.0,27.0,34.0,15.0,4.0,3.0,10.0,24.0,23.0,58.0,3.0,14.0,23.0,32.0,8.0,21.0,7.0,17.0,56.0,28.0,21.0,16.0,19.0,7.0,7.0,27.0,34.0,10.0,15.0,2026-02-25T10:53:14.495729+00:00,espn,v1.0.0,29.0,36.0,43.0,43.0,,,,,,
401828444,2026-02-24T23:30Z,2026-02-24 03:30 PM PST,,False,True,post,False,0,La Salle Explorers,George Washington Revolutionaries,2325,45,Big Ten,Big Ten,,,8.5,146.5,,,Draft Kings,GW -8.5,2325,La Salle Explorers,Big Ten,,home,,8,20,7,6,1,11,4,11,0.286,45,George Washington Revolutionaries,,,,,77.0,104.0,-27.0,35.0,42.0,45.0,59.0,24.0,58.0,11.0,26.0,18.0,24.0,12.0,15.0,27.0,16.0,10.0,2.0,14.0,17.0,39.0,58.0,10.0,22.0,16.0,20.0,7.0,27.0,13.0,20.0,58.0,24.0,24.0,18.0,26.0,11.0,12.0,15.0,27.0,14.0,16.0,2026-02-25T10:53:17.538098+00:00,espn,v1.0.0,35.0,45.0,42.0,59.0,,,,,,
401828444,2026-02-24T23:30Z,2026-02-24 03:30 PM PST,,False,True,post,False,0,La Salle Explorers,George Washington Revolutionaries,2325,45,Big Ten,Big Ten,,,8.5,146.5,,,Draft Kings,GW -8.5,45,George Washington Revolutionaries,Big Ten,,away,,16,12,11,3,3,6,7,8,0.571,2325,La Salle Explorers,,,,,104.0,77.0,27.0,45.0,59.0,35.0,42.0,39.0,58.0,10.0,22.0,16.0,20.0,7.0,27.0,34.0,24.0,8.0,8.0,13.0,20.0,24.0,58.0,11.0,26.0,18.0,24.0,12.0,15.0,14.0,17.0,58.0,39.0,20.0,16.0,22.0,10.0,7.0,27.0,34.0,13.0,24.0,2026-02-25T10:53:17.538098+00:00,espn,v1.0.0,35.0,45.0,42.0,59.0,,,,,,
401808260,2026-02-25T00:00Z,2026-02-24 04:00 PM PST,,False,True,post,False,0,South Carolina Gamecocks,Kentucky Wildcats,2579,96,Patriot League,Patriot League,,,7.5,151.5,,,Draft Kings,UK -7.5,2579,South Carolina Gamecocks,Patriot League,,home,,12,16,11,7,1,7,3,12,0.429,96,Kentucky Wildcats,,,,,63.0,72.0,-9.0,21.0,42.0,28.0,44.0,21.0,57.0,8.0,29.0,13.0,17.0,5.0,23.0,28.0,9.0,8.0,4.0,12.0,16.0,26.0,66.0,7.0,25.0,13.0,18.0,18.0,30.0,15.0,17.0,57.0,21.0,17.0,13.0,29.0,8.0,5.0,23.0,28.0,12.0,9.0,2026-02-25T10:53:07.230277+00:00,espn,v1.0.0,21.0,28.0,42.0,44.0,,,,,,
401808260,2026-02-25T00:00Z,2026-02-24 04:00 PM PST,,False,True,post,False,0,South Carolina Gamecocks,Kentucky Wildcats,2579,96,Patriot League,Patriot League,,,7.5,151.5,,,Draft Kings,UK -7.5,96,Kentucky Wildcats,Patriot League,,away,,18,10,13,3,4,5,9,6,0.643,2579,South Carolina Gamecocks,,,,,72.0,63.0,9.0,28.0,44.0,21.0,42.0,26.0,66.0,7.0,25.0,13.0,18.0,18.0,30.0,48.0,15.0,8.0,3.0,15.0,17.0,21.0,57.0,8.0,29.0,13.0,17.0,5.0,23.0,12.0,16.0,66.0,26.0,18.0,13.0,25.0,7.0,18.0,30.0,48.0,15.0,15.0,2026-02-25T10:53:07.230277+00:00,espn,v1.0.0,21.0,28.0,42.0,44.0,,,,,,
401808689,2026-02-25T00:00Z,2026-02-24 04:00 PM PST,,False,True,post,False,0,Marshall Thundering Herd,Old Dominion Monarchs,276,295,Mid-Eastern Athletic Conference,Mid-Eastern Athletic Conference,,,-7.5,159.5,,,Draft Kings,MRSH -7.5,276,Marshall Thundering Herd,Mid-Eastern Athletic Conference,,home,,19,11,13,3,6,8,11,6,0.633,295,Old Dominion Monarchs,,,,,97.0,88.0,9.0,49.0,48.0,42.0,46.0,40.0,67.0,9.0,28.0,8.0,10.0,8.0,23.0,31.0,22.0,4.0,7.0,7.0,15.0,33.0,70.0,4.0,18.0,18.0,20.0,14.0,20.0,8.0,11.0,67.0,40.0,10.0,8.0,28.0,9.0,8.0,23.0,31.0,7.0,22.0,2026-02-25T10:53:08.208456+00:00,espn,v1.0.0,49.0,42.0,48.0,46.0,,,,,,
401808689,2026-02-25T00:00Z,2026-02-24 04:00 PM PST,,False,True,post,False,0,Marshall Thundering Herd,Old Dominion Monarchs,276,295,Mid-Eastern Athletic Conference,Mid-Eastern Athletic Conference,,,-7.5,159.5,,,Draft Kings,MRSH -7.5,295,Old Dominion Monarchs,Mid-Eastern Athletic Conference,,away,,10,20,7,6,3,14,6,11,0.333,276,Marshall Thundering Herd,,,,,88.0,97.0,-9.0,42.0,46.0,49.0,48.0,33.0,70.0,4.0,18.0,18.0,20.0,14.0,20.0,34.0,8.0,5.0,3.0,8.0,11.0,40.0,67.0,9.0,28.0,8.0,10.0,8.0,23.0,7.0,15.0,70.0,33.0,20.0,18.0,18.0,4.0,14.0,20.0,34.0,8.0,8.0,2026-02-25T10:53:08.208456+00:00,espn,v1.0.0,49.0,42.0,48.0,46.0,,,,,,
401808691,2026-02-25T00:00Z,2026-02-24 04:00 PM PST,,False,True,post,False,0,Troy Trojans,Louisiana Ragin' Cajuns,2653,309,Mid-Eastern Athletic Conference,Mid-Eastern Athletic Conference,,,-11.5,134.5,,,Draft Kings,TROY -11.5,2653,Troy Trojans,Mid-Eastern Athletic Conference,,home,,19,11,9,3,9,7,11,6,0.633,309,Louisiana Ragin' Cajuns,,,,,78.0,59.0,19.0,27.0,51.0,23.0,36.0,25.0,50.0,7.0,18.0,21.0,24.0,14.0,20.0,34.0,19.0,6.0,5.0,10.0,10.0,23.0,54.0,7.0,24.0,6.0,8.0,11.0,12.0,10.0,18.0,50.0,25.0,24.0,21.0,18.0,7.0,14.0,20.0,34.0,10.0,19.0,2026-02-25T10:53:08.836687+00:00,espn,v1.0.0,27.0,23.0,51.0,36.0,,,,,,
401808691,2026-02-25T00:00Z,2026-02-24 04:00 PM PST,,False,True,post,False,0,Troy Trojans,Louisiana Ragin' Cajuns,2653,309,Mid-Eastern Athletic Conference,Mid-Eastern Athletic Conference,,,-11.5,134.5,,,Draft Kings,TROY -11.5,309,Louisiana Ragin' Cajuns,Mid-Eastern Athletic Conference,,away,,10,20,7,8,3,12,7,10,0.333,2653,Troy Trojans,,,,,59.0,78.0,-19.0,23.0,36.0,27.0,51.0,23.0,54.0,7.0,24.0,6.0,8.0,11.0,12.0,23.0,9.0,4.0,4.0,10.0,18.0,25.0,50.0,7.0,18.0,21.0,24.0,14.0,20.0,10.0,10.0,54.0,23.0,8.0,6.0,24.0,7.0,11.0,12.0,23.0,10.0,9.0,2026-02-25T10:53:08.836687+00:00,espn,v1.0.0,27.0,23.0,51.0,36.0,,,,,,
401814580,2026-02-25T00:00Z,2026-02-24 04:00 PM PST,,False,True,post,False,0,Akron Zips,Buffalo Bulls,2006,2084,Mid-American Conference,Mid-American Conference,,,-15.5,160.5,,,Draft Kings,AKR -15.5,2006,Akron Zips,Mid-American Conference,,home,,23,5,14,0,7,3,14,1,0.821,2084,Buffalo Bulls,,,,,99.0,85.0,14.0,39.0,60.0,35.0,50.0,32.0,58.0,9.0,21.0,26.0,29.0,8.0,30.0,38.0,18.0,8.0,0.0,17.0,21.0,25.0,68.0,9.0,33.0,26.0,33.0,18.0,19.0,14.0,20.0,58.0,32.0,29.0,26.0,21.0,9.0,8.0,30.0,38.0,17.0,18.0,2026-02-25T10:53:09.274698+00:00,espn,v1.0.0,39.0,35.0,60.0,50.0,,,,,,
401814580,2026-02-25T00:00Z,2026-02-24 04:00 PM PST,,False,True,post,False,0,Akron Zips,Buffalo Bulls,2006,2084,Mid-American Conference,Mid-American Conference,,,-15.5,160.5,,,Draft Kings,AKR -15.5,2084,Buffalo Bulls,Mid-American Conference,,away,,16,12,6,7,8,5,6,9,0.571,2006,Akron Zips,,,,,85.0,99.0,-14.0,35.0,50.0,39.0,60.0,25.0,68.0,9.0,33.0,26.0,33.0,18.0,19.0,37.0,11.0,9.0,4.0,14.0,20.0,32.0,58.0,9.0,21.0,26.0,29.0,8.0,30.0,17.0,21.0,68.0,25.0,33.0,26.0,33.0,9.0,18.0,19.0,37.0,14.0,11.0,2026-02-25T10:53:09.274698+00:00,espn,v1.0.0,39.0,35.0,60.0,50.0,,,,,,
401814581,2026-02-25T00:00Z,2026-02-24 04:00 PM PST,,False,True,post,False,0,Kent State Golden Flashes,Central Michigan Chippewas,2309,2117,Mid-American Conference,Mid-American Conference,,,-11.5,156.5,,,Draft Kings,KENT -11.5,2117,Central Michigan Chippewas,Mid-American Conference,,away,,9,19,8,4,0,14,5,10,0.321,2309,Kent State Golden Flashes,,,,,81.0,83.0,-2.0,42.0,39.0,32.0,51.0,27.0,53.0,12.0,25.0,15.0,22.0,9.0,16.0,25.0,15.0,8.0,3.0,13.0,22.0,26.0,54.0,9.0,24.0,22.0,28.0,14.0,21.0,13.0,18.0,53.0,27.0,22.0,15.0,25.0,12.0,9.0,16.0,25.0,13.0,15.0,2026-02-25T10:53:09.701836+00:00,espn,v1.0.0,32.0,42.0,51.0,39.0,,,,,,
401814581,2026-02-25T00:00Z,2026-02-24 04:00 PM PST,,False,True,post,False,0,Kent State Golden Flashes,Central Michigan Chippewas,2309,2117,Mid-American Conference,Mid-American Conference,,,-11.5,156.5,,,Draft Kings,KENT -11.5,2309,Kent State Golden Flashes,Mid-American Conference,,home,,21,7,13,2,6,5,12,3,0.75,2117,Central Michigan Chippewas,,,,,83.0,81.0,2.0,32.0,51.0,42.0,39.0,26.0,54.0,9.0,24.0,22.0,28.0,14.0,21.0,35.0,16.0,7.0,1.0,13.0,18.0,27.0,53.0,12.0,25.0,15.0,22.0,9.0,16.0,13.0,22.0,54.0,26.0,28.0,22.0,24.0,9.0,14.0,21.0,35.0,13.0,16.0,2026-02-25T10:53:09.701836+00:00,espn,v1.0.0,32.0,42.0,51.0,39.0,,,,,,
401814582,2026-02-25T00:00Z,2026-02-24 04:00 PM PST,,False,True,post,False,0,Ball State Cardinals,Massachusetts Minutemen,2050,113,Mid-American Conference,Mid-American Conference,,,4.5,143.5,,,Draft Kings,MASS -4.5,113,Massachusetts Minutemen,Mid-American Conference,,away,,15,14,10,5,2,7,6,10,0.517,2050,Ball State Cardinals,,,,,73.0,74.0,-1.0,34.0,27.0,21.0,40.0,26.0,69.0,8.0,27.0,13.0,16.0,18.0,31.0,49.0,14.0,4.0,5.0,14.0,21.0,25.0,70.0,6.0,28.0,18.0,22.0,16.0,25.0,10.0,14.0,69.0,26.0,16.0,13.0,27.0,8.0,18.0,31.0,49.0,14.0,14.0,2026-02-25T10:53:10.239323+00:00,espn,v1.0.0,21.0,34.0,40.0,27.0,,,,,,
401814582,2026-02-25T00:00Z,2026-02-24 04:00 PM PST,,False,True,post,False,0,Ball State Cardinals,Massachusetts Minutemen,2050,113,Mid-American Conference,Mid-American Conference,,,4.5,143.5,,,Draft Kings,MASS -4.5,2050,Ball State Cardinals,Mid-American Conference,,home,,9,19,6,7,2,11,4,11,0.321,113,Massachusetts Minutemen,,,,,74.0,73.0,1.0,21.0,40.0,34.0,27.0,25.0,70.0,6.0,28.0,18.0,22.0,16.0,25.0,41.0,12.0,6.0,3.0,10.0,14.0,26.0,69.0,8.0,27.0,13.0,16.0,18.0,31.0,14.0,21.0,70.0,25.0,22.0,18.0,28.0,6.0,16.0,25.0,41.0,10.0,12.0,2026-02-25T10:53:10.239323+00:00,espn,v1.0.0,21.0,34.0,40.0,27.0,,,,,,
401814584,2026-02-25T00:00Z,2026-02-24 04:00 PM PST,,False,True,post,False,0,Toledo Rockets,Northern Illinois Huskies,2649,2459,Mid-American Conference,Mid-American Conference,,,-12.5,150.5,,,Draft Kings,TOL -12.5,2459,Northern Illinois Huskies,Mid-American Conference,,away,,9,18,6,5,3,13,4,11,0.333,2649,Toledo Rockets,,,,,69.0,79.0,-10.0,31.0,38.0,36.0,43.0,27.0,57.0,5.0,23.0,10.0,16.0,9.0,24.0,33.0,13.0,4.0,2.0,11.0,18.0,30.0,64.0,7.0,17.0,12.0,14.0,11.0,24.0,8.0,17.0,57.0,27.0,16.0,10.0,23.0,5.0,9.0,24.0,33.0,11.0,13.0,2026-02-25T10:53:10.869672+00:00,espn,v1.0.0,36.0,31.0,43.0,38.0,,,,,,
401814584,2026-02-25T00:00Z,2026-02-24 04:00 PM PST,,False,True,post,False,0,Toledo Rockets,Northern Illinois Huskies,2649,2459,Mid-American Conference,Mid-American Conference,,,-12.5,150.5,,,Draft Kings,TOL -12.5,2649,Toledo Rockets,Mid-American Conference,,home,,15,13,10,4,4,8,9,6,0.536,2459,Northern Illinois Huskies,,,,,79.0,69.0,10.0,36.0,43.0,31.0,38.0,30.0,64.0,7.0,17.0,12.0,14.0,11.0,24.0,35.0,21.0,5.0,5.0,8.0,17.0,27.0,57.0,5.0,23.0,10.0,16.0,9.0,24.0,11.0,18.0,64.0,30.0,14.0,12.0,17.0,7.0,11.0,24.0,35.0,8.0,21.0,2026-02-25T10:53:10.869672+00:00,espn,v1.0.0,36.0,31.0,43.0,38.0,,,,,,
401814585,2026-02-25T00:00Z,2026-02-24 04:00 PM PST,,False,True,post,False,0,Bowling Green Falcons,Western Michigan Broncos,189,2711,Mid-American Conference,Mid-American Conference,,,-11.5,149.5,,,Draft Kings,BGSU -11.5,189,Bowling Green Falcons,Mid-American Conference,,home,,16,13,9,7,5,6,7,9,0.552,2711,Western Michigan Broncos,,,,,79.0,88.0,-9.0,38.0,41.0,41.0,47.0,25.0,59.0,8.0,21.0,21.0,32.0,9.0,26.0,35.0,14.0,3.0,5.0,7.0,24.0,27.0,56.0,7.0,16.0,27.0,31.0,6.0,30.0,9.0,27.0,59.0,25.0,32.0,21.0,21.0,8.0,9.0,26.0,35.0,7.0,14.0,2026-02-25T10:53:11.339566+00:00,espn,v1.0.0,38.0,41.0,41.0,47.0,,,,,,
401814585,2026-02-25T00:00Z,2026-02-24 04:00 PM PST,,False,True,post,False,0,Bowling Green Falcons,Western Michigan Broncos,189,2711,Mid-American Conference,Mid-American Conference,,,-11.5,149.5,,,Draft Kings,BGSU -11.5,2711,Western Michigan Broncos,Mid-American Conference,,away,,10,18,7,6,3,12,4,11,0.357,189,Bowling Green Falcons,,,,,88.0,79.0,9.0,41.0,47.0,38.0,41.0,27.0,56.0,7.0,16.0,27.0,31.0,6.0,30.0,36.0,8.0,5.0,4.0,9.0,27.0,25.0,59.0,8.0,21.0,21.0,32.0,9.0,26.0,7.0,24.0,56.0,27.0,31.0,27.0,16.0,7.0,6.0,30.0,36.0,9.0,8.0,2026-02-25T10:53:11.339566+00:00,espn,v1.0.0,38.0,41.0,41.0,47.0,,,,,,
401820763,2026-02-25T00:00Z,2026-02-24 04:00 PM PST,,False,True,post,False,0,Virginia Cavaliers,NC State Wolfpack,258,152,Big East,Big East,11.0,,-5.5,151.5,,,Draft Kings,UVA -5.5,152,NC State Wolfpack,Big East,,away,,19,9,11,4,6,3,10,5,0.679,258,Virginia Cavaliers,,,,,61.0,90.0,-29.0,19.0,42.0,32.0,58.0,20.0,68.0,9.0,33.0,12.0,15.0,16.0,20.0,36.0,14.0,8.0,6.0,10.0,15.0,31.0,58.0,12.0,26.0,16.0,18.0,7.0,33.0,12.0,15.0,68.0,20.0,15.0,12.0,33.0,9.0,16.0,20.0,36.0,10.0,14.0,2026-02-25T10:53:12.096008+00:00,espn,v1.0.0,32.0,19.0,58.0,42.0,,,,,,
401820763,2026-02-25T00:00Z,2026-02-24 04:00 PM PST,,False,True,post,False,0,Virginia Cavaliers,NC State Wolfpack,258,152,Big East,Big East,11.0,,-5.5,151.5,,,Draft Kings,UVA -5.5,258,Virginia Cavaliers,Big East,,home,11.0,25,3,14,1,8,1,13,2,0.893,152,NC State Wolfpack,,,,,90.0,61.0,29.0,32.0,58.0,19.0,42.0,31.0,58.0,12.0,26.0,16.0,18.0,7.0,33.0,40.0,17.0,7.0,12.0,12.0,15.0,20.0,68.0,9.0,33.0,12.0,15.0,16.0,20.0,10.0,15.0,58.0,31.0,18.0,16.0,26.0,12.0,7.0,33.0,40.0,12.0,17.0,2026-02-25T10:53:12.096008+00:00,espn,v1.0.0,32.0,19.0,58.0,42.0,,,,,,
401820767,2026-02-25T00:00Z,2026-02-24 04:00 PM PST,,False,True,post,False,0,Notre Dame Fighting Irish,Duke Blue Devils,87,150,Big East,Big East,,1.0,17.5,142.5,,,Draft Kings,DUKE -17.5,150,Duke Blue Devils,Big East,,away,1.0,26,2,13,0,9,1,14,1,0.929,87,Notre Dame Fighting Irish,,,,,100.0,56.0,44.0,54.0,46.0,22.0,34.0,27.0,59.0,12.0,33.0,34.0,38.0,14.0,35.0,49.0,20.0,11.0,1.0,9.0,20.0,19.0,52.0,7.0,26.0,11.0,19.0,5.0,22.0,15.0,22.0,59.0,27.0,38.0,34.0,33.0,12.0,14.0,35.0,49.0,9.0,20.0,2026-02-25T10:53:12.826169+00:00,espn,v1.0.0,22.0,54.0,34.0,46.0,,,,,,
401820767,2026-02-25T00:00Z,2026-02-24 04:00 PM PST,,False,True,post,False,0,Notre Dame Fighting Irish,Duke Blue Devils,87,150,Big East,Big East,,1.0,17.5,142.5,,,Draft Kings,DUKE -17.5,87,Notre Dame Fighting Irish,Big East,,home,,12,16,9,6,2,8,3,12,0.429,150,Duke Blue Devils,,,,,56.0,100.0,-44.0,22.0,34.0,54.0,46.0,19.0,52.0,7.0,26.0,11.0,19.0,5.0,22.0,27.0,9.0,1.0,0.0,15.0,22.0,27.0,59.0,12.0,33.0,34.0,38.0,14.0,35.0,9.0,20.0,52.0,19.0,19.0,11.0,26.0,7.0,5.0,22.0,27.0,15.0,9.0,2026-02-25T10:53:12.826169+00:00,espn,v1.0.0,22.0,54.0,34.0,46.0,,,,,,
401822957,2026-02-25T00:00Z,2026-02-24 04:00 PM PST,,False,True,post,False,0,Georgetown Hoyas,Marquette Golden Eagles,46,269,Big 12,Big 12,,,-2.5,150.5,,,Draft Kings,GTWN -2.5,269,Marquette Golden Eagles,Big 12,,away,,10,18,9,6,1,10,5,12,0.357,46,Georgetown Hoyas,,,,,76.0,60.0,16.0,40.0,36.0,35.0,25.0,31.0,61.0,8.0,24.0,6.0,11.0,10.0,21.0,31.0,14.0,11.0,2.0,9.0,13.0,23.0,61.0,4.0,25.0,10.0,13.0,17.0,24.0,15.0,10.0,61.0,31.0,11.0,6.0,24.0,8.0,10.0,21.0,31.0,9.0,14.0,2026-02-25T10:53:13.111807+00:00,espn,v1.0.0,35.0,40.0,25.0,36.0,,,,,,
401822957,2026-02-25T00:00Z,2026-02-24 04:00 PM PST,,False,True,post,False,0,Georgetown Hoyas,Marquette Golden Eagles,46,269,Big 12,Big 12,,,-2.5,150.5,,,Draft Kings,GTWN -2.5,46,Georgetown Hoyas,Big 12,,home,,13,15,9,7,4,6,5,12,0.464,269,Marquette Golden Eagles,,,,,60.0,76.0,-16.0,35.0,25.0,40.0,36.0,23.0,61.0,4.0,25.0,10.0,13.0,17.0,24.0,41.0,15.0,5.0,4.0,15.0,10.0,31.0,61.0,8.0,24.0,6.0,11.0,10.0,21.0,9.0,13.0,61.0,23.0,13.0,10.0,25.0,4.0,17.0,24.0,41.0,15.0,15.0,2026-02-25T10:53:13.111807+00:00,espn,v1.0.0,35.0,40.0,25.0,36.0,,,,,,
401825536,2026-02-25T00:00Z,2026-02-24 04:00 PM PST,,False,True,post,False,0,Indiana Hoosiers,Northwestern Wildcats,84,77,Pac-12,Pac-12,,,-9.5,145.5,,,Draft Kings,IU -9.5,77,Northwestern Wildcats,Pac-12,,away,,12,16,8,7,3,7,4,13,0.429,84,Indiana Hoosiers,,,,,72.0,68.0,4.0,33.0,39.0,42.0,26.0,26.0,54.0,6.0,13.0,14.0,18.0,11.0,23.0,34.0,15.0,4.0,3.0,9.0,13.0,23.0,50.0,10.0,28.0,12.0,14.0,5.0,18.0,10.0,16.0,54.0,26.0,18.0,14.0,13.0,6.0,11.0,23.0,34.0,9.0,15.0,2026-02-25T10:53:13.755273+00:00,espn,v1.0.0,42.0,33.0,26.0,39.0,,,,,,
401825536,2026-02-25T00:00Z,2026-02-24 04:00 PM PST,,False,True,post,False,0,Indiana Hoosiers,Northwestern Wildcats,84,77,Pac-12,Pac-12,,,-9.5,145.5,,,Draft Kings,IU -9.5,84,Indiana Hoosiers,Pac-12,,home,,17,11,13,3,3,7,8,9,0.607,77,Northwestern Wildcats,,,,,68.0,72.0,-4.0,42.0,26.0,33.0,39.0,23.0,50.0,10.0,28.0,12.0,14.0,5.0,18.0,23.0,18.0,3.0,2.0,10.0,16.0,26.0,54.0,6.0,13.0,14.0,18.0,11.0,23.0,9.0,13.0,50.0,23.0,14.0,12.0,28.0,10.0,5.0,18.0,23.0,10.0,18.0,2026-02-25T10:53:13.755273+00:00,espn,v1.0.0,42.0,33.0,26.0,39.0,,,,,,
401827702,2026-02-25T00:00Z,2026-02-24 04:00 PM PST,,False,True,post,False,0,Oklahoma State Cowboys,West Virginia Mountaineers,197,277,Southeastern Conference,Southeastern Conference,,,-1.5,143.5,,,Draft Kings,OKST -1.5,197,Oklahoma State Cowboys,Southeastern Conference,,home,,17,11,14,4,2,6,5,10,0.607,277,West Virginia Mountaineers,,,,,91.0,84.0,7.0,46.0,31.0,33.0,44.0,31.0,63.0,10.0,23.0,19.0,27.0,13.0,27.0,40.0,17.0,6.0,3.0,10.0,16.0,33.0,68.0,12.0,31.0,6.0,12.0,12.0,21.0,11.0,17.0,63.0,31.0,27.0,19.0,23.0,10.0,13.0,27.0,40.0,10.0,17.0,2026-02-25T10:53:15.857172+00:00,espn,v1.0.0,46.0,33.0,31.0,44.0,,,,,,
401827702,2026-02-25T00:00Z,2026-02-24 04:00 PM PST,,False,True,post,False,0,Oklahoma State Cowboys,West Virginia Mountaineers,197,277,Southeastern Conference,Southeastern Conference,,,-1.5,143.5,,,Draft Kings,OKST -1.5,277,West Virginia Mountaineers,Southeastern Conference,,away,,16,12,13,3,3,5,7,8,0.571,197,Oklahoma State Cowboys,,,,,84.0,91.0,-7.0,33.0,44.0,46.0,31.0,33.0,68.0,12.0,31.0,6.0,12.0,12.0,21.0,33.0,15.0,7.0,4.0,11.0,17.0,31.0,63.0,10.0,23.0,19.0,27.0,13.0,27.0,10.0,16.0,68.0,33.0,12.0,6.0,31.0,12.0,12.0,21.0,33.0,11.0,15.0,2026-02-25T10:53:15.857172+00:00,espn,v1.0.0,46.0,33.0,31.0,44.0,,,,,,
401827704,2026-02-25T00:00Z,2026-02-24 04:00 PM PST,,False,True,post,False,0,Texas Tech Red Raiders,Cincinnati Bearcats,2641,2132,Southeastern Conference,Southeastern Conference,16.0,,-6.5,142.5,,,Draft Kings,TTU -6.5,2132,Cincinnati Bearcats,Southeastern Conference,,away,,15,13,13,3,2,7,7,8,0.536,2641,Texas Tech Red Raiders,,,,,68.0,80.0,-12.0,34.0,34.0,42.0,38.0,25.0,62.0,8.0,24.0,10.0,13.0,11.0,13.0,24.0,8.0,5.0,1.0,3.0,16.0,27.0,52.0,10.0,25.0,16.0,20.0,12.0,28.0,12.0,14.0,62.0,25.0,13.0,10.0,24.0,8.0,11.0,13.0,24.0,3.0,8.0,2026-02-25T10:53:16.454887+00:00,espn,v1.0.0,42.0,34.0,38.0,34.0,,,,,,
401827704,2026-02-25T00:00Z,2026-02-24 04:00 PM PST,,False,True,post,False,0,Texas Tech Red Raiders,Cincinnati Bearcats,2641,2132,Southeastern Conference,Southeastern Conference,16.0,,-6.5,142.5,,,Draft Kings,TTU -6.5,2641,Texas Tech Red Raiders,Southeastern Conference,,home,16.0,21,7,14,1,4,4,11,4,0.75,2132,Cincinnati Bearcats,,,,,80.0,68.0,12.0,42.0,38.0,34.0,34.0,27.0,52.0,10.0,25.0,16.0,20.0,12.0,28.0,40.0,13.0,3.0,6.0,12.0,14.0,25.0,62.0,8.0,24.0,10.0,13.0,11.0,13.0,3.0,16.0,52.0,27.0,20.0,16.0,25.0,10.0,12.0,28.0,40.0,12.0,13.0,2026-02-25T10:53:16.454887+00:00,espn,v1.0.0,42.0,34.0,38.0,34.0,,,,,,
401828443,2026-02-25T00:00Z,2026-02-24 04:00 PM PST,,False,True,post,False,0,Dayton Flyers,Saint Louis Billikens,2168,139,Big Ten,Big Ten,,23.0,4.5,156.5,,,Draft Kings,SLU -4.5,139,Saint Louis Billikens,Big Ten,,away,23.0,25,3,17,0,7,2,13,2,0.893,2168,Dayton Flyers,,,,,62.0,77.0,-15.0,28.0,34.0,44.0,33.0,22.0,55.0,5.0,21.0,13.0,16.0,8.0,27.0,35.0,10.0,5.0,2.0,15.0,22.0,24.0,51.0,8.0,20.0,21.0,28.0,5.0,25.0,10.0,14.0,55.0,22.0,16.0,13.0,21.0,5.0,8.0,27.0,35.0,15.0,10.0,2026-02-25T10:53:17.199429+00:00,espn,v1.0.0,44.0,28.0,33.0,34.0,,,,,,
401828443,2026-02-25T00:00Z,2026-02-24 04:00 PM PST,,False,True,post,False,0,Dayton Flyers,Saint Louis Billikens,2168,139,Big Ten,Big Ten,,23.0,4.5,156.5,,,Draft Kings,SLU -4.5,2168,Dayton Flyers,Big Ten,,home,,19,9,14,2,4,5,10,5,0.679,139,Saint Louis Billikens,,,,,77.0,62.0,15.0,44.0,33.0,28.0,34.0,24.0,51.0,8.0,20.0,21.0,28.0,5.0,25.0,30.0,18.0,5.0,5.0,10.0,14.0,22.0,55.0,5.0,21.0,13.0,16.0,8.0,27.0,15.0,22.0,51.0,24.0,28.0,21.0,20.0,8.0,5.0,25.0,30.0,10.0,18.0,2026-02-25T10:53:17.199429+00:00,espn,v1.0.0,44.0,28.0,33.0,34.0,,,,,,
401806502,2026-02-25T00:30Z,2026-02-24 04:30 PM PST,,False,True,post,False,0,Morehead State Eagles,Southern Indiana Screaming Eagles,2413,88,Southland Conference,Southland Conference,,,-7.5,141.5,,,Draft Kings,MORE -7.5,2413,Morehead State Eagles,Southland Conference,,home,,18,12,11,2,6,10,14,5,0.6,88,Southern Indiana Screaming Eagles,,,,,64.0,63.0,1.0,29.0,35.0,29.0,34.0,21.0,54.0,4.0,12.0,18.0,22.0,11.0,24.0,35.0,7.0,4.0,6.0,6.0,12.0,24.0,58.0,6.0,20.0,9.0,14.0,12.0,24.0,9.0,19.0,54.0,21.0,22.0,18.0,12.0,4.0,11.0,24.0,35.0,6.0,7.0,2026-02-25T10:53:06.521300+00:00,espn,v1.0.0,29.0,29.0,35.0,34.0,,,,,,
401806502,2026-02-25T00:30Z,2026-02-24 04:30 PM PST,,False,True,post,False,0,Morehead State Eagles,Southern Indiana Screaming Eagles,2413,88,Southland Conference,Southland Conference,,,-7.5,141.5,,,Draft Kings,MORE -7.5,88,Southern Indiana Screaming Eagles,Southland Conference,,away,,7,22,3,10,4,10,4,15,0.241,2413,Morehead State Eagles,,,,,63.0,64.0,-1.0,29.0,34.0,29.0,35.0,24.0,58.0,6.0,20.0,9.0,14.0,12.0,24.0,36.0,13.0,5.0,6.0,9.0,19.0,21.0,54.0,4.0,12.0,18.0,22.0,11.0,24.0,6.0,12.0,58.0,24.0,14.0,9.0,20.0,6.0,12.0,24.0,36.0,9.0,13.0,2026-02-25T10:53:06.521300+00:00,espn,v1.0.0,29.0,29.0,35.0,34.0,,,,,,
401808688,2026-02-25T00:30Z,2026-02-24 04:30 PM PST,,False,True,post,False,0,Georgia State Panthers,Coastal Carolina Chanticleers,2247,324,Mid-Eastern Athletic Conference,Mid-Eastern Athletic Conference,,,1.5,141.5,,,Draft Kings,CCU -1.5,2247,Georgia State Panthers,Mid-Eastern Athletic Conference,,home,,10,20,7,6,3,12,7,10,0.333,324,Coastal Carolina Chanticleers,,,,,71.0,76.0,-5.0,28.0,43.0,30.0,46.0,25.0,60.0,5.0,16.0,16.0,19.0,9.0,27.0,36.0,7.0,4.0,3.0,7.0,17.0,27.0,68.0,10.0,31.0,12.0,15.0,14.0,27.0,6.0,15.0,60.0,25.0,19.0,16.0,16.0,5.0,9.0,27.0,36.0,7.0,7.0,2026-02-25T10:53:07.905041+00:00,espn,v1.0.0,28.0,30.0,43.0,46.0,,,,,,
401808688,2026-02-25T00:30Z,2026-02-24 04:30 PM PST,,False,True,post,False,0,Georgia State Panthers,Coastal Carolina Chanticleers,2247,324,Mid-Eastern Athletic Conference,Mid-Eastern Athletic Conference,,,1.5,141.5,,,Draft Kings,CCU -1.5,324,Coastal Carolina Chanticleers,Mid-Eastern Athletic Conference,,away,,18,12,8,5,9,7,10,7,0.6,2247,Georgia State Panthers,,,,,76.0,71.0,5.0,30.0,46.0,28.0,43.0,27.0,68.0,10.0,31.0,12.0,15.0,14.0,27.0,41.0,10.0,4.0,3.0,6.0,15.0,25.0,60.0,5.0,16.0,16.0,19.0,9.0,27.0,7.0,17.0,68.0,27.0,15.0,12.0,31.0,10.0,14.0,27.0,41.0,6.0,10.0,2026-02-25T10:53:07.905041+00:00,espn,v1.0.0,28.0,30.0,43.0,46.0,,,,,,
401830222,2026-02-25T01:00Z,2026-02-24 05:00 PM PST,,False,True,post,False,0,UIC Flames,Bradley Braves,82,71,Ohio Valley Conference,Ohio Valley Conference,,,-1.5,141.5,,,Draft Kings,UIC -1.5,71,Bradley Braves,Ohio Valley Conference,,away,,19,11,13,2,4,7,12,7,0.633,82,UIC Flames,,,,,86.0,93.0,-7.0,28.0,44.0,39.0,33.0,29.0,70.0,12.0,33.0,16.0,24.0,15.0,25.0,40.0,19.0,8.0,4.0,12.0,25.0,30.0,58.0,11.0,23.0,22.0,32.0,7.0,31.0,12.0,21.0,70.0,29.0,24.0,16.0,33.0,12.0,15.0,25.0,40.0,12.0,19.0,2026-02-25T10:53:18.631757+00:00,espn,v1.0.0,39.0,28.0,33.0,44.0,,,,,,
401830222,2026-02-25T01:00Z,2026-02-24 05:00 PM PST,,False,True,post,False,0,UIC Flames,Bradley Braves,82,71,Ohio Valley Conference,Ohio Valley Conference,,,-1.5,141.5,,,Draft Kings,UIC -1.5,82,UIC Flames,Ohio Valley Conference,,home,,17,13,9,5,7,7,12,7,0.567,71,Bradley Braves,,,,,93.0,86.0,7.0,39.0,33.0,28.0,44.0,30.0,58.0,11.0,23.0,22.0,32.0,7.0,31.0,38.0,19.0,9.0,5.0,12.0,21.0,29.0,70.0,12.0,33.0,16.0,24.0,15.0,25.0,12.0,25.0,58.0,30.0,32.0,22.0,23.0,11.0,7.0,31.0,38.0,12.0,19.0,2026-02-25T10:53:18.631757+00:00,espn,v1.0.0,39.0,28.0,33.0,44.0,,,,,,
401808690,2026-02-25T01:30Z,2026-02-24 05:30 PM PST,,False,True,post,False,0,Arkansas State Red Wolves,Southern Miss Golden Eagles,2032,2572,Mid-Eastern Athletic Conference,Mid-Eastern Athletic Conference,,,-9.5,158.5,,,Draft Kings,ARST -9.5,2032,Arkansas State Red Wolves,Mid-Eastern Athletic Conference,,home,,19,11,10,4,9,7,10,7,0.633,2572,Southern Miss Golden Eagles,,,,,89.0,84.0,5.0,53.0,36.0,44.0,40.0,24.0,59.0,5.0,20.0,36.0,46.0,18.0,23.0,41.0,13.0,6.0,5.0,18.0,17.0,34.0,67.0,5.0,17.0,11.0,21.0,13.0,23.0,13.0,32.0,59.0,24.0,46.0,36.0,20.0,5.0,18.0,23.0,41.0,18.0,13.0,2026-02-25T10:53:08.550589+00:00,espn,v1.0.0,53.0,44.0,36.0,40.0,,,,,,
401808690,2026-02-25T01:30Z,2026-02-24 05:30 PM PST,,False,True,post,False,0,Arkansas State Red Wolves,Southern Miss Golden Eagles,2032,2572,Mid-Eastern Athletic Conference,Mid-Eastern Athletic Conference,,,-9.5,158.5,,,Draft Kings,ARST -9.5,2572,Southern Miss Golden Eagles,Mid-Eastern Athletic Conference,,away,,15,15,10,3,3,11,8,9,0.5,2032,Arkansas State Red Wolves,,,,,84.0,89.0,-5.0,44.0,40.0,53.0,36.0,34.0,67.0,5.0,17.0,11.0,21.0,13.0,23.0,36.0,21.0,10.0,4.0,13.0,32.0,24.0,59.0,5.0,20.0,36.0,46.0,18.0,23.0,18.0,17.0,67.0,34.0,21.0,11.0,17.0,5.0,13.0,23.0,36.0,13.0,21.0,2026-02-25T10:53:08.550589+00:00,espn,v1.0.0,53.0,44.0,36.0,40.0,,,,,,
401825537,2026-02-25T01:30Z,2026-02-24 05:30 PM PST,,False,True,post,False,0,Michigan Wolverines,Minnesota Golden Gophers,130,135,Pac-12,Pac-12,3.0,,-21.5,145.5,,,Draft Kings,MICH -21.5,130,Michigan Wolverines,Pac-12,,home,3.0,26,2,13,1,9,0,16,1,0.929,135,Minnesota Golden Gophers,,,,,77.0,67.0,10.0,32.0,45.0,28.0,39.0,29.0,58.0,14.0,33.0,5.0,5.0,10.0,29.0,39.0,19.0,3.0,2.0,14.0,9.0,25.0,55.0,12.0,34.0,5.0,6.0,1.0,17.0,8.0,9.0,58.0,29.0,5.0,5.0,33.0,14.0,10.0,29.0,39.0,14.0,19.0,2026-02-25T10:53:14.046691+00:00,espn,v1.0.0,32.0,28.0,45.0,39.0,,,,,,
401825537,2026-02-25T01:30Z,2026-02-24 05:30 PM PST,,False,True,post,False,0,Michigan Wolverines,Minnesota Golden Gophers,130,135,Pac-12,Pac-12,3.0,,-21.5,145.5,,,Draft Kings,MICH -21.5,135,Minnesota Golden Gophers,Pac-12,,away,,13,15,11,4,2,8,6,11,0.464,130,Michigan Wolverines,,,,,67.0,77.0,-10.0,28.0,39.0,32.0,45.0,25.0,55.0,12.0,34.0,5.0,6.0,1.0,17.0,18.0,15.0,8.0,3.0,8.0,9.0,29.0,58.0,14.0,33.0,5.0,5.0,10.0,29.0,14.0,9.0,55.0,25.0,6.0,5.0,34.0,12.0,1.0,17.0,18.0,8.0,15.0,2026-02-25T10:53:14.046691+00:00,espn,v1.0.0,32.0,28.0,45.0,39.0,,,,,,
401808257,2026-02-25T02:00Z,2026-02-24 06:00 PM PST,,False,True,post,False,0,Missouri Tigers,Tennessee Volunteers,142,2633,Patriot League,Patriot League,,22.0,2.5,144.5,,,Draft Kings,TENN -2.5,142,Missouri Tigers,Patriot League,,home,,19,9,15,2,4,5,9,6,0.679,2633,Tennessee Volunteers,,,,,73.0,69.0,4.0,26.0,47.0,29.0,40.0,26.0,55.0,4.0,17.0,17.0,22.0,9.0,21.0,30.0,9.0,9.0,3.0,8.0,13.0,27.0,63.0,7.0,24.0,8.0,14.0,18.0,24.0,15.0,14.0,55.0,26.0,22.0,17.0,17.0,4.0,9.0,21.0,30.0,8.0,9.0,2026-02-25T10:53:06.773682+00:00,espn,v1.0.0,26.0,29.0,47.0,40.0,,,,,,
401808257,2026-02-25T02:00Z,2026-02-24 06:00 PM PST,,False,True,post,False,0,Missouri Tigers,Tennessee Volunteers,142,2633,Patriot League,Patriot League,,22.0,2.5,144.5,,,Draft Kings,TENN -2.5,2633,Tennessee Volunteers,Patriot League,,away,22.0,20,8,14,1,4,5,10,5,0.714,142,Missouri Tigers,,,,,69.0,73.0,-4.0,29.0,40.0,26.0,47.0,27.0,63.0,7.0,24.0,8.0,14.0,18.0,24.0,42.0,13.0,7.0,4.0,15.0,14.0,26.0,55.0,4.0,17.0,17.0,22.0,9.0,21.0,8.0,13.0,63.0,27.0,14.0,8.0,24.0,7.0,18.0,24.0,42.0,15.0,13.0,2026-02-25T10:53:06.773682+00:00,espn,v1.0.0,26.0,29.0,47.0,40.0,,,,,,
401808262,2026-02-25T02:00Z,2026-02-24 06:00 PM PST,,False,True,post,False,0,Oklahoma Sooners,Auburn Tigers,201,2,Patriot League,Patriot League,,,3.5,156.5,,,Draft Kings,AUB -3.5,2,Auburn Tigers,Patriot League,,away,,15,13,10,3,2,7,6,9,0.536,201,Oklahoma Sooners,,,,,79.0,91.0,-12.0,42.0,37.0,51.0,40.0,25.0,53.0,8.0,19.0,21.0,27.0,14.0,21.0,35.0,11.0,6.0,7.0,14.0,17.0,30.0,57.0,13.0,19.0,18.0,25.0,11.0,17.0,9.0,21.0,53.0,25.0,27.0,21.0,19.0,8.0,14.0,21.0,35.0,14.0,11.0,2026-02-25T10:53:07.518327+00:00,espn,v1.0.0,51.0,42.0,40.0,37.0,,,,,,
401808262,2026-02-25T02:00Z,2026-02-24 06:00 PM PST,,False,True,post,False,0,Oklahoma Sooners,Auburn Tigers,201,2,Patriot League,Patriot League,,,3.5,156.5,,,Draft Kings,AUB -3.5,201,Oklahoma Sooners,Patriot League,,home,,14,14,10,5,2,7,4,11,0.5,2,Auburn Tigers,,,,,91.0,79.0,12.0,51.0,40.0,42.0,37.0,30.0,57.0,13.0,19.0,18.0,25.0,11.0,17.0,28.0,12.0,10.0,6.0,9.0,21.0,25.0,53.0,8.0,19.0,21.0,27.0,14.0,21.0,14.0,17.0,57.0,30.0,25.0,18.0,19.0,13.0,11.0,17.0,28.0,9.0,12.0,2026-02-25T10:53:07.518327+00:00,espn,v1.0.0,51.0,42.0,40.0,37.0,,,,,,
401820573,2026-02-25T02:00Z,2026-02-24 06:00 PM PST,,False,True,post,False,0,Air Force Falcons,San José State Spartans,2005,23,Independents,Independents,,,6.5,145.5,,,Draft Kings,SJSU -6.5,2005,Air Force Falcons,Independents,,home,,3,25,3,14,0,10,0,17,0.107,23,San José State Spartans,,,,,80.0,86.0,-6.0,37.0,43.0,42.0,44.0,29.0,57.0,8.0,22.0,14.0,22.0,10.0,22.0,32.0,16.0,5.0,4.0,10.0,15.0,28.0,57.0,13.0,24.0,17.0,19.0,9.0,22.0,8.0,17.0,57.0,29.0,22.0,14.0,22.0,8.0,10.0,22.0,32.0,10.0,16.0,2026-02-25T10:53:11.797228+00:00,espn,v1.0.0,37.0,42.0,43.0,44.0,,,,,,
401820573,2026-02-25T02:00Z,2026-02-24 06:00 PM PST,,False,True,post,False,0,Air Force Falcons,San José State Spartans,2005,23,Independents,Independents,,,6.5,145.5,,,Draft Kings,SJSU -6.5,23,San José State Spartans,Independents,,away,,8,20,6,8,1,11,3,14,0.286,2005,Air Force Falcons,,,,,86.0,80.0,6.0,42.0,44.0,37.0,43.0,28.0,57.0,13.0,24.0,17.0,19.0,9.0,22.0,31.0,11.0,6.0,3.0,8.0,17.0,29.0,57.0,8.0,22.0,14.0,22.0,10.0,22.0,10.0,15.0,57.0,28.0,19.0,17.0,24.0,13.0,9.0,22.0,31.0,8.0,11.0,2026-02-25T10:53:11.797228+00:00,espn,v1.0.0,37.0,42.0,43.0,44.0,,,,,,
401820766,2026-02-25T02:00Z,2026-02-24 06:00 PM PST,,False,True,post,False,0,Florida State Seminoles,Miami Hurricanes,52,2390,Big East,Big East,,,2.5,153.5,,,Draft Kings,MIA -2.5,2390,Miami Hurricanes,Big East,,away,,22,6,14,2,7,2,11,4,0.786,52,Florida State Seminoles,,,,,83.0,73.0,10.0,38.0,45.0,32.0,41.0,31.0,59.0,9.0,21.0,12.0,19.0,16.0,26.0,42.0,15.0,7.0,5.0,18.0,17.0,27.0,59.0,8.0,28.0,11.0,16.0,7.0,16.0,12.0,18.0,59.0,31.0,19.0,12.0,21.0,9.0,16.0,26.0,42.0,18.0,15.0,2026-02-25T10:53:12.518599+00:00,espn,v1.0.0,32.0,38.0,41.0,45.0,,,,,,
401820766,2026-02-25T02:00Z,2026-02-24 06:00 PM PST,,False,True,post,False,0,Florida State Seminoles,Miami Hurricanes,52,2390,Big East,Big East,,,2.5,153.5,,,Draft Kings,MIA -2.5,52,Florida State Seminoles,Big East,,home,,14,14,10,6,4,5,7,8,0.5,2390,Miami Hurricanes,,,,,73.0,83.0,-10.0,32.0,41.0,38.0,45.0,27.0,59.0,8.0,28.0,11.0,16.0,7.0,16.0,23.0,12.0,7.0,7.0,12.0,18.0,31.0,59.0,9.0,21.0,12.0,19.0,16.0,26.0,18.0,17.0,59.0,27.0,16.0,11.0,28.0,8.0,7.0,16.0,23.0,12.0,12.0,2026-02-25T10:53:12.518599+00:00,espn,v1.0.0,32.0,38.0,41.0,45.0,,,,,,
401823832,2026-02-25T02:00Z,2026-02-24 06:00 PM PST,,False,True,post,False,0,Boise State Broncos,Wyoming Cowboys,68,2751,Independents,Independents,,,-8.5,146.5,,,Draft Kings,BOIS -8.5,2751,Wyoming Cowboys,Independents,,away,,15,13,12,4,2,9,6,11,0.536,68,Boise State Broncos,,,,,62.0,72.0,-10.0,30.0,32.0,32.0,40.0,24.0,57.0,7.0,26.0,7.0,9.0,7.0,16.0,23.0,12.0,10.0,4.0,9.0,15.0,25.0,53.0,5.0,21.0,17.0,19.0,10.0,25.0,12.0,12.0,57.0,24.0,9.0,7.0,26.0,7.0,7.0,16.0,23.0,9.0,12.0,2026-02-25T10:53:13.424839+00:00,espn,v1.0.0,32.0,30.0,40.0,32.0,,,,,,
401823832,2026-02-25T02:00Z,2026-02-24 06:00 PM PST,,False,True,post,False,0,Boise State Broncos,Wyoming Cowboys,68,2751,Independents,Independents,,,-8.5,146.5,,,Draft Kings,BOIS -8.5,68,Boise State Broncos,Independents,,home,,17,11,11,4,4,5,9,8,0.607,2751,Wyoming Cowboys,,,,,72.0,62.0,10.0,32.0,40.0,30.0,32.0,25.0,53.0,5.0,21.0,17.0,19.0,10.0,25.0,35.0,11.0,3.0,7.0,12.0,12.0,24.0,57.0,7.0,26.0,7.0,9.0,7.0,16.0,9.0,15.0,53.0,25.0,19.0,17.0,21.0,5.0,10.0,25.0,35.0,12.0,11.0,2026-02-25T10:53:13.424839+00:00,espn,v1.0.0,32.0,30.0,40.0,32.0,,,,,,
401827700,2026-02-25T02:00Z,2026-02-24 06:00 PM PST,,False,True,post,False,0,Baylor Bears,Arizona Wildcats,239,12,Southeastern Conference,Southeastern Conference,,2.0,8.5,154.5,,,Draft Kings,ARIZ -8.5,12,Arizona Wildcats,Southeastern Conference,,away,2.0,26,2,14,1,8,1,13,2,0.929,239,Baylor Bears,,,,,87.0,80.0,7.0,34.0,53.0,41.0,39.0,30.0,61.0,9.0,21.0,18.0,23.0,13.0,24.0,37.0,17.0,2.0,2.0,7.0,17.0,29.0,59.0,7.0,22.0,15.0,21.0,9.0,21.0,5.0,17.0,61.0,30.0,23.0,18.0,21.0,9.0,13.0,24.0,37.0,7.0,17.0,2026-02-25T10:53:15.231097+00:00,espn,v1.0.0,41.0,34.0,39.0,53.0,,,,,,
401827700,2026-02-25T02:00Z,2026-02-24 06:00 PM PST,,False,True,post,False,0,Baylor Bears,Arizona Wildcats,239,12,Southeastern Conference,Southeastern Conference,,2.0,8.5,154.5,,,Draft Kings,ARIZ -8.5,239,Baylor Bears,Southeastern Conference,,home,,14,14,10,6,2,6,4,11,0.5,12,Arizona Wildcats,,,,,80.0,87.0,-7.0,41.0,39.0,34.0,53.0,29.0,59.0,7.0,22.0,15.0,21.0,9.0,21.0,30.0,12.0,2.0,3.0,5.0,17.0,30.0,61.0,9.0,21.0,18.0,23.0,13.0,24.0,7.0,17.0,59.0,29.0,21.0,15.0,22.0,7.0,9.0,21.0,30.0,5.0,12.0,2026-02-25T10:53:15.231097+00:00,espn,v1.0.0,41.0,34.0,39.0,53.0,,,,,,
401827703,2026-02-25T02:00Z,2026-02-24 06:00 PM PST,,False,True,post,False,0,TCU Horned Frogs,Arizona State Sun Devils,2628,9,Southeastern Conference,Southeastern Conference,,,-7.5,149.5,,,Draft Kings,TCU -7.5,2628,TCU Horned Frogs,Southeastern Conference,,home,,18,10,13,5,3,5,8,7,0.643,9,Arizona State Sun Devils,,,,,90.0,78.0,12.0,33.0,57.0,30.0,48.0,27.0,64.0,8.0,23.0,28.0,40.0,17.0,23.0,40.0,22.0,10.0,4.0,7.0,23.0,28.0,61.0,5.0,20.0,17.0,23.0,8.0,26.0,13.0,29.0,64.0,27.0,40.0,28.0,23.0,8.0,17.0,23.0,40.0,7.0,22.0,2026-02-25T10:53:16.163046+00:00,espn,v1.0.0,33.0,30.0,57.0,48.0,,,,,,
401827703,2026-02-25T02:00Z,2026-02-24 06:00 PM PST,,False,True,post,False,0,TCU Horned Frogs,Arizona State Sun Devils,2628,9,Southeastern Conference,Southeastern Conference,,,-7.5,149.5,,,Draft Kings,TCU -7.5,9,Arizona State Sun Devils,Southeastern Conference,,away,,14,14,8,5,2,8,5,10,0.5,2628,TCU Horned Frogs,,,,,78.0,90.0,-12.0,30.0,48.0,33.0,57.0,28.0,61.0,5.0,20.0,17.0,23.0,8.0,26.0,34.0,21.0,3.0,6.0,13.0,29.0,27.0,64.0,8.0,23.0,28.0,40.0,17.0,23.0,7.0,23.0,61.0,28.0,23.0,17.0,20.0,5.0,8.0,26.0,34.0,13.0,21.0,2026-02-25T10:53:16.163046+00:00,espn,v1.0.0,33.0,30.0,57.0,48.0,,,,,,
401827705,2026-02-25T02:00Z,2026-02-24 06:00 PM PST,,False,True,post,False,0,Utah Utes,Iowa State Cyclones,254,66,Southeastern Conference,Southeastern Conference,,4.0,14.5,144.5,,,Draft Kings,ISU -14.5,254,Utah Utes,Southeastern Conference,,home,,10,18,8,8,1,8,2,13,0.357,66,Iowa State Cyclones,,,,,59.0,75.0,-16.0,31.0,28.0,41.0,34.0,21.0,46.0,6.0,18.0,11.0,16.0,4.0,26.0,30.0,13.0,6.0,5.0,18.0,14.0,28.0,59.0,7.0,23.0,12.0,18.0,8.0,24.0,9.0,18.0,46.0,21.0,16.0,11.0,18.0,6.0,4.0,26.0,30.0,18.0,13.0,2026-02-25T10:53:16.774460+00:00,espn,v1.0.0,31.0,41.0,28.0,34.0,,,,,,
401827705,2026-02-25T02:00Z,2026-02-24 06:00 PM PST,,False,True,post,False,0,Utah Utes,Iowa State Cyclones,254,66,Southeastern Conference,Southeastern Conference,,4.0,14.5,144.5,,,Draft Kings,ISU -14.5,66,Iowa State Cyclones,Southeastern Conference,,away,4.0,24,4,15,0,5,4,11,4,0.857,254,Utah Utes,,,,,75.0,59.0,16.0,41.0,34.0,31.0,28.0,28.0,59.0,7.0,23.0,12.0,18.0,8.0,24.0,32.0,15.0,10.0,3.0,9.0,18.0,21.0,46.0,6.0,18.0,11.0,16.0,4.0,26.0,18.0,14.0,59.0,28.0,18.0,12.0,23.0,7.0,8.0,24.0,32.0,9.0,15.0,2026-02-25T10:53:16.774460+00:00,espn,v1.0.0,31.0,41.0,28.0,34.0,,,,,,
401828935,2026-02-25T02:00Z,2026-02-24 06:00 PM PST,,False,True,post,False,0,Colorado State Rams,Fresno State Bulldogs,36,278,Independents,Independents,,,-8.5,148.5,,,Draft Kings,CSU -8.5,278,Fresno State Bulldogs,Independents,,away,,12,16,9,6,2,9,6,11,0.429,36,Colorado State Rams,,,,,70.0,74.0,-4.0,39.0,31.0,32.0,42.0,27.0,58.0,8.0,21.0,8.0,11.0,8.0,23.0,31.0,13.0,6.0,1.0,12.0,16.0,26.0,58.0,9.0,29.0,13.0,17.0,11.0,24.0,11.0,11.0,58.0,27.0,11.0,8.0,21.0,8.0,8.0,23.0,31.0,12.0,13.0,2026-02-25T10:53:17.875584+00:00,espn,v1.0.0,32.0,39.0,42.0,31.0,,,,,,
401828935,2026-02-25T02:00Z,2026-02-24 06:00 PM PST,,False,True,post,False,0,Colorado State Rams,Fresno State Bulldogs,36,278,Independents,Independents,,,-8.5,148.5,,,Draft Kings,CSU -8.5,36,Colorado State Rams,Independents,,home,,18,10,12,4,4,5,9,8,0.643,278,Fresno State Bulldogs,,,,,74.0,70.0,4.0,32.0,42.0,39.0,31.0,26.0,58.0,9.0,29.0,13.0,17.0,11.0,24.0,35.0,15.0,7.0,3.0,11.0,11.0,27.0,58.0,8.0,21.0,8.0,11.0,8.0,23.0,12.0,16.0,58.0,26.0,17.0,13.0,29.0,9.0,11.0,24.0,35.0,11.0,15.0,2026-02-25T10:53:17.875584+00:00,espn,v1.0.0,32.0,39.0,42.0,31.0,,,,,,
401825539,2026-02-25T04:00Z,2026-02-24 08:00 PM PST,,False,True,post,False,0,UCLA Bruins,USC Trojans,26,30,Pac-12,Pac-12,,,-7.5,150.5,,,Draft Kings,UCLA -7.5,26,UCLA Bruins,Pac-12,,home,,19,9,16,1,3,5,11,6,0.679,30,USC Trojans,,,,,81.0,62.0,19.0,38.0,43.0,29.0,33.0,31.0,63.0,7.0,20.0,12.0,14.0,8.0,23.0,31.0,18.0,8.0,4.0,5.0,16.0,21.0,60.0,8.0,26.0,12.0,16.0,17.0,24.0,14.0,16.0,63.0,31.0,14.0,12.0,20.0,7.0,8.0,23.0,31.0,5.0,18.0,2026-02-25T10:53:14.945981+00:00,espn,v1.0.0,38.0,29.0,43.0,33.0,,,,,,
401825539,2026-02-25T04:00Z,2026-02-24 08:00 PM PST,,False,True,post,False,0,UCLA Bruins,USC Trojans,26,30,Pac-12,Pac-12,,,-7.5,150.5,,,Draft Kings,UCLA -7.5,30,USC Trojans,Pac-12,,away,,18,10,9,5,5,5,7,10,0.643,26,UCLA Bruins,,,,,62.0,81.0,-19.0,29.0,33.0,38.0,43.0,21.0,60.0,8.0,26.0,12.0,16.0,17.0,24.0,41.0,11.0,2.0,5.0,14.0,16.0,31.0,63.0,7.0,20.0,12.0,14.0,8.0,23.0,5.0,16.0,60.0,21.0,16.0,12.0,26.0,8.0,17.0,24.0,41.0,14.0,11.0,2026-02-25T10:53:14.945981+00:00,espn,v1.0.0,38.0,29.0,43.0,33.0,,,,,,
401827701,2026-02-25T04:00Z,2026-02-24 08:00 PM PST,,False,True,post,False,0,BYU Cougars,UCF Knights,252,2116,Southeastern Conference,Southeastern Conference,19.0,,-12.5,162.5,,,Draft Kings,BYU -12.5,2116,UCF Knights,Southeastern Conference,,away,,20,7,14,3,5,4,9,6,0.741,252,BYU Cougars,,,,,97.0,84.0,13.0,52.0,45.0,28.0,56.0,36.0,64.0,14.0,24.0,11.0,14.0,8.0,32.0,40.0,25.0,5.0,2.0,15.0,17.0,29.0,71.0,9.0,27.0,17.0,20.0,12.0,22.0,9.0,14.0,64.0,36.0,14.0,11.0,24.0,14.0,8.0,32.0,40.0,15.0,25.0,2026-02-25T10:53:15.532654+00:00,espn,v1.0.0,28.0,52.0,56.0,45.0,,,,,,
401827701,2026-02-25T04:00Z,2026-02-24 08:00 PM PST,,False,True,post,False,0,BYU Cougars,UCF Knights,252,2116,Southeastern Conference,Southeastern Conference,19.0,,-12.5,162.5,,,Draft Kings,BYU -12.5,252,BYU Cougars,Southeastern Conference,,home,19.0,20,8,13,3,3,4,8,7,0.714,2116,UCF Knights,,,,,84.0,97.0,-13.0,28.0,56.0,52.0,45.0,29.0,71.0,9.0,27.0,17.0,20.0,12.0,22.0,34.0,11.0,6.0,5.0,9.0,14.0,36.0,64.0,14.0,24.0,11.0,14.0,8.0,32.0,15.0,17.0,71.0,29.0,20.0,17.0,27.0,9.0,12.0,22.0,34.0,9.0,11.0,2026-02-25T10:53:15.532654+00:00,espn,v1.0.0,28.0,52.0,56.0,45.0,,,,,,
401829320,2026-02-25T04:00Z,2026-02-24 08:00 PM PST,,False,True,post,False,0,Nevada Wolf Pack,New Mexico Lobos,2440,167,Independents,Independents,,,-1.5,148.5,,,Draft Kings,NEV -1.5,167,New Mexico Lobos,Independents,,away,,21,7,13,2,7,4,12,5,0.75,2440,Nevada Wolf Pack,,,,,60.0,67.0,-7.0,23.0,37.0,23.0,44.0,21.0,55.0,6.0,21.0,12.0,21.0,7.0,25.0,32.0,12.0,8.0,3.0,13.0,18.0,23.0,58.0,5.0,17.0,16.0,22.0,11.0,33.0,13.0,19.0,55.0,21.0,21.0,12.0,21.0,6.0,7.0,25.0,32.0,13.0,12.0,2026-02-25T10:53:18.197413+00:00,espn,v1.0.0,23.0,23.0,44.0,37.0,,,,,,
401829320,2026-02-25T04:00Z,2026-02-24 08:00 PM PST,,False,True,post,False,0,Nevada Wolf Pack,New Mexico Lobos,2440,167,Independents,Independents,,,-1.5,148.5,,,Draft Kings,NEV -1.5,2440,Nevada Wolf Pack,Independents,,home,,19,9,14,2,4,6,11,6,0.679,167,New Mexico Lobos,,,,,67.0,60.0,7.0,23.0,44.0,23.0,37.0,23.0,58.0,5.0,17.0,16.0,22.0,11.0,33.0,44.0,17.0,7.0,5.0,13.0,19.0,21.0,55.0,6.0,21.0,12.0,21.0,7.0,25.0,13.0,18.0,58.0,23.0,22.0,16.0,17.0,5.0,11.0,33.0,44.0,13.0,17.0,2026-02-25T10:53:18.197413+00:00,espn,v1.0.0,23.0,23.0,44.0,37.0,,,,,,
401826824,2026-02-25T16:00Z,2026-02-25 08:00 AM PST,,False,False,pre,False,0,Army Black Knights,Bucknell Bison,349,2083,Independent,Independent,,,-3.5,141.5,,,Draft Kings,ARMY -3.5,2083,Bucknell Bison,Independent,,away,,8,21,5,8,3,11,5,11,0.276,349,Army Black Knights,,,,,,,,,,,,,,,,,,,,31.3,12.9,7.0,2.0,,,,,,,,,,,,,,,,,,,,,31.3,,12.9,2026-02-25T10:53:30.214628+00:00,espn,v1.0.0,,,,,,,,,,
401826824,2026-02-25T16:00Z,2026-02-25 08:00 AM PST,,False,False,pre,False,0,Army Black Knights,Bucknell Bison,349,2083,Independent,Independent,,,-3.5,141.5,,,Draft Kings,ARMY -3.5,349,Army Black Knights,Independent,,home,,11,18,6,9,5,8,5,11,0.379,2083,Bucknell Bison,,,,,,,,,,,,,,,,,,,,35.6,14.9,5.7,1.4,,,,,,,,,,,,,,,,,,,,,35.6,,14.9,2026-02-25T10:53:30.214628+00:00,espn,v1.0.0,,,,,,,,,,
401809384,2026-02-25T23:00Z,2026-02-25 03:00 PM PST,,False,False,pre,False,0,Furman Paladins,The Citadel Bulldogs,231,2643,Colonial Athletic Association,Colonial Athletic Association,,,-15.5,142.5,,,Draft Kings,FUR -15.5,231,Furman Paladins,Colonial Athletic Association,,home,,18,11,10,5,7,4,9,7,0.621,2643,The Citadel Bulldogs,,,,,,,,,,,,,,,,,,,,38.6,16.2,4.9,3.3,,,,,,,,,,,,,,,,,,,,,38.6,,16.2,2026-02-25T10:53:23.296506+00:00,espn,v1.0.0,,,,,,,,,,
401809384,2026-02-25T23:00Z,2026-02-25 03:00 PM PST,,False,False,pre,False,0,Furman Paladins,The Citadel Bulldogs,231,2643,Colonial Athletic Association,Colonial Athletic Association,,,-15.5,142.5,,,Draft Kings,FUR -15.5,2643,The Citadel Bulldogs,Colonial Athletic Association,,away,,9,20,7,8,2,11,6,10,0.31,231,Furman Paladins,,,,,,,,,,,,,,,,,,,,33.8,12.4,5.5,2.3,,,,,,,,,,,,,,,,,,,,,33.8,,12.4,2026-02-25T10:53:23.296506+00:00,espn,v1.0.0,,,,,,,,,,
401820764,2026-02-25T23:00Z,2026-02-25 03:00 PM PST,,False,False,pre,False,0,Boston College Eagles,Wake Forest Demon Deacons,103,154,Big East,Big East,,,4.5,145.5,,,Draft Kings,WAKE -4.5,103,Boston College Eagles,Big East,,home,,9,18,8,7,1,8,2,12,0.333,154,Wake Forest Demon Deacons,,,,,,,,,,,,,,,,,,,,36.6,11.5,4.7,4.5,,,,,,,,,,,,,,,,,,,,,36.6,,11.5,2026-02-25T10:53:26.071291+00:00,espn,v1.0.0,,,,,,,,,,
401820764,2026-02-25T23:00Z,2026-02-25 03:00 PM PST,,False,False,pre,False,0,Boston College Eagles,Wake Forest Demon Deacons,103,154,Big East,Big East,,,4.5,145.5,,,Draft Kings,WAKE -4.5,154,Wake Forest Demon Deacons,Big East,,away,,14,13,10,6,2,5,5,9,0.519,103,Boston College Eagles,,,,,,,,,,,,,,,,,,,,32.8,14.4,8.4,3.5,,,,,,,,,,,,,,,,,,,,,32.8,,14.4,2026-02-25T10:53:26.071291+00:00,espn,v1.0.0,,,,,,,,,,
401861277,2026-02-25T23:00Z,2026-02-25 03:00 PM PST,,False,False,pre,False,0,South Carolina State Bulldogs,Morgan State Bears,2569,2415,Southern Conference,Southern Conference,,,-1.5,157.5,,,Draft Kings,SCST -1.5,2415,Morgan State Bears,Southern Conference,,away,,11,14,7,5,4,9,7,3,0.44,2569,South Carolina State Bulldogs,,,,,,,,,,,,,,,,,,,,34.8,13.3,5.3,3.5,,,,,,,,,,,,,,,,,,,,,34.8,,13.3,2026-02-25T10:53:36.280352+00:00,espn,v1.0.0,,,,,,,,,,
401861277,2026-02-25T23:00Z,2026-02-25 03:00 PM PST,,False,False,pre,False,0,South Carolina State Bulldogs,Morgan State Bears,2569,2415,Southern Conference,Southern Conference,,,-1.5,157.5,,,Draft Kings,SCST -1.5,2569,South Carolina State Bulldogs,Southern Conference,,home,,7,19,6,4,1,15,5,5,0.269,2415,Morgan State Bears,,,,,,,,,,,,,,,,,,,,30.8,12.0,7.0,3.6,,,,,,,,,,,,,,,,,,,,,30.8,,12.0,2026-02-25T10:53:36.280352+00:00,espn,v1.0.0,,,,,,,,,,
401817684,2026-02-25T23:30Z,2026-02-25 03:30 PM PST,,False,False,pre,False,0,IU Indianapolis Jaguars,Oakland Golden Grizzlies,85,2473,Horizon League,Horizon League,,,5.5,170.5,,,Draft Kings,OAK -5.5,2473,Oakland Golden Grizzlies,Horizon League,,away,,15,14,7,4,7,9,11,7,0.517,85,IU Indianapolis Jaguars,,,,,,,,,,,,,,,,,,,,35.0,15.6,7.7,3.8,,,,,,,,,,,,,,,,,,,,,35.0,,15.6,2026-02-25T10:53:24.855625+00:00,espn,v1.0.0,,,,,,,,,,
401817684,2026-02-25T23:30Z,2026-02-25 03:30 PM PST,,False,False,pre,False,0,IU Indianapolis Jaguars,Oakland Golden Grizzlies,85,2473,Horizon League,Horizon League,,,5.5,170.5,,,Draft Kings,OAK -5.5,85,IU Indianapolis Jaguars,Horizon League,,home,,7,22,5,7,2,14,3,15,0.241,2473,Oakland Golden Grizzlies,,,,,,,,,,,,,,,,,,,,32.7,20.1,9.2,3.3,,,,,,,,,,,,,,,,,,,,,32.7,,20.1,2026-02-25T10:53:24.855625+00:00,espn,v1.0.0,,,,,,,,,,
401807757,2026-02-26T00:00Z,2026-02-25 04:00 PM PST,,False,False,pre,False,0,Eastern Kentucky Colonels,Queens University Royals,2198,2511,Missouri Valley Conference,Missouri Valley Conference,,,1.5,165.5,,,Draft Kings,QUC -1.5,2198,Eastern Kentucky Colonels,Missouri Valley Conference,,home,,11,18,8,5,3,13,7,9,0.379,2511,Queens University Royals,,,,,,,,,,,,,,,,,,,,36.1,14.6,7.3,3.1,,,,,,,,,,,,,,,,,,,,,36.1,,14.6,2026-02-25T10:53:19.323437+00:00,espn,v1.0.0,,,,,,,,,,
401807757,2026-02-26T00:00Z,2026-02-25 04:00 PM PST,,False,False,pre,False,0,Eastern Kentucky Colonels,Queens University Royals,2198,2511,Missouri Valley Conference,Missouri Valley Conference,,,1.5,165.5,,,Draft Kings,QUC -1.5,2511,Queens University Royals,Missouri Valley Conference,,away,,17,12,12,2,5,9,12,4,0.586,2198,Eastern Kentucky Colonels,,,,,,,,,,,,,,,,,,,,33.4,15.8,5.5,3.0,,,,,,,,,,,,,,,,,,,,,33.4,,15.8,2026-02-25T10:53:19.323437+00:00,espn,v1.0.0,,,,,,,,,,
401807761,2026-02-26T00:00Z,2026-02-25 04:00 PM PST,,False,False,pre,False,0,West Georgia Wolves,Lipscomb Bisons,2698,288,Missouri Valley Conference,Missouri Valley Conference,,,5.5,152.5,,,Draft Kings,LIP -5.5,2698,West Georgia Wolves,Missouri Valley Conference,,home,,12,16,8,5,4,11,6,10,0.429,288,Lipscomb Bisons,,,,,,,,,,,,,,,,,,,,36.6,12.9,6.6,4.9,,,,,,,,,,,,,,,,,,,,,36.6,,12.9,2026-02-25T10:53:20.273608+00:00,espn,v1.0.0,,,,,,,,,,
401807761,2026-02-26T00:00Z,2026-02-25 04:00 PM PST,,False,False,pre,False,0,West Georgia Wolves,Lipscomb Bisons,2698,288,Missouri Valley Conference,Missouri Valley Conference,,,5.5,152.5,,,Draft Kings,LIP -5.5,288,Lipscomb Bisons,Missouri Valley Conference,,away,,18,11,13,1,5,10,11,5,0.621,2698,West Georgia Wolves,,,,,,,,,,,,,,,,,,,,34.8,18.3,7.2,2.9,,,,,,,,,,,,,,,,,,,,,34.8,,18.3,2026-02-25T10:53:20.273608+00:00,espn,v1.0.0,,,,,,,,,,
401808261,2026-02-26T00:00Z,2026-02-25 04:00 PM PST,,False,False,pre,False,0,Vanderbilt Commodores,Georgia Bulldogs,238,61,Patriot League,Patriot League,25.0,,-8.5,165.5,,,Draft Kings,VAN -8.5,238,Vanderbilt Commodores,Patriot League,,home,25.0,21,6,12,3,6,3,8,6,0.778,61,Georgia Bulldogs,,,,,,,,,,,,,,,,,,,,36.2,16.7,8.6,5.1,,,,,,,,,,,,,,,,,,,,,36.2,,16.7,2026-02-25T10:53:21.218549+00:00,espn,v1.0.0,,,,,,,,,,
401808261,2026-02-26T00:00Z,2026-02-25 04:00 PM PST,,False,False,pre,False,0,Vanderbilt Commodores,Georgia Bulldogs,238,61,Patriot League,Patriot League,25.0,,-8.5,165.5,,,Draft Kings,VAN -8.5,61,Georgia Bulldogs,Patriot League,,away,,19,8,12,4,5,3,7,7,0.704,238,Vanderbilt Commodores,,,,,,,,,,,,,,,,,,,,39.0,14.9,8.5,6.4,,,,,,,,,,,,,,,,,,,,,39.0,,14.9,2026-02-25T10:53:21.218549+00:00,espn,v1.0.0,,,,,,,,,,
401808264,2026-02-26T00:00Z,2026-02-25 04:00 PM PST,,False,False,pre,False,0,Texas Longhorns,Florida Gators,251,57,Patriot League,Patriot League,,7.0,6.5,157.5,,,Draft Kings,FLA -6.5,251,Texas Longhorns,Patriot League,,home,,17,10,12,3,4,5,8,6,0.63,57,Florida Gators,,,,,,,,,,,,,,,,,,,,38.3,12.6,6.0,2.8,,,,,,,,,,,,,,,,,,,,,38.3,,12.6,2026-02-25T10:53:21.758748+00:00,espn,v1.0.0,,,,,,,,,,
401808264,2026-02-26T00:00Z,2026-02-25 04:00 PM PST,,False,False,pre,False,0,Texas Longhorns,Florida Gators,251,57,Patriot League,Patriot League,,7.0,6.5,157.5,,,Draft Kings,FLA -6.5,57,Florida Gators,Patriot League,,away,7.0,21,6,12,1,6,2,12,2,0.778,251,Texas Longhorns,,,,,,,,,,,,,,,,,,,,45.8,16.6,6.7,4.9,,,,,,,,,,,,,,,,,,,,,45.8,,16.6,2026-02-25T10:53:21.758748+00:00,espn,v1.0.0,,,,,,,,,,
401809383,2026-02-26T00:00Z,2026-02-25 04:00 PM PST,,False,False,pre,False,0,East Tennessee State Buccaneers,Wofford Terriers,2193,2747,Colonial Athletic Association,Colonial Athletic Association,,,-7.5,151.5,,,Draft Kings,ETSU -7.5,2193,East Tennessee State Buccaneers,Colonial Athletic Association,,home,,21,8,13,3,8,5,13,3,0.724,2747,Wofford Terriers,,,,,,,,,,,,,,,,,,,,34.3,14.6,9.0,3.5,,,,,,,,,,,,,,,,,,,,,34.3,,14.6,2026-02-25T10:53:23.000323+00:00,espn,v1.0.0,,,,,,,,,,
401809383,2026-02-26T00:00Z,2026-02-25 04:00 PM PST,,False,False,pre,False,0,East Tennessee State Buccaneers,Wofford Terriers,2193,2747,Colonial Athletic Association,Colonial Athletic Association,,,-7.5,151.5,,,Draft Kings,ETSU -7.5,2747,Wofford Terriers,Colonial Athletic Association,,away,,18,11,10,4,8,7,10,6,0.621,2193,East Tennessee State Buccaneers,,,,,,,,,,,,,,,,,,,,34.9,14.1,5.7,3.2,,,,,,,,,,,,,,,,,,,,,34.9,,14.1,2026-02-25T10:53:23.000323+00:00,espn,v1.0.0,,,,,,,,,,
401809385,2026-02-26T00:00Z,2026-02-25 04:00 PM PST,,False,False,pre,False,0,Western Carolina Catamounts,Mercer Bears,2717,2382,Colonial Athletic Association,Colonial Athletic Association,,,1.5,160.5,,,Draft Kings,MER -1.5,2382,Mercer Bears,Colonial Athletic Association,,away,,18,11,13,1,5,10,10,6,0.621,2717,Western Carolina Catamounts,,,,,,,,,,,,,,,,,,,,38.4,14.2,8.0,3.6,,,,,,,,,,,,,,,,,,,,,38.4,,14.2,2026-02-25T10:53:23.561883+00:00,espn,v1.0.0,,,,,,,,,,
401809385,2026-02-26T00:00Z,2026-02-25 04:00 PM PST,,False,False,pre,False,0,Western Carolina Catamounts,Mercer Bears,2717,2382,Colonial Athletic Association,Colonial Athletic Association,,,1.5,160.5,,,Draft Kings,MER -1.5,2717,Western Carolina Catamounts,Colonial Athletic Association,,home,,12,15,8,3,4,12,8,8,0.444,2382,Mercer Bears,,,,,,,,,,,,,,,,,,,,38.7,13.4,6.3,2.9,,,,,,,,,,,,,,,,,,,,,38.7,,13.4,2026-02-25T10:53:23.561883+00:00,espn,v1.0.0,,,,,,,,,,
401817681,2026-02-26T00:00Z,2026-02-25 04:00 PM PST,,False,False,pre,False,0,Cleveland State Vikings,Northern Kentucky Norse,325,94,Horizon League,Horizon League,,,7.5,163.5,,,Draft Kings,NKU -7.5,325,Cleveland State Vikings,Horizon League,,home,,10,19,6,7,3,11,6,12,0.345,94,Northern Kentucky Norse,,,,,,,,,,,,,,,,,,,,32.9,15.9,5.6,2.8,,,,,,,,,,,,,,,,,,,,,32.9,,15.9,2026-02-25T10:53:23.952453+00:00,espn,v1.0.0,,,,,,,,,,
401817681,2026-02-26T00:00Z,2026-02-25 04:00 PM PST,,False,False,pre,False,0,Cleveland State Vikings,Northern Kentucky Norse,325,94,Horizon League,Horizon League,,,7.5,163.5,,,Draft Kings,NKU -7.5,94,Northern Kentucky Norse,Horizon League,,away,,17,12,12,4,5,8,9,9,0.586,325,Cleveland State Vikings,,,,,,,,,,,,,,,,,,,,35.4,15.4,8.9,3.5,,,,,,,,,,,,,,,,,,,,,35.4,,15.4,2026-02-25T10:53:23.952453+00:00,espn,v1.0.0,,,,,,,,,,
401817682,2026-02-26T00:00Z,2026-02-25 04:00 PM PST,,False,False,pre,False,0,Purdue Fort Wayne Mastodons,Wright State Raiders,2870,2750,Horizon League,Horizon League,,,2.5,150.5,,,Draft Kings,WRST -2.5,2750,Wright State Raiders,Horizon League,,away,,18,11,10,5,7,5,13,5,0.621,2870,Purdue Fort Wayne Mastodons,,,,,,,,,,,,,,,,,,,,35.0,13.7,7.6,4.4,,,,,,,,,,,,,,,,,,,,,35.0,,13.7,2026-02-25T10:53:24.218122+00:00,espn,v1.0.0,,,,,,,,,,
401817682,2026-02-26T00:00Z,2026-02-25 04:00 PM PST,,False,False,pre,False,0,Purdue Fort Wayne Mastodons,Wright State Raiders,2870,2750,Horizon League,Horizon League,,,2.5,150.5,,,Draft Kings,WRST -2.5,2870,Purdue Fort Wayne Mastodons,Horizon League,,home,,16,13,11,3,5,10,10,8,0.552,2750,Wright State Raiders,,,,,,,,,,,,,,,,,,,,29.9,14.2,8.8,3.2,,,,,,,,,,,,,,,,,,,,,29.9,,14.2,2026-02-25T10:53:24.218122+00:00,espn,v1.0.0,,,,,,,,,,
401817683,2026-02-26T00:00Z,2026-02-25 04:00 PM PST,,False,False,pre,False,0,Robert Morris Colonials,Detroit Mercy Titans,2523,2174,Horizon League,Horizon League,,,-8.5,150.5,,,Draft Kings,RMU -8.5,2174,Detroit Mercy Titans,Horizon League,,away,,14,13,8,5,6,8,11,7,0.519,2523,Robert Morris Colonials,,,,,,,,,,,,,,,,,,,,38.1,13.0,6.0,3.3,,,,,,,,,,,,,,,,,,,,,38.1,,13.0,2026-02-25T10:53:24.482462+00:00,espn,v1.0.0,,,,,,,,,,
401817683,2026-02-26T00:00Z,2026-02-25 04:00 PM PST,,False,False,pre,False,0,Robert Morris Colonials,Detroit Mercy Titans,2523,2174,Horizon League,Horizon League,,,-8.5,150.5,,,Draft Kings,RMU -8.5,2523,Robert Morris Colonials,Horizon League,,home,,19,10,11,3,8,7,11,7,0.655,2174,Detroit Mercy Titans,,,,,,,,,,,,,,,,,,,,37.7,17.9,5.6,2.5,,,,,,,,,,,,,,,,,,,,,37.7,,17.9,2026-02-25T10:53:24.482462+00:00,espn,v1.0.0,,,,,,,,,,
401818434,2026-02-26T00:00Z,2026-02-25 04:00 PM PST,,False,False,pre,False,0,South Dakota Coyotes,Omaha Mavericks,233,2437,Big Ten,Big Ten,,,1.5,156.5,,,Draft Kings,OMA -1.5,233,South Dakota Coyotes,Big Ten,,home,,14,15,10,5,3,10,6,8,0.483,2437,Omaha Mavericks,,,,,,,,,,,,,,,,,,,,34.5,12.4,6.4,2.5,,,,,,,,,,,,,,,,,,,,,34.5,,12.4,2026-02-25T10:53:25.510674+00:00,espn,v1.0.0,,,,,,,,,,
401818434,2026-02-26T00:00Z,2026-02-25 04:00 PM PST,,False,False,pre,False,0,South Dakota Coyotes,Omaha Mavericks,233,2437,Big Ten,Big Ten,,,1.5,156.5,,,Draft Kings,OMA -1.5,2437,Omaha Mavericks,Big Ten,,away,,15,14,10,4,5,8,8,6,0.517,233,South Dakota Coyotes,,,,,,,,,,,,,,,,,,,,34.6,13.9,6.0,2.7,,,,,,,,,,,,,,,,,,,,,34.6,,13.9,2026-02-25T10:53:25.510674+00:00,espn,v1.0.0,,,,,,,,,,
401820176,2026-02-26T00:00Z,2026-02-25 04:00 PM PST,,False,False,pre,False,0,Loyola Maryland Greyhounds,Navy Midshipmen,2352,2426,Independent,Independent,,,7.5,145.5,,,Draft Kings,NAVY -7.5,2352,Loyola Maryland Greyhounds,Independent,,home,,11,18,8,5,2,12,7,9,0.379,2426,Navy Midshipmen,,,,,,,,,,,,,,,,,,,,35.6,13.6,6.2,3.7,,,,,,,,,,,,,,,,,,,,,35.6,,13.6,2026-02-25T10:53:25.786544+00:00,espn,v1.0.0,,,,,,,,,,
401820176,2026-02-26T00:00Z,2026-02-25 04:00 PM PST,,False,False,pre,False,0,Loyola Maryland Greyhounds,Navy Midshipmen,2352,2426,Independent,Independent,,,7.5,145.5,,,Draft Kings,NAVY -7.5,2426,Navy Midshipmen,Independent,,away,,23,6,13,1,9,4,15,1,0.793,2352,Loyola Maryland Greyhounds,,,,,,,,,,,,,,,,,,,,36.9,16.0,7.6,3.0,,,,,,,,,,,,,,,,,,,,,36.9,,16.0,2026-02-25T10:53:25.786544+00:00,espn,v1.0.0,,,,,,,,,,
401822959,2026-02-26T00:00Z,2026-02-25 04:00 PM PST,,False,False,pre,False,0,UConn Huskies,St. John's Red Storm,41,2599,Big 12,Big 12,6.0,15.0,-5.5,146.5,,,Draft Kings,CONN -5.5,2599,St. John's Red Storm,Big 12,,away,15.0,22,5,13,2,8,0,15,1,0.815,41,UConn Huskies,,,,,,,,,,,,,,,,,,,,39.0,16.1,8.1,4.8,,,,,,,,,,,,,,,,,,,,,39.0,,16.1,2026-02-25T10:53:27.343560+00:00,espn,v1.0.0,,,,,,,,,,
401822959,2026-02-26T00:00Z,2026-02-25 04:00 PM PST,,False,False,pre,False,0,UConn Huskies,St. John's Red Storm,41,2599,Big 12,Big 12,6.0,15.0,-5.5,146.5,,,Draft Kings,CONN -5.5,41,UConn Huskies,Big 12,,home,6.0,25,3,13,2,9,1,15,2,0.893,2599,St. John's Red Storm,,,,,,,,,,,,,,,,,,,,36.4,18.6,7.0,5.4,,,,,,,,,,,,,,,,,,,,,36.4,,18.6,2026-02-25T10:53:27.343560+00:00,espn,v1.0.0,,,,,,,,,,
401822961,2026-02-26T00:00Z,2026-02-25 04:00 PM PST,,False,False,pre,False,0,Villanova Wildcats,Butler Bulldogs,222,2086,Big 12,Big 12,,,-9.5,146.5,,,Draft Kings,VILL -9.5,2086,Butler Bulldogs,Big 12,,away,,15,13,10,6,2,7,6,11,0.536,222,Villanova Wildcats,,,,,,,,,,,,,,,,,,,,37.7,15.8,6.6,3.3,,,,,,,,,,,,,,,,,,,,,37.7,,15.8,2026-02-25T10:53:28.040472+00:00,espn,v1.0.0,,,,,,,,,,
401822961,2026-02-26T00:00Z,2026-02-25 04:00 PM PST,,False,False,pre,False,0,Villanova Wildcats,Butler Bulldogs,222,2086,Big 12,Big 12,,,-9.5,146.5,,,Draft Kings,VILL -9.5,222,Villanova Wildcats,Big 12,,home,,21,6,12,3,8,2,12,4,0.778,2086,Butler Bulldogs,,,,,,,,,,,,,,,,,,,,35.2,15.4,7.6,2.3,,,,,,,,,,,,,,,,,,,,,35.2,,15.4,2026-02-25T10:53:28.040472+00:00,espn,v1.0.0,,,,,,,,,,
401824376,2026-02-26T00:00Z,2026-02-25 04:00 PM PST,,False,False,pre,False,0,Boston University Terriers,Holy Cross Crusaders,104,107,Independent,Independent,,,-8.5,143.5,,,Draft Kings,BU -8.5,104,Boston University Terriers,Independent,,home,,13,16,8,5,4,11,8,8,0.448,107,Holy Cross Crusaders,,,,,,,,,,,,,,,,,,,,32.7,14.9,4.9,3.2,,,,,,,,,,,,,,,,,,,,,32.7,,14.9,2026-02-25T10:53:29.074296+00:00,espn,v1.0.0,,,,,,,,,,
401824376,2026-02-26T00:00Z,2026-02-25 04:00 PM PST,,False,False,pre,False,0,Boston University Terriers,Holy Cross Crusaders,104,107,Independent,Independent,,,-8.5,143.5,,,Draft Kings,BU -8.5,107,Holy Cross Crusaders,Independent,,away,,10,19,6,7,3,12,5,11,0.345,104,Boston University Terriers,,,,,,,,,,,,,,,,,,,,31.3,10.7,5.9,1.7,,,,,,,,,,,,,,,,,,,,,31.3,,10.7,2026-02-25T10:53:29.074296+00:00,espn,v1.0.0,,,,,,,,,,
401825541,2026-02-26T00:00Z,2026-02-25 04:00 PM PST,,False,False,pre,False,0,Nebraska Cornhuskers,Maryland Terrapins,158,120,Pac-12,Pac-12,12.0,,-17.5,141.5,,,Draft Kings,NEB -17.5,120,Maryland Terrapins,Pac-12,,away,,11,16,7,6,2,8,4,12,0.407,158,Nebraska Cornhuskers,,,,,,,,,,,,,,,,,,,,35.1,10.4,5.0,2.7,,,,,,,,,,,,,,,,,,,,,35.1,,10.4,2026-02-25T10:53:29.685340+00:00,espn,v1.0.0,,,,,,,,,,
401825541,2026-02-26T00:00Z,2026-02-25 04:00 PM PST,,False,False,pre,False,0,Nebraska Cornhuskers,Maryland Terrapins,158,120,Pac-12,Pac-12,12.0,,-17.5,141.5,,,Draft Kings,NEB -17.5,158,Nebraska Cornhuskers,Pac-12,,home,12.0,23,4,14,2,6,2,12,4,0.852,120,Maryland Terrapins,,,,,,,,,,,,,,,,,,,,35.1,18.2,7.2,2.7,,,,,,,,,,,,,,,,,,,,,35.1,,18.2,2026-02-25T10:53:29.685340+00:00,espn,v1.0.0,,,,,,,,,,
401828244,2026-02-26T00:00Z,2026-02-25 04:00 PM PST,,False,False,pre,False,0,Charlotte 49ers,North Texas Mean Green,2429,249,Atlantic Coast Conference,Atlantic Coast Conference,,,-1.5,136.5,,,Draft Kings,CLT -1.5,2429,Charlotte 49ers,Atlantic Coast Conference,,home,,14,13,10,5,4,6,8,6,0.519,249,North Texas Mean Green,,,,,,,,,,,,,,,,,,,,34.6,12.9,4.8,3.5,,,,,,,,,,,,,,,,,,,,,34.6,,12.9,2026-02-25T10:53:30.872660+00:00,espn,v1.0.0,,,,,,,,,,
401828244,2026-02-26T00:00Z,2026-02-25 04:00 PM PST,,False,False,pre,False,0,Charlotte 49ers,North Texas Mean Green,2429,249,Atlantic Coast Conference,Atlantic Coast Conference,,,-1.5,136.5,,,Draft Kings,CLT -1.5,249,North Texas Mean Green,Atlantic Coast Conference,,away,,16,12,11,5,4,6,7,8,0.571,2429,Charlotte 49ers,,,,,,,,,,,,,,,,,,,,35.0,12.4,9.5,4.4,,,,,,,,,,,,,,,,,,,,,35.0,,12.4,2026-02-25T10:53:30.872660+00:00,espn,v1.0.0,,,,,,,,,,
401828445,2026-02-26T00:00Z,2026-02-25 04:00 PM PST,,False,False,pre,False,0,Duquesne Dukes,Davidson Wildcats,2184,2166,Big Ten,Big Ten,,,-3.5,142.5,,,Draft Kings,DUQ -3.5,2166,Davidson Wildcats,Big Ten,,away,,16,11,10,6,5,4,7,7,0.593,2184,Duquesne Dukes,,,,,,,,,,,,,,,,,,,,33.0,13.9,6.7,4.1,,,,,,,,,,,,,,,,,,,,,33.0,,13.9,2026-02-25T10:53:32.086816+00:00,espn,v1.0.0,,,,,,,,,,
401828445,2026-02-26T00:00Z,2026-02-25 04:00 PM PST,,False,False,pre,False,0,Duquesne Dukes,Davidson Wildcats,2184,2166,Big Ten,Big Ten,,,-3.5,142.5,,,Draft Kings,DUQ -3.5,2184,Duquesne Dukes,Big Ten,,home,,16,11,11,5,5,5,8,6,0.593,2166,Davidson Wildcats,,,,,,,,,,,,,,,,,,,,35.6,15.8,7.8,2.8,,,,,,,,,,,,,,,,,,,,,35.6,,15.8,2026-02-25T10:53:32.086816+00:00,espn,v1.0.0,,,,,,,,,,
401828446,2026-02-26T00:00Z,2026-02-25 04:00 PM PST,,False,False,pre,False,0,Saint Joseph's Hawks,George Mason Patriots,2603,2244,Big Ten,Big Ten,,,1.5,139.5,,,Draft Kings,GMU -1.5,2244,George Mason Patriots,Big Ten,,away,,21,6,15,2,4,4,9,5,0.778,2603,Saint Joseph's Hawks,,,,,,,,,,,,,,,,,,,,34.8,12.9,5.1,3.1,,,,,,,,,,,,,,,,,,,,,34.8,,12.9,2026-02-25T10:53:32.352541+00:00,espn,v1.0.0,,,,,,,,,,
401828446,2026-02-26T00:00Z,2026-02-25 04:00 PM PST,,False,False,pre,False,0,Saint Joseph's Hawks,George Mason Patriots,2603,2244,Big Ten,Big Ten,,,1.5,139.5,,,Draft Kings,GMU -1.5,2603,Saint Joseph's Hawks,Big Ten,,home,,17,10,11,3,4,7,9,5,0.63,2244,George Mason Patriots,,,,,,,,,,,,,,,,,,,,39.1,15.7,5.7,5.0,,,,,,,,,,,,,,,,,,,,,39.1,,15.7,2026-02-25T10:53:32.352541+00:00,espn,v1.0.0,,,,,,,,,,
401828680,2026-02-26T00:00Z,2026-02-25 04:00 PM PST,,False,False,pre,False,0,American University Eagles,Lehigh Mountain Hawks,44,2329,Independent,Independent,,,-6.5,140.5,,,Draft Kings,AMER -6.5,2329,Lehigh Mountain Hawks,Independent,,away,,13,16,9,4,3,11,9,7,0.448,44,American University Eagles,,,,,,,,,,,,,,,,,,,,31.7,14.0,7.0,3.3,,,,,,,,,,,,,,,,,,,,,31.7,,14.0,2026-02-25T10:53:32.613170+00:00,espn,v1.0.0,,,,,,,,,,
401828680,2026-02-26T00:00Z,2026-02-25 04:00 PM PST,,False,False,pre,False,0,American University Eagles,Lehigh Mountain Hawks,44,2329,Independent,Independent,,,-6.5,140.5,,,Draft Kings,AMER -6.5,44,American University Eagles,Independent,,home,,16,13,11,4,5,9,9,7,0.552,2329,Lehigh Mountain Hawks,,,,,,,,,,,,,,,,,,,,31.9,13.7,7.7,1.7,,,,,,,,,,,,,,,,,,,,,31.9,,13.7,2026-02-25T10:53:32.613170+00:00,espn,v1.0.0,,,,,,,,,,
401829410,2026-02-26T00:00Z,2026-02-25 04:00 PM PST,,False,False,pre,False,0,Colgate Raiders,Lafayette Leopards,2142,322,Independent,Independent,,,-8.5,144.5,,,Draft Kings,COLG -8.5,2142,Colgate Raiders,Independent,,home,,17,12,8,4,6,8,11,5,0.586,322,Lafayette Leopards,,,,,,,,,,,,,,,,,,,,34.4,14.5,6.2,3.3,,,,,,,,,,,,,,,,,,,,,34.4,,14.5,2026-02-25T10:53:34.680099+00:00,espn,v1.0.0,,,,,,,,,,
401829410,2026-02-26T00:00Z,2026-02-25 04:00 PM PST,,False,False,pre,False,0,Colgate Raiders,Lafayette Leopards,2142,322,Independent,Independent,,,-8.5,144.5,,,Draft Kings,COLG -8.5,322,Lafayette Leopards,Independent,,away,,9,20,5,9,4,11,6,10,0.31,2142,Colgate Raiders,,,,,,,,,,,,,,,,,,,,33.2,13.4,5.8,2.2,,,,,,,,,,,,,,,,,,,,,33.2,,13.4,2026-02-25T10:53:34.680099+00:00,espn,v1.0.0,,,,,,,,,,
401830312,2026-02-26T00:00Z,2026-02-25 04:00 PM PST,,False,False,pre,False,0,Northern Iowa Panthers,Illinois State Redbirds,2460,2287,Ohio Valley Conference,Ohio Valley Conference,,,-5.5,131.5,,,Draft Kings,UNI -5.5,2287,Illinois State Redbirds,Ohio Valley Conference,,away,,18,11,12,2,4,7,10,8,0.621,2460,Northern Iowa Panthers,,,,,,,,,,,,,,,,,,,,36.3,13.8,5.8,2.3,,,,,,,,,,,,,,,,,,,,,36.3,,13.8,2026-02-25T10:53:35.366171+00:00,espn,v1.0.0,,,,,,,,,,
401830312,2026-02-26T00:00Z,2026-02-25 04:00 PM PST,,False,False,pre,False,0,Northern Iowa Panthers,Illinois State Redbirds,2460,2287,Ohio Valley Conference,Ohio Valley Conference,,,-5.5,131.5,,,Draft Kings,UNI -5.5,2460,Northern Iowa Panthers,Ohio Valley Conference,,home,,18,11,12,4,5,6,10,8,0.621,2287,Illinois State Redbirds,,,,,,,,,,,,,,,,,,,,32.3,14.5,6.7,3.2,,,,,,,,,,,,,,,,,,,,,32.3,,14.5,2026-02-25T10:53:35.366171+00:00,espn,v1.0.0,,,,,,,,,,
401822958,2026-02-26T00:30Z,2026-02-25 04:30 PM PST,,False,False,pre,False,0,Providence Friars,Xavier Musketeers,2507,2752,Big 12,Big 12,,,-6.5,169.5,,,Draft Kings,PROV -6.5,2507,Providence Friars,Big 12,,home,,12,15,9,5,2,7,5,11,0.444,2752,Xavier Musketeers,,,,,,,,,,,,,,,,,,,,39.4,14.8,5.4,4.2,,,,,,,,,,,,,,,,,,,,,39.4,,14.8,2026-02-25T10:53:26.956867+00:00,espn,v1.0.0,,,,,,,,,,
401822958,2026-02-26T00:30Z,2026-02-25 04:30 PM PST,,False,False,pre,False,0,Providence Friars,Xavier Musketeers,2507,2752,Big 12,Big 12,,,-6.5,169.5,,,Draft Kings,PROV -6.5,2752,Xavier Musketeers,Big 12,,away,,13,14,11,5,1,8,5,11,0.481,2507,Providence Friars,,,,,,,,,,,,,,,,,,,,35.0,18.0,6.6,4.2,,,,,,,,,,,,,,,,,,,,,35.0,,18.0,2026-02-25T10:53:26.956867+00:00,espn,v1.0.0,,,,,,,,,,
401828248,2026-02-26T00:30Z,2026-02-25 04:30 PM PST,,False,False,pre,False,0,Tulane Green Wave,Tulsa Golden Hurricane,2655,202,Atlantic Coast Conference,Atlantic Coast Conference,,,4.5,155.5,,,Draft Kings,TLSA -4.5,202,Tulsa Golden Hurricane,Atlantic Coast Conference,,away,,22,6,12,2,6,4,10,5,0.786,2655,Tulane Green Wave,,,,,,,,,,,,,,,,,,,,38.0,15.4,6.4,2.4,,,,,,,,,,,,,,,,,,,,,38.0,,15.4,2026-02-25T10:53:31.789421+00:00,espn,v1.0.0,,,,,,,,,,
401828248,2026-02-26T00:30Z,2026-02-25 04:30 PM PST,,False,False,pre,False,0,Tulane Green Wave,Tulsa Golden Hurricane,2655,202,Atlantic Coast Conference,Atlantic Coast Conference,,,4.5,155.5,,,Draft Kings,TLSA -4.5,2655,Tulane Green Wave,Atlantic Coast Conference,,home,,17,10,10,6,6,2,8,6,0.63,202,Tulsa Golden Hurricane,,,,,,,,,,,,,,,,,,,,31.3,13.0,7.9,4.9,,,,,,,,,,,,,,,,,,,,,31.3,,13.0,2026-02-25T10:53:31.789421+00:00,espn,v1.0.0,,,,,,,,,,
401830216,2026-02-26T00:30Z,2026-02-25 04:30 PM PST,,False,False,pre,False,0,Belmont Bruins,Evansville Purple Aces,2057,339,Ohio Valley Conference,Ohio Valley Conference,,,-20.5,149.5,,,Draft Kings,BEL -20.5,2057,Belmont Bruins,Ohio Valley Conference,,home,,25,4,12,2,11,2,15,3,0.862,339,Evansville Purple Aces,,,,,,,,,,,,,,,,,,,,36.6,18.3,6.4,3.4,,,,,,,,,,,,,,,,,,,,,36.6,,18.3,2026-02-25T10:53:35.075884+00:00,espn,v1.0.0,,,,,,,,,,
401830216,2026-02-26T00:30Z,2026-02-25 04:30 PM PST,,False,False,pre,False,0,Belmont Bruins,Evansville Purple Aces,2057,339,Ohio Valley Conference,Ohio Valley Conference,,,-20.5,149.5,,,Draft Kings,BEL -20.5,339,Evansville Purple Aces,Ohio Valley Conference,,away,,6,22,4,9,1,11,2,15,0.214,2057,Belmont Bruins,,,,,,,,,,,,,,,,,,,,31.5,13.1,5.5,3.4,,,,,,,,,,,,,,,,,,,,,31.5,,13.1,2026-02-25T10:53:35.075884+00:00,espn,v1.0.0,,,,,,,,,,
401808692,2026-02-26T01:00Z,2026-02-25 05:00 PM PST,,False,False,pre,False,0,James Madison Dukes,Georgia Southern Eagles,256,290,Mid-Eastern Athletic Conference,Mid-Eastern Athletic Conference,,,-5.5,154.5,,,Draft Kings,JMU -5.5,256,James Madison Dukes,Mid-Eastern Athletic Conference,,home,,16,13,10,3,5,10,8,8,0.552,290,Georgia Southern Eagles,,,,,,,,,,,,,,,,,,,,36.8,12.7,5.3,4.3,,,,,,,,,,,,,,,,,,,,,36.8,,12.7,2026-02-25T10:53:22.153778+00:00,espn,v1.0.0,,,,,,,,,,
401808692,2026-02-26T01:00Z,2026-02-25 05:00 PM PST,,False,False,pre,False,0,James Madison Dukes,Georgia Southern Eagles,256,290,Mid-Eastern Athletic Conference,Mid-Eastern Athletic Conference,,,-5.5,154.5,,,Draft Kings,JMU -5.5,290,Georgia Southern Eagles,Mid-Eastern Athletic Conference,,away,,15,14,9,5,5,7,7,9,0.517,256,James Madison Dukes,,,,,,,,,,,,,,,,,,,,35.1,11.2,8.0,3.9,,,,,,,,,,,,,,,,,,,,,35.1,,11.2,2026-02-25T10:53:22.153778+00:00,espn,v1.0.0,,,,,,,,,,
401817685,2026-02-26T01:00Z,2026-02-25 05:00 PM PST,,False,False,pre,False,0,Milwaukee Panthers,Youngstown State Penguins,270,2754,Horizon League,Horizon League,,,1.5,150.5,,,Draft Kings,YSU -1.5,270,Milwaukee Panthers,Horizon League,,home,,11,19,8,6,3,13,7,12,0.367,2754,Youngstown State Penguins,,,,,,,,,,,,,,,,,,,,36.3,13.4,6.7,3.1,,,,,,,,,,,,,,,,,,,,,36.3,,13.4,2026-02-25T10:53:25.123259+00:00,espn,v1.0.0,,,,,,,,,,
401817685,2026-02-26T01:00Z,2026-02-25 05:00 PM PST,,False,False,pre,False,0,Milwaukee Panthers,Youngstown State Penguins,270,2754,Horizon League,Horizon League,,,1.5,150.5,,,Draft Kings,YSU -1.5,2754,Youngstown State Penguins,Horizon League,,away,,15,14,10,5,4,8,8,10,0.517,270,Milwaukee Panthers,,,,,,,,,,,,,,,,,,,,34.5,14.6,7.0,3.6,,,,,,,,,,,,,,,,,,,,,34.5,,14.6,2026-02-25T10:53:25.123259+00:00,espn,v1.0.0,,,,,,,,,,
401820768,2026-02-26T01:00Z,2026-02-25 05:00 PM PST,,False,False,pre,False,0,Stanford Cardinal,Pittsburgh Panthers,24,221,Big East,Big East,,,-7.5,136.5,,,Draft Kings,STAN -7.5,221,Pittsburgh Panthers,Big East,,away,,10,17,8,9,1,7,3,11,0.37,24,Stanford Cardinal,,,,,,,,,,,,,,,,,,,,34.7,13.3,6.4,3.1,,,,,,,,,,,,,,,,,,,,,34.7,,13.3,2026-02-25T10:53:26.696425+00:00,espn,v1.0.0,,,,,,,,,,
401820768,2026-02-26T01:00Z,2026-02-25 05:00 PM PST,,False,False,pre,False,0,Stanford Cardinal,Pittsburgh Panthers,24,221,Big East,Big East,,,-7.5,136.5,,,Draft Kings,STAN -7.5,24,Stanford Cardinal,Big East,,home,,16,11,10,6,3,5,5,9,0.593,221,Pittsburgh Panthers,,,,,,,,,,,,,,,,,,,,34.4,11.9,7.9,3.6,,,,,,,,,,,,,,,,,,,,,34.4,,11.9,2026-02-25T10:53:26.696425+00:00,espn,v1.0.0,,,,,,,,,,
401828245,2026-02-26T01:00Z,2026-02-25 05:00 PM PST,,False,False,pre,False,0,UTSA Roadrunners,East Carolina Pirates,2636,151,Atlantic Coast Conference,Atlantic Coast Conference,,,4.5,151.5,,,Draft Kings,ECU -4.5,151,East Carolina Pirates,Atlantic Coast Conference,,away,,9,18,6,9,3,7,4,10,0.333,2636,UTSA Roadrunners,,,,,,,,,,,,,,,,,,,,36.6,11.5,6.3,4.1,,,,,,,,,,,,,,,,,,,,,36.6,,11.5,2026-02-25T10:53:31.137912+00:00,espn,v1.0.0,,,,,,,,,,
401828245,2026-02-26T01:00Z,2026-02-25 05:00 PM PST,,False,False,pre,False,0,UTSA Roadrunners,East Carolina Pirates,2636,151,Atlantic Coast Conference,Atlantic Coast Conference,,,4.5,151.5,,,Draft Kings,ECU -4.5,2636,UTSA Roadrunners,Atlantic Coast Conference,,home,,5,22,2,10,2,11,1,14,0.185,151,East Carolina Pirates,,,,,,,,,,,,,,,,,,,,36.2,10.9,6.7,4.3,,,,,,,,,,,,,,,,,,,,,36.2,,10.9,2026-02-25T10:53:31.137912+00:00,espn,v1.0.0,,,,,,,,,,
401828247,2026-02-26T01:00Z,2026-02-25 05:00 PM PST,,False,False,pre,False,0,Rice Owls,South Florida Bulls,242,58,Atlantic Coast Conference,Atlantic Coast Conference,,,11.5,157.5,,,Draft Kings,USF -11.5,242,Rice Owls,Atlantic Coast Conference,,home,,11,16,7,7,3,8,5,9,0.407,58,South Florida Bulls,,,,,,,,,,,,,,,,,,,,37.8,12.4,6.9,3.9,,,,,,,,,,,,,,,,,,,,,37.8,,12.4,2026-02-25T10:53:31.404001+00:00,espn,v1.0.0,,,,,,,,,,
401828247,2026-02-26T01:00Z,2026-02-25 05:00 PM PST,,False,False,pre,False,0,Rice Owls,South Florida Bulls,242,58,Atlantic Coast Conference,Atlantic Coast Conference,,,11.5,157.5,,,Draft Kings,USF -11.5,58,South Florida Bulls,Atlantic Coast Conference,,away,,19,8,11,2,7,3,11,3,0.704,242,Rice Owls,,,,,,,,,,,,,,,,,,,,43.0,17.1,8.8,4.5,,,,,,,,,,,,,,,,,,,,,43.0,,17.1,2026-02-25T10:53:31.404001+00:00,espn,v1.0.0,,,,,,,,,,
401830313,2026-02-26T01:00Z,2026-02-25 05:00 PM PST,,False,False,pre,False,0,Southern Illinois Salukis,Indiana State Sycamores,79,282,Ohio Valley Conference,Ohio Valley Conference,,,-8.5,147.5,,,Draft Kings,SIU -8.5,282,Indiana State Sycamores,Ohio Valley Conference,,away,,10,19,7,7,3,11,3,15,0.345,79,Southern Illinois Salukis,,,,,,,,,,,,,,,,,,,,35.1,17.6,6.2,3.0,,,,,,,,,,,,,,,,,,,,,35.1,,17.6,2026-02-25T10:53:35.639738+00:00,espn,v1.0.0,,,,,,,,,,
401830313,2026-02-26T01:00Z,2026-02-25 05:00 PM PST,,False,False,pre,False,0,Southern Illinois Salukis,Indiana State Sycamores,79,282,Ohio Valley Conference,Ohio Valley Conference,,,-8.5,147.5,,,Draft Kings,SIU -8.5,79,Southern Illinois Salukis,Ohio Valley Conference,,home,,14,15,7,6,6,8,8,10,0.483,282,Indiana State Sycamores,,,,,,,,,,,,,,,,,,,,37.8,13.6,8.1,3.7,,,,,,,,,,,,,,,,,,,,,37.8,,13.6,2026-02-25T10:53:35.639738+00:00,espn,v1.0.0,,,,,,,,,,
401830314,2026-02-26T01:00Z,2026-02-25 05:00 PM PST,,False,False,pre,False,0,Valparaiso Beacons,Drake Bulldogs,2674,2181,Ohio Valley Conference,Ohio Valley Conference,,,-4.5,148.5,,,Draft Kings,VAL -4.5,2181,Drake Bulldogs,Ohio Valley Conference,,away,,12,17,6,10,4,6,6,12,0.414,2674,Valparaiso Beacons,,,,,,,,,,,,,,,,,,,,35.8,13.4,5.6,3.1,,,,,,,,,,,,,,,,,,,,,35.8,,13.4,2026-02-25T10:53:36.005665+00:00,espn,v1.0.0,,,,,,,,,,
401830314,2026-02-26T01:00Z,2026-02-25 05:00 PM PST,,False,False,pre,False,0,Valparaiso Beacons,Drake Bulldogs,2674,2181,Ohio Valley Conference,Ohio Valley Conference,,,-4.5,148.5,,,Draft Kings,VAL -4.5,2674,Valparaiso Beacons,Ohio Valley Conference,,home,,16,13,12,4,4,9,10,8,0.552,2181,Drake Bulldogs,,,,,,,,,,,,,,,,,,,,36.6,11.7,5.9,3.7,,,,,,,,,,,,,,,,,,,,,36.6,,11.7,2026-02-25T10:53:36.005665+00:00,espn,v1.0.0,,,,,,,,,,
401807759,2026-02-26T01:30Z,2026-02-25 05:30 PM PST,,False,False,pre,False,0,Austin Peay Governors,Central Arkansas Bears,2046,2110,Missouri Valley Conference,Missouri Valley Conference,,,-3.5,151.5,,,Draft Kings,APSU -3.5,2046,Austin Peay Governors,Missouri Valley Conference,,home,,21,6,12,0,9,6,15,1,0.778,2110,Central Arkansas Bears,,,,,,,,,,,,,,,,,,,,35.6,16.0,9.8,2.6,,,,,,,,,,,,,,,,,,,,,35.6,,16.0,2026-02-25T10:53:19.950823+00:00,espn,v1.0.0,,,,,,,,,,
401807759,2026-02-26T01:30Z,2026-02-25 05:30 PM PST,,False,False,pre,False,0,Austin Peay Governors,Central Arkansas Bears,2046,2110,Missouri Valley Conference,Missouri Valley Conference,,,-3.5,151.5,,,Draft Kings,APSU -3.5,2110,Central Arkansas Bears,Missouri Valley Conference,,away,,18,11,13,1,5,10,13,3,0.621,2046,Austin Peay Governors,,,,,,,,,,,,,,,,,,,,36.6,16.5,8.8,1.8,,,,,,,,,,,,,,,,,,,,,36.6,,16.5,2026-02-25T10:53:19.950823+00:00,espn,v1.0.0,,,,,,,,,,
401808693,2026-02-26T01:30Z,2026-02-25 05:30 PM PST,,False,False,pre,False,0,South Alabama Jaguars,UL Monroe Warhawks,6,2433,Mid-Eastern Athletic Conference,Mid-Eastern Athletic Conference,,,-14.5,153.5,,,Draft Kings,USA -14.5,2433,UL Monroe Warhawks,Mid-Eastern Athletic Conference,,away,,4,25,3,10,1,13,1,15,0.138,6,South Alabama Jaguars,,,,,,,,,,,,,,,,,,,,32.7,12.4,6.3,3.5,,,,,,,,,,,,,,,,,,,,,32.7,,12.4,2026-02-25T10:53:22.501662+00:00,espn,v1.0.0,,,,,,,,,,
401808693,2026-02-26T01:30Z,2026-02-25 05:30 PM PST,,False,False,pre,False,0,South Alabama Jaguars,UL Monroe Warhawks,6,2433,Mid-Eastern Athletic Conference,Mid-Eastern Athletic Conference,,,-14.5,153.5,,,Draft Kings,USA -14.5,6,South Alabama Jaguars,Mid-Eastern Athletic Conference,,home,,20,9,9,3,8,6,10,6,0.69,2433,UL Monroe Warhawks,,,,,,,,,,,,,,,,,,,,35.5,11.8,8.2,2.3,,,,,,,,,,,,,,,,,,,,,35.5,,11.8,2026-02-25T10:53:22.501662+00:00,espn,v1.0.0,,,,,,,,,,
401807758,2026-02-26T01:45Z,2026-02-25 05:45 PM PST,,False,False,pre,False,0,North Alabama Lions,Bellarmine Knights,2453,91,Missouri Valley Conference,Missouri Valley Conference,,,2.5,148.5,,,Draft Kings,BELL -2.5,2453,North Alabama Lions,Missouri Valley Conference,,home,,8,19,4,8,4,11,3,13,0.296,91,Bellarmine Knights,,,,,,,,,,,,,,,,,,,,33.7,10.0,6.7,3.7,,,,,,,,,,,,,,,,,,,,,33.7,,10.0,2026-02-25T10:53:19.690043+00:00,espn,v1.0.0,,,,,,,,,,
401807758,2026-02-26T01:45Z,2026-02-25 05:45 PM PST,,False,False,pre,False,0,North Alabama Lions,Bellarmine Knights,2453,91,Missouri Valley Conference,Missouri Valley Conference,,,2.5,148.5,,,Draft Kings,BELL -2.5,91,Bellarmine Knights,Missouri Valley Conference,,away,,11,17,9,5,2,12,6,10,0.393,2453,North Alabama Lions,,,,,,,,,,,,,,,,,,,,27.9,15.3,6.2,1.6,,,,,,,,,,,,,,,,,,,,,27.9,,15.3,2026-02-25T10:53:19.690043+00:00,espn,v1.0.0,,,,,,,,,,
401808258,2026-02-26T02:00Z,2026-02-25 06:00 PM PST,,False,False,pre,False,0,Ole Miss Rebels,LSU Tigers,145,99,Patriot League,Patriot League,,,-1.5,148.5,,,Draft Kings,MISS -1.5,145,Ole Miss Rebels,Patriot League,,home,,11,16,7,6,2,7,3,11,0.407,99,LSU Tigers,,,,,,,,,,,,,,,,,,,,34.0,13.5,6.9,4.3,,,,,,,,,,,,,,,,,,,,,34.0,,13.5,2026-02-25T10:53:20.573414+00:00,espn,v1.0.0,,,,,,,,,,
401808258,2026-02-26T02:00Z,2026-02-25 06:00 PM PST,,False,False,pre,False,0,Ole Miss Rebels,LSU Tigers,145,99,Patriot League,Patriot League,,,-1.5,148.5,,,Draft Kings,MISS -1.5,99,LSU Tigers,Patriot League,,away,,14,13,9,6,2,6,2,12,0.519,145,Ole Miss Rebels,,,,,,,,,,,,,,,,,,,,36.6,14.4,6.1,3.9,,,,,,,,,,,,,,,,,,,,,36.6,,14.4,2026-02-25T10:53:20.573414+00:00,espn,v1.0.0,,,,,,,,,,
401808259,2026-02-26T02:00Z,2026-02-25 06:00 PM PST,,False,False,pre,False,0,Arkansas Razorbacks,Texas A&M Aggies,8,245,Patriot League,Patriot League,20.0,,-7.5,170.5,,,Draft Kings,ARK -7.5,245,Texas A&M Aggies,Patriot League,,away,,19,8,13,3,5,4,9,5,0.704,8,Arkansas Razorbacks,,,,,,,,,,,,,,,,,,,,38.0,19.0,8.1,3.3,,,,,,,,,,,,,,,,,,,,,38.0,,19.0,2026-02-25T10:53:20.831954+00:00,espn,v1.0.0,,,,,,,,,,
401808259,2026-02-26T02:00Z,2026-02-25 06:00 PM PST,,False,False,pre,False,0,Arkansas Razorbacks,Texas A&M Aggies,8,245,Patriot League,Patriot League,20.0,,-7.5,170.5,,,Draft Kings,ARK -7.5,8,Arkansas Razorbacks,Patriot League,,home,20.0,20,7,15,1,4,4,10,4,0.741,245,Texas A&M Aggies,,,,,,,,,,,,,,,,,,,,35.9,17.3,7.2,5.3,,,,,,,,,,,,,,,,,,,,,35.9,,17.3,2026-02-25T10:53:20.831954+00:00,espn,v1.0.0,,,,,,,,,,
401808263,2026-02-26T02:00Z,2026-02-25 06:00 PM PST,,False,False,pre,False,0,Alabama Crimson Tide,Mississippi State Bulldogs,333,344,Patriot League,Patriot League,17.0,,-14.5,175.5,,,Draft Kings,ALA -14.5,333,Alabama Crimson Tide,Patriot League,,home,17.0,20,7,10,3,6,2,10,4,0.741,344,Mississippi State Bulldogs,,,,,,,,,,,,,,,,,,,,41.3,16.5,6.5,5.4,,,,,,,,,,,,,,,,,,,,,41.3,,16.5,2026-02-25T10:53:21.484302+00:00,espn,v1.0.0,,,,,,,,,,
401808263,2026-02-26T02:00Z,2026-02-25 06:00 PM PST,,False,False,pre,False,0,Alabama Crimson Tide,Mississippi State Bulldogs,333,344,Patriot League,Patriot League,17.0,,-14.5,175.5,,,Draft Kings,ALA -14.5,344,Mississippi State Bulldogs,Patriot League,,away,,13,14,8,6,4,4,5,9,0.481,333,Alabama Crimson Tide,,,,,,,,,,,,,,,,,,,,39.4,12.8,5.8,4.5,,,,,,,,,,,,,,,,,,,,,39.4,,12.8,2026-02-25T10:53:21.484302+00:00,espn,v1.0.0,,,,,,,,,,
401822960,2026-02-26T02:00Z,2026-02-25 06:00 PM PST,,False,False,pre,False,0,Creighton Bluejays,DePaul Blue Demons,156,305,Big 12,Big 12,,,-5.5,142.5,,,Draft Kings,CREI -5.5,156,Creighton Bluejays,Big 12,,home,,14,14,10,4,3,8,8,9,0.5,305,DePaul Blue Demons,,,,,,,,,,,,,,,,,,,,35.0,15.5,5.7,2.6,,,,,,,,,,,,,,,,,,,,,35.0,,15.5,2026-02-25T10:53:27.759237+00:00,espn,v1.0.0,,,,,,,,,,
401822960,2026-02-26T02:00Z,2026-02-25 06:00 PM PST,,False,False,pre,False,0,Creighton Bluejays,DePaul Blue Demons,156,305,Big 12,Big 12,,,-5.5,142.5,,,Draft Kings,CREI -5.5,305,DePaul Blue Demons,Big 12,,away,,14,13,11,5,2,7,6,10,0.519,156,Creighton Bluejays,,,,,,,,,,,,,,,,,,,,33.3,15.3,6.9,3.5,,,,,,,,,,,,,,,,,,,,,33.3,,15.3,2026-02-25T10:53:27.759237+00:00,espn,v1.0.0,,,,,,,,,,
401823804,2026-02-26T02:00Z,2026-02-25 06:00 PM PST,,False,False,pre,False,0,Grand Canyon Lopes,UNLV Rebels,2253,2439,Independents,Independents,,,-7.5,153.5,,,Draft Kings,GCU -7.5,2253,Grand Canyon Lopes,Independents,,home,,17,10,11,4,5,4,10,6,0.63,2439,UNLV Rebels,,,,,,,,,,,,,,,,,,,,36.4,12.4,6.8,3.5,,,,,,,,,,,,,,,,,,,,,36.4,,12.4,2026-02-25T10:53:28.714295+00:00,espn,v1.0.0,,,,,,,,,,
401823804,2026-02-26T02:00Z,2026-02-25 06:00 PM PST,,False,False,pre,False,0,Grand Canyon Lopes,UNLV Rebels,2253,2439,Independents,Independents,,,-7.5,153.5,,,Draft Kings,GCU -7.5,2439,UNLV Rebels,Independents,,away,,14,13,8,6,6,4,9,7,0.519,2253,Grand Canyon Lopes,,,,,,,,,,,,,,,,,,,,35.2,14.3,8.0,4.4,,,,,,,,,,,,,,,,,,,,,35.2,,14.3,2026-02-25T10:53:28.714295+00:00,espn,v1.0.0,,,,,,,,,,
401825540,2026-02-26T02:00Z,2026-02-25 06:00 PM PST,,False,False,pre,False,0,Iowa Hawkeyes,Ohio State Buckeyes,2294,194,Pac-12,Pac-12,,,-6.5,141.5,,,Draft Kings,IOWA -6.5,194,Ohio State Buckeyes,Pac-12,,away,,17,10,12,3,4,5,9,7,0.63,2294,Iowa Hawkeyes,,,,,,,,,,,,,,,,,,,,34.3,14.6,5.0,2.5,,,,,,,,,,,,,,,,,,,,,34.3,,14.6,2026-02-25T10:53:29.416618+00:00,espn,v1.0.0,,,,,,,,,,
401825540,2026-02-26T02:00Z,2026-02-25 06:00 PM PST,,False,False,pre,False,0,Iowa Hawkeyes,Ohio State Buckeyes,2294,194,Pac-12,Pac-12,,,-6.5,141.5,,,Draft Kings,IOWA -6.5,2294,Iowa Hawkeyes,Pac-12,,home,,19,8,14,2,3,6,9,7,0.704,194,Ohio State Buckeyes,,,,,,,,,,,,,,,,,,,,30.1,15.1,7.1,2.2,,,,,,,,,,,,,,,,,,,,,30.1,,15.1,2026-02-25T10:53:29.416618+00:00,espn,v1.0.0,,,,,,,,,,
401827706,2026-02-26T02:00Z,2026-02-25 06:00 PM PST,,False,False,pre,False,0,Colorado Buffaloes,Kansas State Wildcats,38,2306,Southeastern Conference,Southeastern Conference,,,-6.5,161.5,,,Draft Kings,COLO -6.5,2306,Kansas State Wildcats,Southeastern Conference,,away,,11,16,9,7,1,8,2,12,0.407,38,Colorado Buffaloes,,,,,,,,,,,,,,,,,,,,34.4,17.4,7.0,3.6,,,,,,,,,,,,,,,,,,,,,34.4,,17.4,2026-02-25T10:53:30.509718+00:00,espn,v1.0.0,,,,,,,,,,
401827706,2026-02-26T02:00Z,2026-02-25 06:00 PM PST,,False,False,pre,False,0,Colorado Buffaloes,Kansas State Wildcats,38,2306,Southeastern Conference,Southeastern Conference,,,-6.5,161.5,,,Draft Kings,COLO -6.5,38,Colorado Buffaloes,Southeastern Conference,,home,,15,12,12,4,1,7,5,9,0.556,2306,Kansas State Wildcats,,,,,,,,,,,,,,,,,,,,34.8,15.7,6.5,3.3,,,,,,,,,,,,,,,,,,,,,34.8,,15.7,2026-02-25T10:53:30.509718+00:00,espn,v1.0.0,,,,,,,,,,
401829260,2026-02-26T02:00Z,2026-02-25 06:00 PM PST,,False,False,pre,False,0,Gonzaga Bulldogs,Portland Pilots,2250,2501,America East Conference,America East Conference,9.0,,-27.5,149.5,,,Draft Kings,GONZ -27.5,2250,Gonzaga Bulldogs,America East Conference,,home,9.0,27,2,14,0,8,1,15,1,0.931,2501,Portland Pilots,,,,,,,,,,,,,,,,,,,,40.6,18.1,8.8,3.7,,,,,,,,,,,,,,,,,,,,,40.6,,18.1,2026-02-25T10:53:32.875551+00:00,espn,v1.0.0,,,,,,,,,,
401829260,2026-02-26T02:00Z,2026-02-25 06:00 PM PST,,False,False,pre,False,0,Gonzaga Bulldogs,Portland Pilots,2250,2501,America East Conference,America East Conference,9.0,,-27.5,149.5,,,Draft Kings,GONZ -27.5,2501,Portland Pilots,America East Conference,,away,,12,17,11,6,1,11,5,11,0.414,2250,Gonzaga Bulldogs,,,,,,,,,,,,,,,,,,,,33.6,16.8,6.1,3.0,,,,,,,,,,,,,,,,,,,,,33.6,,16.8,2026-02-25T10:53:32.875551+00:00,espn,v1.0.0,,,,,,,,,,
401829263,2026-02-26T02:00Z,2026-02-25 06:00 PM PST,,False,False,pre,False,0,Pepperdine Waves,Seattle U Redhawks,2492,2547,America East Conference,America East Conference,,,5.5,146.5,,,Draft Kings,SEA -5.5,2492,Pepperdine Waves,America East Conference,,home,,8,21,6,9,2,11,3,13,0.276,2547,Seattle U Redhawks,,,,,,,,,,,,,,,,,,,,33.1,13.7,5.9,2.7,,,,,,,,,,,,,,,,,,,,,33.1,,13.7,2026-02-25T10:53:33.917106+00:00,espn,v1.0.0,,,,,,,,,,
401829263,2026-02-26T02:00Z,2026-02-25 06:00 PM PST,,False,False,pre,False,0,Pepperdine Waves,Seattle U Redhawks,2492,2547,America East Conference,America East Conference,,,5.5,146.5,,,Draft Kings,SEA -5.5,2547,Seattle U Redhawks,America East Conference,,away,,17,12,13,4,3,7,6,10,0.586,2492,Pepperdine Waves,,,,,,,,,,,,,,,,,,,,33.3,13.4,8.0,4.8,,,,,,,,,,,,,,,,,,,,,33.3,,13.4,2026-02-25T10:53:33.917106+00:00,espn,v1.0.0,,,,,,,,,,
401820765,2026-02-26T03:00Z,2026-02-25 07:00 PM PST,,False,False,pre,False,0,California Golden Bears,SMU Mustangs,25,2567,Big East,Big East,,,3.5,162.5,,,Draft Kings,SMU -3.5,25,California Golden Bears,Big East,,home,,19,8,15,3,3,5,7,7,0.704,2567,SMU Mustangs,,,,,,,,,,,,,,,,,,,,34.9,13.9,5.8,3.2,,,,,,,,,,,,,,,,,,,,,34.9,,13.9,2026-02-25T10:53:26.422308+00:00,espn,v1.0.0,,,,,,,,,,
401820765,2026-02-26T03:00Z,2026-02-25 07:00 PM PST,,False,False,pre,False,0,California Golden Bears,SMU Mustangs,25,2567,Big East,Big East,,,3.5,162.5,,,Draft Kings,SMU -3.5,2567,SMU Mustangs,Big East,,away,,19,8,15,2,3,5,8,6,0.704,25,California Golden Bears,,,,,,,,,,,,,,,,,,,,37.9,17.9,7.3,3.7,,,,,,,,,,,,,,,,,,,,,37.9,,17.9,2026-02-25T10:53:26.422308+00:00,espn,v1.0.0,,,,,,,,,,
401829261,2026-02-26T03:00Z,2026-02-25 07:00 PM PST,,False,False,pre,False,0,Oregon State Beavers,San Diego Toreros,204,301,America East Conference,America East Conference,,,-6.5,144.5,,,Draft Kings,ORST -6.5,204,Oregon State Beavers,America East Conference,,home,,15,14,11,5,4,6,8,8,0.517,301,San Diego Toreros,,,,,,,,,,,,,,,,,,,,32.2,13.5,5.6,3.7,,,,,,,,,,,,,,,,,,,,,32.2,,13.5,2026-02-25T10:53:33.251884+00:00,espn,v1.0.0,,,,,,,,,,
401829261,2026-02-26T03:00Z,2026-02-25 07:00 PM PST,,False,False,pre,False,0,Oregon State Beavers,San Diego Toreros,204,301,America East Conference,America East Conference,,,-6.5,144.5,,,Draft Kings,ORST -6.5,301,San Diego Toreros,America East Conference,,away,,11,18,9,8,2,9,5,11,0.379,204,Oregon State Beavers,,,,,,,,,,,,,,,,,,,,31.8,15.9,8.1,2.9,,,,,,,,,,,,,,,,,,,,,31.8,,15.9,2026-02-25T10:53:33.251884+00:00,espn,v1.0.0,,,,,,,,,,
401823784,2026-02-26T04:00Z,2026-02-25 08:00 PM PST,,False,False,pre,False,0,San Diego State Aztecs,Utah State Aggies,21,328,Independents,Independents,,,-1.5,146.5,,,Draft Kings,SDSU -1.5,21,San Diego State Aztecs,Independents,,home,,18,8,12,2,5,3,12,4,0.692,328,Utah State Aggies,,,,,,,,,,,,,,,,,,,,35.6,15.3,8.3,4.5,,,,,,,,,,,,,,,,,,,,,35.6,,15.3,2026-02-25T10:53:28.314175+00:00,espn,v1.0.0,,,,,,,,,,
401823784,2026-02-26T04:00Z,2026-02-25 08:00 PM PST,,False,False,pre,False,0,San Diego State Aztecs,Utah State Aggies,21,328,Independents,Independents,,,-1.5,146.5,,,Draft Kings,SDSU -1.5,328,Utah State Aggies,Independents,,away,,23,4,12,1,7,3,13,3,0.852,21,San Diego State Aztecs,,,,,,,,,,,,,,,,,,,,35.3,18.0,9.0,3.1,,,,,,,,,,,,,,,,,,,,,35.3,,18.0,2026-02-25T10:53:28.314175+00:00,espn,v1.0.0,,,,,,,,,,
401825542,2026-02-26T04:00Z,2026-02-25 08:00 PM PST,,False,False,pre,False,0,Oregon Ducks,Wisconsin Badgers,2483,275,Pac-12,Pac-12,,,5.5,152.5,,,Draft Kings,WIS -5.5,2483,Oregon Ducks,Pac-12,,home,,10,17,8,7,2,6,3,13,0.37,275,Wisconsin Badgers,,,,,,,,,,,,,,,,,,,,34.7,14.0,6.1,4.0,,,,,,,,,,,,,,,,,,,,,34.7,,14.0,2026-02-25T10:53:29.951614+00:00,espn,v1.0.0,,,,,,,,,,
401825542,2026-02-26T04:00Z,2026-02-25 08:00 PM PST,,False,False,pre,False,0,Oregon Ducks,Wisconsin Badgers,2483,275,Pac-12,Pac-12,,,5.5,152.5,,,Draft Kings,WIS -5.5,275,Wisconsin Badgers,Pac-12,,away,,19,8,14,2,4,4,11,5,0.704,2483,Oregon Ducks,,,,,,,,,,,,,,,,,,,,36.1,15.8,5.6,3.2,,,,,,,,,,,,,,,,,,,,,36.1,,15.8,2026-02-25T10:53:29.951614+00:00,espn,v1.0.0,,,,,,,,,,
401829262,2026-02-26T04:00Z,2026-02-25 08:00 PM PST,,False,False,pre,False,0,Saint Mary's Gaels,Santa Clara Broncos,2608,2541,America East Conference,America East Conference,,,-5.5,151.5,,,Draft Kings,SMC -5.5,2541,Santa Clara Broncos,America East Conference,,away,,23,6,13,1,8,2,14,2,0.793,2608,Saint Mary's Gaels,,,,,,,,,,,,,,,,,,,,36.0,17.1,9.4,3.9,,,,,,,,,,,,,,,,,,,,,36.0,,17.1,2026-02-25T10:53:33.650897+00:00,espn,v1.0.0,,,,,,,,,,
401829262,2026-02-26T04:00Z,2026-02-25 08:00 PM PST,,False,False,pre,False,0,Saint Mary's Gaels,Santa Clara Broncos,2608,2541,America East Conference,America East Conference,,,-5.5,151.5,,,Draft Kings,SMC -5.5,2608,Saint Mary's Gaels,America East Conference,,home,,25,4,15,0,8,2,14,2,0.862,2541,Santa Clara Broncos,,,,,,,,,,,,,,,,,,,,39.9,15.5,5.8,3.6,,,,,,,,,,,,,,,,,,,,,39.9,,15.5,2026-02-25T10:53:33.650897+00:00,espn,v1.0.0,,,,,,,,,,
401829264,2026-02-26T04:00Z,2026-02-25 08:00 PM PST,,False,False,pre,False,0,Loyola Marymount Lions,Washington State Cougars,2351,265,America East Conference,America East Conference,,,1.5,151.5,,,Draft Kings,WSU -1.5,2351,Loyola Marymount Lions,America East Conference,,home,,14,15,9,7,4,7,5,11,0.483,265,Washington State Cougars,,,,,,,,,,,,,,,,,,,,34.3,13.3,6.2,4.2,,,,,,,,,,,,,,,,,,,,,34.3,,13.3,2026-02-25T10:53:34.292148+00:00,espn,v1.0.0,,,,,,,,,,
401829264,2026-02-26T04:00Z,2026-02-25 08:00 PM PST,,False,False,pre,False,0,Loyola Marymount Lions,Washington State Cougars,2351,265,America East Conference,America East Conference,,,1.5,151.5,,,Draft Kings,WSU -1.5,265,Washington State Cougars,America East Conference,,away,,12,17,9,6,2,9,7,9,0.414,2351,Loyola Marymount Lions,,,,,,,,,,,,,,,,,,,,34.1,13.4,5.6,2.9,,,,,,,,,,,,,,,,,,,,,34.1,,13.4,2026-02-25T10:53:34.292148+00:00,espn,v1.0.0,,,,,,,,,,
