team_id,team,conference,games_played,actual_win_pct,pythagorean_win_pct,luck_score,luck_rank,luck_percentile,regression_risk_flag,expected_future_win_pct,luck_trend_l5,updated_at
2,Auburn Tigers,Patriot League,3,0.3333,0.3387,-0.0054,183,50.1,0,0.3387,0.0,2026-02-26T04:59:25Z
5,UAB Blazers,Atlantic Coast Conference,2,1.0,0.769,0.231,42,88.8,0,0.769,0.0,2026-02-26T04:59:25Z
6,South Alabama Jaguars,Mid-Eastern Athletic Conference,4,0.3333,0.504,-0.1707,299,18.4,0,0.504,-0.171,2026-02-26T04:59:25Z
8,Arkansas Razorbacks,Patriot League,3,0.5,0.5935,-0.0935,249,32.1,0,0.5935,0.0,2026-02-26T04:59:25Z
9,Arizona State Sun Devils,Southeastern Conference,3,0.3333,0.3883,-0.055,226,38.4,0,0.3883,0.0,2026-02-26T04:59:25Z
12,Arizona Wildcats,Southeastern Conference,3,1.0,0.7467,0.2533,33,91.2,0,0.7467,0.0,2026-02-26T04:59:25Z
13,Cal Poly Mustangs,Atlantic 10,2,1.0,0.828,0.172,65,82.5,0,0.828,0.0,2026-02-26T04:59:25Z
16,Sacramento State Hornets,Conference USA,3,0.0,0.292,-0.292,339,7.3,0,0.292,0.0,2026-02-26T04:59:25Z
21,San Diego State Aztecs,Independents,3,0.0,0.183,-0.183,306,16.4,0,0.183,0.0,2026-02-26T04:59:25Z
23,San José State Spartans,Independents,3,0.6667,0.5677,0.099,102,72.3,0,0.5677,0.0,2026-02-26T04:59:25Z
24,Stanford Cardinal,Big East,2,0.0,0.269,-0.269,334,8.8,0,0.269,0.0,2026-02-26T04:59:25Z
25,California Golden Bears,Big East,2,1.0,0.731,0.269,29,92.3,0,0.731,0.0,2026-02-26T04:59:25Z
26,UCLA Bruins,Pac-12,3,0.6667,0.5027,0.164,67,81.8,0,0.5027,0.0,2026-02-26T04:59:25Z
27,UC Riverside Highlanders,Atlantic 10,3,0.5,0.651,-0.151,287,21.6,0,0.651,0.0,2026-02-26T04:59:25Z
28,UC San Diego Tritons,Atlantic 10,2,1.0,0.581,0.419,4,99.2,0,0.581,0.0,2026-02-26T04:59:25Z
30,USC Trojans,Pac-12,3,0.0,0.1697,-0.1697,297,18.9,0,0.1697,0.0,2026-02-26T04:59:25Z
36,Colorado State Rams,Independents,3,1.0,0.7003,0.2997,23,94.0,0,0.7003,0.0,2026-02-26T04:59:25Z
38,Colorado Buffaloes,Southeastern Conference,2,1.0,0.893,0.107,98,73.4,0,0.893,0.0,2026-02-26T04:59:25Z
41,UConn Huskies,Big 12,3,0.6667,0.71,-0.0433,208,43.3,0,0.71,0.0,2026-02-26T04:59:25Z
43,Yale Bulldogs,Mountain West,1,1.0,0.655,0.345,13,96.4,0,0.655,0.0,2026-02-26T04:59:25Z
44,American University Eagles,Independent,3,0.6667,0.651,0.0157,164,55.2,0,0.651,0.0,2026-02-26T04:59:25Z
45,George Washington Revolutionaries,Big Ten,2,0.5,0.546,-0.046,214,41.5,0,0.546,0.0,2026-02-26T04:59:25Z
46,Georgetown Hoyas,Big 12,3,0.0,0.2397,-0.2397,325,11.2,0,0.2397,0.0,2026-02-26T04:59:25Z
47,Howard Bison,Southern Conference,2,1.0,0.9915,0.0085,170,53.7,0,0.9915,0.0,2026-02-26T04:59:25Z
48,Delaware Blue Hens,Missouri Valley Conference,3,0.0,0.2975,-0.2975,341,6.8,0,0.2975,0.0,2026-02-26T04:59:25Z
50,Florida A&M Rattlers,Southwestern Athletic Conference,4,0.6667,0.6863,-0.0196,194,47.1,0,0.6863,-0.019,2026-02-26T04:59:25Z
52,Florida State Seminoles,Big East,3,0.6667,0.5527,0.114,91,75.3,0,0.5527,0.0,2026-02-26T04:59:25Z
55,Jacksonville State Gamecocks,Missouri Valley Conference,3,0.0,0.321,-0.321,345,5.8,0,0.321,0.0,2026-02-26T04:59:25Z
56,Stetson Hatters,Missouri Valley Conference,3,0.5,0.421,0.079,121,67.1,0,0.421,0.0,2026-02-26T04:59:25Z
57,Florida Gators,Patriot League,3,0.6667,0.72,-0.0533,224,38.9,0,0.72,0.0,2026-02-26T04:59:25Z
58,South Florida Bulls,Atlantic Coast Conference,2,1.0,0.96,0.04,146,60.3,0,0.96,0.0,2026-02-26T04:59:25Z
59,Georgia Tech Yellow Jackets,Big East,2,0.0,0.05,-0.05,218,40.3,0,0.05,0.0,2026-02-26T04:59:25Z
61,Georgia Bulldogs,Patriot League,3,0.6667,0.5233,0.1434,77,79.2,0,0.5233,0.0,2026-02-26T04:59:25Z
62,Hawai'i Rainbow Warriors,Atlantic 10,3,0.5,0.3915,0.1085,95,74.2,0,0.3915,0.0,2026-02-26T04:59:25Z
66,Iowa State Cyclones,Southeastern Conference,3,0.6667,0.579,0.0877,111,69.9,0,0.579,0.0,2026-02-26T04:59:25Z
68,Boise State Broncos,Independents,3,0.6667,0.596,0.0707,128,65.1,0,0.596,0.0,2026-02-26T04:59:25Z
70,Idaho Vandals,Conference USA,3,0.5,0.4325,0.0675,132,64.1,0,0.4325,0.0,2026-02-26T04:59:25Z
71,Bradley Braves,Ohio Valley Conference,3,0.3333,0.4877,-0.1544,289,21.1,0,0.4877,0.0,2026-02-26T04:59:25Z
77,Northwestern Wildcats,Pac-12,2,1.0,0.653,0.347,12,97.0,0,0.653,0.0,2026-02-26T04:59:25Z
79,Southern Illinois Salukis,Ohio Valley Conference,3,1.0,0.655,0.345,13,96.4,0,0.655,0.0,2026-02-26T04:59:25Z
82,UIC Flames,Ohio Valley Conference,3,0.6667,0.683,-0.0163,190,48.2,0,0.683,0.0,2026-02-26T04:59:25Z
84,Indiana Hoosiers,Pac-12,2,0.0,0.177,-0.177,303,17.3,0,0.177,0.0,2026-02-26T04:59:25Z
85,IU Indianapolis Jaguars,Horizon League,2,0.0,0.1115,-0.1115,261,28.8,0,0.1115,0.0,2026-02-26T04:59:25Z
87,Notre Dame Fighting Irish,Big East,2,0.0,0.154,-0.154,288,21.4,0,0.154,0.0,2026-02-26T04:59:25Z
88,Southern Indiana Screaming Eagles,Southland Conference,3,0.6667,0.596,0.0707,128,65.1,0,0.596,0.0,2026-02-26T04:59:25Z
91,Bellarmine Knights,Missouri Valley Conference,3,0.0,0.397,-0.397,359,1.9,0,0.397,0.0,2026-02-26T04:59:25Z
93,Murray State Racers,Ohio Valley Conference,2,0.5,0.4595,0.0405,144,60.7,0,0.4595,0.0,2026-02-26T04:59:25Z
94,Northern Kentucky Norse,Horizon League,3,0.6667,0.7187,-0.052,223,39.2,0,0.7187,0.0,2026-02-26T04:59:25Z
96,Kentucky Wildcats,Patriot League,3,0.3333,0.5097,-0.1764,301,17.8,0,0.5097,0.0,2026-02-26T04:59:25Z
97,Louisville Cardinals,Big East,3,0.3333,0.51,-0.1767,302,17.5,0,0.51,0.0,2026-02-26T04:59:25Z
98,Western Kentucky Hilltoppers,Missouri Valley Conference,3,1.0,0.7405,0.2595,31,91.8,0,0.7405,0.0,2026-02-26T04:59:25Z
99,LSU Tigers,Patriot League,3,0.0,0.3425,-0.3425,350,4.4,0,0.3425,0.0,2026-02-26T04:59:25Z
103,Boston College Eagles,Big East,3,0.3333,0.394,-0.0607,230,37.3,0,0.394,0.0,2026-02-26T04:59:25Z
104,Boston University Terriers,Independent,3,0.6667,0.782,-0.1153,263,28.2,0,0.782,0.0,2026-02-26T04:59:25Z
107,Holy Cross Crusaders,Independent,3,0.3333,0.4137,-0.0804,242,34.0,0,0.4137,0.0,2026-02-26T04:59:25Z
108,Harvard Crimson,Mountain West,1,1.0,0.97,0.03,153,58.4,0,0.97,0.0,2026-02-26T04:59:25Z
111,Northeastern Huskies,Western Athletic Conference,3,0.0,0.137,-0.137,275,24.9,0,0.137,0.0,2026-02-26T04:59:25Z
113,Massachusetts Minutemen,Mid-American Conference,3,0.0,0.3487,-0.3487,352,3.8,0,0.3487,0.0,2026-02-26T04:59:25Z
116,Mount St. Mary's Mountaineers,Metro Atlantic Athletic Conference,2,1.0,0.941,0.059,135,63.3,0,0.941,0.0,2026-02-26T04:59:25Z
119,Towson Tigers,Western Athletic Conference,2,0.0,0.257,-0.257,330,9.9,0,0.257,0.0,2026-02-26T04:59:25Z
120,Maryland Terrapins,Pac-12,3,0.3333,0.3573,-0.024,197,46.3,0,0.3573,0.0,2026-02-26T04:59:25Z
127,Michigan State Spartans,Pac-12,3,1.0,0.864,0.136,80,78.4,0,0.864,0.0,2026-02-26T04:59:25Z
130,Michigan Wolverines,Pac-12,3,0.6667,0.647,0.0197,162,55.9,0,0.647,0.0,2026-02-26T04:59:25Z
135,Minnesota Golden Gophers,Pac-12,3,0.6667,0.701,-0.0343,204,44.4,0,0.701,0.0,2026-02-26T04:59:25Z
139,Saint Louis Billikens,Big Ten,3,0.3333,0.4213,-0.088,246,32.7,0,0.4213,0.0,2026-02-26T04:59:25Z
140,Kansas City Roos,Big Ten,3,0.0,0.0505,-0.0505,221,39.7,0,0.0505,0.0,2026-02-26T04:59:25Z
142,Missouri Tigers,Patriot League,3,0.6667,0.4857,0.181,60,83.8,0,0.4857,0.0,2026-02-26T04:59:25Z
145,Ole Miss Rebels,Patriot League,3,0.0,0.2305,-0.2305,322,12.1,0,0.2305,0.0,2026-02-26T04:59:25Z
147,Montana State Bobcats,Conference USA,3,0.0,0.253,-0.253,329,10.1,0,0.253,0.0,2026-02-26T04:59:25Z
149,Montana Grizzlies,Conference USA,3,0.0,0.1995,-0.1995,311,15.1,0,0.1995,0.0,2026-02-26T04:59:25Z
150,Duke Blue Devils,Big East,3,1.0,0.9,0.1,101,72.6,0,0.9,0.0,2026-02-26T04:59:25Z
151,East Carolina Pirates,Atlantic Coast Conference,3,0.0,0.2515,-0.2515,328,10.4,0,0.2515,0.0,2026-02-26T04:59:25Z
152,NC State Wolfpack,Big East,2,0.5,0.4965,0.0035,176,52.1,0,0.4965,0.0,2026-02-26T04:59:25Z
153,North Carolina Tar Heels,Big East,3,0.6667,0.5077,0.159,70,81.1,0,0.5077,0.0,2026-02-26T04:59:25Z
154,Wake Forest Demon Deacons,Big East,3,0.3333,0.2943,0.039,147,60.0,0,0.2943,0.0,2026-02-26T04:59:25Z
155,North Dakota Fighting Hawks,Big Ten,2,0.5,0.5805,-0.0805,243,33.7,0,0.5805,0.0,2026-02-26T04:59:25Z
156,Creighton Bluejays,Big 12,3,0.5,0.3605,0.1395,79,78.6,0,0.3605,0.0,2026-02-26T04:59:25Z
158,Nebraska Cornhuskers,Pac-12,3,0.6667,0.7293,-0.0626,231,37.0,0,0.7293,0.0,2026-02-26T04:59:25Z
159,Dartmouth Big Green,Mountain West,1,1.0,0.545,0.455,2,99.7,0,0.545,0.0,2026-02-26T04:59:25Z
160,New Hampshire Wildcats,Atlantic Coast Conference,3,0.0,0.1905,-0.1905,308,15.9,0,0.1905,0.0,2026-02-26T04:59:25Z
161,Fairleigh Dickinson Knights,Sun Belt Conference,3,0.5,0.4085,0.0915,105,71.5,0,0.4085,0.0,2026-02-26T04:59:25Z
163,Princeton Tigers,Mountain West,1,0.0,0.202,-0.202,314,14.2,0,0.202,0.0,2026-02-26T04:59:25Z
164,Rutgers Scarlet Knights,Pac-12,3,0.3333,0.3897,-0.0564,229,37.5,0,0.3897,0.0,2026-02-26T04:59:25Z
166,New Mexico State Aggies,Missouri Valley Conference,2,1.0,0.67,0.33,19,95.1,0,0.67,0.0,2026-02-26T04:59:25Z
167,New Mexico Lobos,Independents,3,0.6667,0.5957,0.071,126,65.6,0,0.5957,0.0,2026-02-26T04:59:25Z
171,Columbia Lions,Mountain West,1,0.0,0.455,-0.455,363,0.8,0,0.455,0.0,2026-02-26T04:59:25Z
172,Cornell Big Red,Mountain West,1,0.0,0.03,-0.03,202,44.9,0,0.03,0.0,2026-02-26T04:59:25Z
179,St. Bonaventure Bonnies,Big Ten,3,0.0,0.3105,-0.3105,344,6.0,0,0.3105,0.0,2026-02-26T04:59:25Z
183,Syracuse Orange,Big East,2,0.0,0.056,-0.056,228,37.8,0,0.056,0.0,2026-02-26T04:59:25Z
189,Bowling Green Falcons,Mid-American Conference,3,0.0,0.2017,-0.2017,313,14.5,0,0.2017,0.0,2026-02-26T04:59:25Z
193,Miami (OH) RedHawks,Mid-American Conference,3,1.0,0.8317,0.1683,66,82.2,0,0.8317,0.0,2026-02-26T04:59:25Z
194,Ohio State Buckeyes,Pac-12,3,0.5,0.588,-0.088,246,32.7,0,0.588,0.0,2026-02-26T04:59:25Z
195,Ohio Bobcats,Mid-American Conference,2,1.0,0.844,0.156,71,80.8,0,0.844,0.0,2026-02-26T04:59:25Z
197,Oklahoma State Cowboys,Southeastern Conference,3,0.3333,0.3197,0.0136,166,54.8,0,0.3197,0.0,2026-02-26T04:59:25Z
198,Oral Roberts Golden Eagles,Big Ten,3,0.5,0.4555,0.0445,143,61.1,0,0.4555,0.0,2026-02-26T04:59:25Z
201,Oklahoma Sooners,Patriot League,3,0.3333,0.4047,-0.0714,236,35.6,0,0.4047,0.0,2026-02-26T04:59:25Z
202,Tulsa Golden Hurricane,Atlantic Coast Conference,3,0.6667,0.7167,-0.05,218,40.3,0,0.7167,0.0,2026-02-26T04:59:25Z
204,Oregon State Beavers,America East Conference,2,1.0,0.814,0.186,58,84.2,0,0.814,0.0,2026-02-26T04:59:25Z
213,Penn State Nittany Lions,Pac-12,2,0.0,0.0785,-0.0785,241,34.2,0,0.0785,0.0,2026-02-26T04:59:25Z
218,Temple Owls,Atlantic Coast Conference,3,0.0,0.207,-0.207,317,13.4,0,0.207,0.0,2026-02-26T04:59:25Z
219,Pennsylvania Quakers,Mountain West,1,0.0,0.345,-0.345,351,4.1,0,0.345,0.0,2026-02-26T04:59:25Z
221,Pittsburgh Panthers,Big East,2,1.0,0.693,0.307,22,94.2,0,0.693,0.0,2026-02-26T04:59:25Z
222,Villanova Wildcats,Big 12,3,0.6667,0.5617,0.105,99,73.2,0,0.5617,0.0,2026-02-26T04:59:25Z
225,Brown Bears,Mountain West,1,1.0,0.798,0.202,54,85.5,0,0.798,0.0,2026-02-26T04:59:25Z
227,Rhode Island Rams,Big Ten,3,0.5,0.3645,0.1355,81,78.1,0,0.3645,0.0,2026-02-26T04:59:25Z
228,Clemson Tigers,Big East,2,0.0,0.271,-0.271,335,8.5,0,0.271,0.0,2026-02-26T04:59:25Z
231,Furman Paladins,Colonial Athletic Association,3,0.6667,0.645,0.0217,159,56.6,0,0.645,0.0,2026-02-26T04:59:25Z
232,Charleston Cougars,Western Athletic Conference,3,1.0,0.883,0.117,90,75.6,0,0.883,0.0,2026-02-26T04:59:25Z
233,South Dakota Coyotes,Big Ten,3,0.3333,0.439,-0.1057,256,30.0,0,0.439,0.0,2026-02-26T04:59:25Z
235,Memphis Tigers,Atlantic Coast Conference,3,0.0,0.094,-0.094,250,31.5,0,0.094,0.0,2026-02-26T04:59:25Z
236,Chattanooga Mocs,Colonial Athletic Association,3,1.0,0.786,0.214,51,86.3,0,0.786,0.0,2026-02-26T04:59:25Z
238,Vanderbilt Commodores,Patriot League,3,0.3333,0.5997,-0.2664,333,9.0,0,0.5997,0.0,2026-02-26T04:59:25Z
239,Baylor Bears,Southeastern Conference,3,0.3333,0.3547,-0.0214,195,46.8,0,0.3547,0.0,2026-02-26T04:59:25Z
242,Rice Owls,Atlantic Coast Conference,2,0.0,0.292,-0.292,339,7.3,0,0.292,0.0,2026-02-26T04:59:25Z
245,Texas A&M Aggies,Patriot League,3,1.0,0.6305,0.3695,7,98.4,0,0.6305,0.0,2026-02-26T04:59:25Z
248,Houston Cougars,Southeastern Conference,3,0.0,0.233,-0.233,324,11.5,0,0.233,0.0,2026-02-26T04:59:25Z
249,North Texas Mean Green,Atlantic Coast Conference,3,0.6667,0.4807,0.186,58,84.2,0,0.4807,0.0,2026-02-26T04:59:25Z
250,UT Arlington Mavericks,Atlantic Sun Conference,3,0.5,0.512,-0.012,189,48.5,0,0.512,0.0,2026-02-26T04:59:25Z
251,Texas Longhorns,Patriot League,3,0.6667,0.4887,0.178,63,83.0,0,0.4887,0.0,2026-02-26T04:59:25Z
252,BYU Cougars,Southeastern Conference,3,0.3333,0.4103,-0.077,240,34.5,0,0.4103,0.0,2026-02-26T04:59:25Z
253,Southern Utah Thunderbirds,Atlantic Sun Conference,2,0.0,0.3605,-0.3605,353,3.6,0,0.3605,0.0,2026-02-26T04:59:25Z
254,Utah Utes,Southeastern Conference,3,0.3333,0.403,-0.0697,235,35.9,0,0.403,0.0,2026-02-26T04:59:25Z
256,James Madison Dukes,Mid-Eastern Athletic Conference,3,1.0,0.751,0.249,36,90.4,0,0.751,0.0,2026-02-26T04:59:25Z
257,Richmond Spiders,Big Ten,2,0.5,0.528,-0.028,200,45.5,0,0.528,0.0,2026-02-26T04:59:25Z
258,Virginia Cavaliers,Big East,3,1.0,0.8553,0.1447,75,79.7,0,0.8553,0.0,2026-02-26T04:59:25Z
259,Virginia Tech Hokies,Big East,2,0.5,0.7055,-0.2055,316,13.7,0,0.7055,0.0,2026-02-26T04:59:25Z
261,Vermont Catamounts,Atlantic Coast Conference,3,0.5,0.419,0.081,119,67.7,0,0.419,0.0,2026-02-26T04:59:25Z
264,Washington Huskies,Pac-12,2,0.5,0.5335,-0.0335,203,44.7,0,0.5335,0.0,2026-02-26T04:59:25Z
265,Washington State Cougars,America East Conference,3,0.5,0.5015,-0.0015,179,51.2,0,0.5015,0.0,2026-02-26T04:59:25Z
269,Marquette Golden Eagles,Big 12,2,0.5,0.609,-0.109,258,29.5,0,0.609,0.0,2026-02-26T04:59:25Z
270,Milwaukee Panthers,Horizon League,3,0.0,0.25,-0.25,327,10.7,0,0.25,0.0,2026-02-26T04:59:25Z
275,Wisconsin Badgers,Pac-12,3,0.5,0.474,0.026,155,57.8,0,0.474,0.0,2026-02-26T04:59:25Z
276,Marshall Thundering Herd,Mid-Eastern Athletic Conference,4,0.75,0.5693,0.1807,61,83.6,0,0.5693,0.159,2026-02-26T04:59:25Z
277,West Virginia Mountaineers,Southeastern Conference,3,0.0,0.262,-0.262,332,9.3,0,0.262,0.0,2026-02-26T04:59:25Z
278,Fresno State Bulldogs,Independents,3,0.0,0.3277,-0.3277,346,5.5,0,0.3277,0.0,2026-02-26T04:59:25Z
279,Pacific Tigers,America East Conference,2,0.0,0.125,-0.125,265,27.5,0,0.125,0.0,2026-02-26T04:59:25Z
282,Indiana State Sycamores,Ohio Valley Conference,3,0.0,0.0535,-0.0535,225,38.6,0,0.0535,0.0,2026-02-26T04:59:25Z
284,Stonehill Skyhawks,Sun Belt Conference,3,0.5,0.4375,0.0625,134,63.6,0,0.4375,0.0,2026-02-26T04:59:25Z
288,Lipscomb Bisons,Missouri Valley Conference,3,0.6667,0.5553,0.1114,93,74.8,0,0.5553,0.0,2026-02-26T04:59:25Z
290,Georgia Southern Eagles,Mid-Eastern Athletic Conference,3,0.0,0.2595,-0.2595,331,9.6,0,0.2595,0.0,2026-02-26T04:59:25Z
292,UT Rio Grande Valley Vaqueros,Horizon League,3,0.6667,0.6303,0.0364,151,58.9,0,0.6303,0.0,2026-02-26T04:59:25Z
294,Jacksonville Dolphins,Missouri Valley Conference,3,0.0,0.379,-0.379,356,2.7,0,0.379,0.0,2026-02-26T04:59:25Z
295,Old Dominion Monarchs,Mid-Eastern Athletic Conference,3,0.3333,0.4723,-0.139,278,24.0,0,0.4723,0.0,2026-02-26T04:59:25Z
299,Long Beach State Beach,Atlantic 10,3,0.0,0.273,-0.273,336,8.2,0,0.273,0.0,2026-02-26T04:59:25Z
300,UC Irvine Anteaters,Atlantic 10,3,0.5,0.6495,-0.1495,286,21.9,0,0.6495,0.0,2026-02-26T04:59:25Z
301,San Diego Toreros,America East Conference,2,0.0,0.125,-0.125,265,27.5,0,0.125,0.0,2026-02-26T04:59:25Z
302,UC Davis Aggies,Atlantic 10,3,0.5,0.5755,-0.0755,239,34.8,0,0.5755,0.0,2026-02-26T04:59:25Z
304,Idaho State Bengals,Conference USA,2,1.0,0.7725,0.2275,43,88.5,0,0.7725,0.0,2026-02-26T04:59:25Z
305,DePaul Blue Demons,Big 12,3,0.5,0.639,-0.139,278,24.0,0,0.639,0.0,2026-02-26T04:59:25Z
309,Louisiana Ragin' Cajuns,Mid-Eastern Athletic Conference,4,0.25,0.2958,-0.0458,213,41.9,0,0.2958,-0.048,2026-02-26T04:59:25Z
311,Maine Black Bears,Atlantic Coast Conference,2,1.0,0.641,0.359,11,97.3,0,0.641,0.0,2026-02-26T04:59:25Z
314,Iona Gaels,Metro Atlantic Athletic Conference,2,0.5,0.6145,-0.1145,262,28.5,0,0.6145,0.0,2026-02-26T04:59:25Z
315,Niagara Purple Eagles,Metro Atlantic Athletic Conference,2,0.0,0.1975,-0.1975,310,15.3,0,0.1975,0.0,2026-02-26T04:59:25Z
322,Lafayette Leopards,Independent,3,0.6667,0.5163,0.1504,72,80.5,0,0.5163,0.0,2026-02-26T04:59:25Z
324,Coastal Carolina Chanticleers,Mid-Eastern Athletic Conference,3,0.6667,0.5817,0.085,113,69.2,0,0.5817,0.0,2026-02-26T04:59:25Z
325,Cleveland State Vikings,Horizon League,3,0.0,0.1217,-0.1217,264,27.9,0,0.1217,0.0,2026-02-26T04:59:25Z
326,Texas State Bobcats,Mid-Eastern Athletic Conference,2,0.5,0.411,0.089,108,70.7,0,0.411,0.0,2026-02-26T04:59:25Z
328,Utah State Aggies,Independents,3,0.5,0.679,-0.179,304,17.0,0,0.679,0.0,2026-02-26T04:59:25Z
331,Eastern Washington Eagles,Conference USA,3,1.0,0.8125,0.1875,57,84.7,0,0.8125,0.0,2026-02-26T04:59:25Z
333,Alabama Crimson Tide,Patriot League,3,1.0,0.633,0.367,8,98.1,0,0.633,0.0,2026-02-26T04:59:25Z
338,Kennesaw State Owls,Missouri Valley Conference,3,1.0,0.637,0.363,9,97.8,0,0.637,0.0,2026-02-26T04:59:25Z
339,Evansville Purple Aces,Ohio Valley Conference,3,0.0,0.046,-0.046,214,41.5,0,0.046,0.0,2026-02-26T04:59:25Z
344,Mississippi State Bulldogs,Patriot League,3,0.5,0.479,0.021,161,56.2,0,0.479,0.0,2026-02-26T04:59:25Z
349,Army Black Knights,Independent,3,0.3333,0.4263,-0.093,248,32.3,0,0.4263,0.0,2026-02-26T04:59:25Z
350,UNC Wilmington Seahawks,Western Athletic Conference,3,1.0,0.7595,0.2405,40,89.3,0,0.7595,0.0,2026-02-26T04:59:25Z
356,Illinois Fighting Illini,Pac-12,2,0.5,0.732,-0.232,323,11.8,0,0.732,0.0,2026-02-26T04:59:25Z
357,Texas A&M-Corpus Christi Islanders,Horizon League,3,0.3333,0.304,0.0293,154,58.1,0,0.304,0.0,2026-02-26T04:59:25Z
399,UAlbany Great Danes,Atlantic Coast Conference,3,0.5,0.6375,-0.1375,276,24.5,0,0.6375,0.0,2026-02-26T04:59:25Z
526,Florida Gulf Coast Eagles,Missouri Valley Conference,3,1.0,0.61,0.39,6,98.6,0,0.61,0.0,2026-02-26T04:59:25Z
2000,Abilene Christian Wildcats,Atlantic Sun Conference,3,0.5,0.4995,0.0005,178,51.5,0,0.4995,0.0,2026-02-26T04:59:25Z
2005,Air Force Falcons,Independents,3,0.0,0.1103,-0.1103,260,29.0,0,0.1103,0.0,2026-02-26T04:59:25Z
2006,Akron Zips,Mid-American Conference,3,1.0,0.8867,0.1133,92,75.1,0,0.8867,0.0,2026-02-26T04:59:25Z
2010,Alabama A&M Bulldogs,Southwestern Athletic Conference,3,0.6667,0.5563,0.1104,94,74.5,0,0.5563,0.0,2026-02-26T04:59:25Z
2011,Alabama State Hornets,Southwestern Athletic Conference,3,0.3333,0.4203,-0.087,245,33.2,0,0.4203,0.0,2026-02-26T04:59:25Z
2016,Alcorn State Braves,Southwestern Athletic Conference,3,0.5,0.594,-0.094,250,31.5,0,0.594,0.0,2026-02-26T04:59:25Z
2026,App State Mountaineers,Mid-Eastern Athletic Conference,2,0.5,0.681,-0.181,305,16.7,0,0.681,0.0,2026-02-26T04:59:25Z
2029,Arkansas-Pine Bluff Golden Lions,Southwestern Athletic Conference,3,0.3333,0.252,0.0813,118,67.9,0,0.252,0.0,2026-02-26T04:59:25Z
2031,Little Rock Trojans,Southland Conference,3,0.5,0.4425,0.0575,136,63.0,0,0.4425,0.0,2026-02-26T04:59:25Z
2032,Arkansas State Red Wolves,Mid-Eastern Athletic Conference,3,1.0,0.7737,0.2263,45,87.9,0,0.7737,0.0,2026-02-26T04:59:25Z
2046,Austin Peay Governors,Missouri Valley Conference,3,1.0,0.6065,0.3935,5,98.9,0,0.6065,0.0,2026-02-26T04:59:25Z
2050,Ball State Cardinals,Mid-American Conference,3,0.3333,0.2493,0.084,115,68.8,0,0.2493,0.0,2026-02-26T04:59:25Z
2057,Belmont Bruins,Ohio Valley Conference,2,1.0,0.962,0.038,148,59.7,0,0.962,0.0,2026-02-26T04:59:25Z
2065,Bethune-Cookman Wildcats,Southwestern Athletic Conference,4,0.6667,0.6557,0.011,168,54.1,0,0.6557,0.011,2026-02-26T04:59:25Z
2066,Binghamton Bearcats,Atlantic Coast Conference,3,0.5,0.5085,-0.0085,187,49.0,0,0.5085,0.0,2026-02-26T04:59:25Z
2083,Bucknell Bison,Independent,3,0.3333,0.265,0.0683,130,64.7,0,0.265,0.0,2026-02-26T04:59:25Z
2084,Buffalo Bulls,Mid-American Conference,3,0.3333,0.4007,-0.0674,233,36.4,0,0.4007,0.0,2026-02-26T04:59:25Z
2086,Butler Bulldogs,Big 12,3,0.6667,0.455,0.2117,52,86.0,0,0.455,0.0,2026-02-26T04:59:25Z
2097,Campbell Fighting Camels,Western Athletic Conference,3,0.5,0.4205,0.0795,120,67.4,0,0.4205,0.0,2026-02-26T04:59:25Z
2099,Canisius Golden Griffins,Metro Atlantic Athletic Conference,2,0.5,0.3725,0.1275,83,77.5,0,0.3725,0.0,2026-02-26T04:59:25Z
2110,Central Arkansas Bears,Missouri Valley Conference,3,0.5,0.5955,-0.0955,253,31.0,0,0.5955,0.0,2026-02-26T04:59:25Z
2115,Central Connecticut Blue Devils,Sun Belt Conference,3,0.5,0.2815,0.2185,48,87.1,0,0.2815,0.0,2026-02-26T04:59:25Z
2116,UCF Knights,Southeastern Conference,3,1.0,0.753,0.247,37,90.1,0,0.753,0.0,2026-02-26T04:59:25Z
2117,Central Michigan Chippewas,Mid-American Conference,3,0.3333,0.4653,-0.132,271,25.9,0,0.4653,0.0,2026-02-26T04:59:25Z
2127,Charleston Southern Buccaneers,6,3,0.5,0.518,-0.018,191,47.8,0,0.518,0.0,2026-02-26T04:59:25Z
2130,Chicago State Cougars,Sun Belt Conference,3,0.5,0.713,-0.213,319,12.9,0,0.713,0.0,2026-02-26T04:59:25Z
2132,Cincinnati Bearcats,Southeastern Conference,2,0.5,0.5265,-0.0265,199,45.8,0,0.5265,0.0,2026-02-26T04:59:25Z
2142,Colgate Raiders,Independent,3,0.3333,0.245,0.0883,110,70.1,0,0.245,0.0,2026-02-26T04:59:25Z
2154,Coppin State Eagles,Southern Conference,2,1.0,0.666,0.334,18,95.3,0,0.666,0.0,2026-02-26T04:59:25Z
2166,Davidson Wildcats,Big Ten,3,0.6667,0.636,0.0307,152,58.6,0,0.636,0.0,2026-02-26T04:59:25Z
2168,Dayton Flyers,Big Ten,3,1.0,0.9023,0.0977,103,72.1,0,0.9023,0.0,2026-02-26T04:59:25Z
2169,Delaware State Hornets,Southern Conference,2,0.0,0.0555,-0.0555,227,38.1,0,0.0555,0.0,2026-02-26T04:59:25Z
2172,Denver Pioneers,Big Ten,3,1.0,0.759,0.241,39,89.6,0,0.759,0.0,2026-02-26T04:59:25Z
2174,Detroit Mercy Titans,Horizon League,3,1.0,0.7117,0.2883,27,92.9,0,0.7117,0.0,2026-02-26T04:59:25Z
2181,Drake Bulldogs,Ohio Valley Conference,2,0.0,0.288,-0.288,337,7.9,0,0.288,0.0,2026-02-26T04:59:25Z
2182,Drexel Dragons,Western Athletic Conference,4,0.6667,0.651,0.0157,164,55.2,0,0.651,0.016,2026-02-26T04:59:25Z
2184,Duquesne Dukes,Big Ten,3,0.3333,0.2253,0.108,96,73.8,0,0.2253,0.0,2026-02-26T04:59:25Z
2193,East Tennessee State Buccaneers,Colonial Athletic Association,3,0.6667,0.7167,-0.05,218,40.3,0,0.7167,0.0,2026-02-26T04:59:25Z
2197,Eastern Illinois Panthers,Southland Conference,3,0.0,0.3995,-0.3995,360,1.6,0,0.3995,0.0,2026-02-26T04:59:25Z
2198,Eastern Kentucky Colonels,Missouri Valley Conference,3,1.0,0.703,0.297,25,93.4,0,0.703,0.0,2026-02-26T04:59:25Z
2199,Eastern Michigan Eagles,Mid-American Conference,3,0.3333,0.379,-0.0457,212,42.2,0,0.379,0.0,2026-02-26T04:59:25Z
2210,Elon Phoenix,Western Athletic Conference,2,0.0,0.075,-0.075,238,35.1,0,0.075,0.0,2026-02-26T04:59:25Z
2217,Fairfield Stags,Metro Atlantic Athletic Conference,2,1.0,0.764,0.236,41,89.0,0,0.764,0.0,2026-02-26T04:59:25Z
2226,Florida Atlantic Owls,Atlantic Coast Conference,3,0.5,0.649,-0.149,285,22.2,0,0.649,0.0,2026-02-26T04:59:25Z
2229,Florida International Panthers,Missouri Valley Conference,3,0.5,0.5455,-0.0455,211,42.5,0,0.5455,0.0,2026-02-26T04:59:25Z
2230,Fordham Rams,Big Ten,2,1.0,0.6595,0.3405,17,95.6,0,0.6595,0.0,2026-02-26T04:59:25Z
2239,Cal State Fullerton Titans,Atlantic 10,2,1.0,0.6405,0.3595,10,97.5,0,0.6405,0.0,2026-02-26T04:59:25Z
2241,Gardner-Webb Runnin' Bulldogs,6,3,0.0,0.163,-0.163,295,19.5,0,0.163,0.0,2026-02-26T04:59:25Z
2244,George Mason Patriots,Big Ten,2,0.0,0.045,-0.045,210,42.7,0,0.045,0.0,2026-02-26T04:59:25Z
2247,Georgia State Panthers,Mid-Eastern Athletic Conference,3,0.3333,0.3287,0.0046,175,52.3,0,0.3287,0.0,2026-02-26T04:59:25Z
2250,Gonzaga Bulldogs,America East Conference,3,1.0,0.8985,0.1015,100,72.9,0,0.8985,0.0,2026-02-26T04:59:25Z
2253,Grand Canyon Lopes,Independents,3,0.5,0.572,-0.072,237,35.3,0,0.572,0.0,2026-02-26T04:59:25Z
2261,Hampton Pirates,Western Athletic Conference,3,0.0,0.1285,-0.1285,269,26.6,0,0.1285,0.0,2026-02-26T04:59:25Z
2272,High Point Panthers,6,3,1.0,0.779,0.221,47,87.4,0,0.779,0.0,2026-02-26T04:59:25Z
2275,Hofstra Pride,Western Athletic Conference,2,1.0,0.9475,0.0525,138,62.5,0,0.9475,0.0,2026-02-26T04:59:25Z
2277,Houston Christian Huskies,Horizon League,3,0.6667,0.4113,0.2554,32,91.5,0,0.4113,0.0,2026-02-26T04:59:25Z
2287,Illinois State Redbirds,Ohio Valley Conference,3,0.3333,0.461,-0.1277,268,26.8,0,0.461,0.0,2026-02-26T04:59:25Z
2294,Iowa Hawkeyes,Pac-12,3,0.5,0.434,0.066,133,63.8,0,0.434,0.0,2026-02-26T04:59:25Z
2296,Jackson State Tigers,Southwestern Athletic Conference,3,0.5,0.357,0.143,78,78.9,0,0.357,0.0,2026-02-26T04:59:25Z
2305,Kansas Jayhawks,Southeastern Conference,3,0.6667,0.6203,0.0464,141,61.6,0,0.6203,0.0,2026-02-26T04:59:25Z
2306,Kansas State Wildcats,Southeastern Conference,3,0.5,0.4635,0.0365,150,59.2,0,0.4635,0.0,2026-02-26T04:59:25Z
2309,Kent State Golden Flashes,Mid-American Conference,2,1.0,0.6585,0.3415,16,95.9,0,0.6585,0.0,2026-02-26T04:59:25Z
2320,Lamar Cardinals,Horizon League,3,0.0,0.342,-0.342,349,4.7,0,0.342,0.0,2026-02-26T04:59:25Z
2325,La Salle Explorers,Big Ten,3,0.3333,0.4767,-0.1434,281,23.3,0,0.4767,0.0,2026-02-26T04:59:25Z
2329,Lehigh Mountain Hawks,Independent,3,0.6667,0.5187,0.148,73,80.3,0,0.5187,0.0,2026-02-26T04:59:25Z
2330,Le Moyne Dolphins,Sun Belt Conference,3,0.0,0.328,-0.328,347,5.2,0,0.328,0.0,2026-02-26T04:59:25Z
2335,Liberty Flames,Missouri Valley Conference,3,0.5,0.292,0.208,53,85.8,0,0.292,0.0,2026-02-26T04:59:25Z
2344,Longwood Lancers,6,2,0.5,0.5065,-0.0065,184,49.9,0,0.5065,0.0,2026-02-26T04:59:25Z
2348,Louisiana Tech Bulldogs,Missouri Valley Conference,3,0.5,0.535,-0.035,205,44.1,0,0.535,0.0,2026-02-26T04:59:25Z
2349,UMass Lowell River Hawks,Atlantic Coast Conference,3,1.0,0.915,0.085,113,69.2,0,0.915,0.0,2026-02-26T04:59:25Z
2350,Loyola Chicago Ramblers,Big Ten,2,0.0,0.223,-0.223,320,12.6,0,0.223,0.0,2026-02-26T04:59:25Z
2351,Loyola Marymount Lions,America East Conference,2,1.0,0.875,0.125,85,77.0,0,0.875,0.0,2026-02-26T04:59:25Z
2352,Loyola Maryland Greyhounds,Independent,3,0.0,0.2043,-0.2043,315,14.0,0,0.2043,0.0,2026-02-26T04:59:25Z
2363,Manhattan Jaspers,Metro Atlantic Athletic Conference,1,0.0,0.109,-0.109,258,29.5,0,0.109,0.0,2026-02-26T04:59:25Z
2368,Marist Red Foxes,Metro Atlantic Athletic Conference,2,1.0,0.74,0.26,30,92.1,0,0.74,0.0,2026-02-26T04:59:25Z
2377,McNeese Cowboys,Horizon League,3,1.0,0.856,0.144,76,79.5,0,0.856,0.0,2026-02-26T04:59:25Z
2378,UMBC Retrievers,Atlantic Coast Conference,3,1.0,0.7855,0.2145,50,86.6,0,0.7855,0.0,2026-02-26T04:59:25Z
2379,Maryland Eastern Shore Hawks,Southern Conference,2,0.0,0.3015,-0.3015,343,6.3,0,0.3015,0.0,2026-02-26T04:59:25Z
2382,Mercer Bears,Colonial Athletic Association,3,0.3333,0.3563,-0.023,196,46.6,0,0.3563,0.0,2026-02-26T04:59:25Z
2385,Mercyhurst Lakers,Sun Belt Conference,3,0.5,0.569,-0.069,234,36.2,0,0.569,0.0,2026-02-26T04:59:25Z
2390,Miami Hurricanes,Big East,3,0.6667,0.5853,0.0814,117,68.2,0,0.5853,0.0,2026-02-26T04:59:25Z
2393,Middle Tennessee Blue Raiders,Missouri Valley Conference,3,0.5,0.548,-0.048,216,41.1,0,0.548,0.0,2026-02-26T04:59:25Z
2400,Mississippi Valley State Delta Devils,Southwestern Athletic Conference,4,0.25,0.1823,0.0677,131,64.4,0,0.1823,0.101,2026-02-26T04:59:25Z
2405,Monmouth Hawks,Western Athletic Conference,3,0.0,0.155,-0.155,290,20.8,0,0.155,0.0,2026-02-26T04:59:25Z
2413,Morehead State Eagles,Southland Conference,4,1.0,0.7127,0.2873,28,92.6,0,0.7127,0.287,2026-02-26T04:59:25Z
2415,Morgan State Bears,Southern Conference,3,0.6667,0.6703,-0.0036,181,50.7,0,0.6703,0.0,2026-02-26T04:59:25Z
2426,Navy Midshipmen,Independent,3,1.0,0.9777,0.0223,158,57.0,0,0.9777,0.0,2026-02-26T04:59:25Z
2427,UNC Asheville Bulldogs,6,3,0.5,0.273,0.227,44,88.2,0,0.273,0.0,2026-02-26T04:59:25Z
2428,North Carolina Central Eagles,Southern Conference,3,0.3333,0.2607,0.0726,125,66.0,0,0.2607,0.0,2026-02-26T04:59:25Z
2429,Charlotte 49ers,Atlantic Coast Conference,3,0.3333,0.5343,-0.201,312,14.8,0,0.5343,0.0,2026-02-26T04:59:25Z
2430,UNC Greensboro Spartans,Colonial Athletic Association,3,0.0,0.141,-0.141,280,23.6,0,0.141,0.0,2026-02-26T04:59:25Z
2433,UL Monroe Warhawks,Mid-Eastern Athletic Conference,3,0.0,0.3715,-0.3715,354,3.3,0,0.3715,0.0,2026-02-26T04:59:25Z
2437,Omaha Mavericks,Big Ten,2,0.5,0.4125,0.0875,112,69.6,0,0.4125,0.0,2026-02-26T04:59:25Z
2439,UNLV Rebels,Independents,3,0.5,0.6595,-0.1595,293,20.0,0,0.6595,0.0,2026-02-26T04:59:25Z
2440,Nevada Wolf Pack,Independents,3,0.6667,0.4923,0.1744,64,82.7,0,0.4923,0.0,2026-02-26T04:59:25Z
2441,New Haven Chargers,Sun Belt Conference,4,0.6667,0.645,0.0217,159,56.6,0,0.645,0.022,2026-02-26T04:59:25Z
2443,New Orleans Privateers,Horizon League,3,1.0,0.758,0.242,38,89.9,0,0.758,0.0,2026-02-26T04:59:25Z
2447,Nicholls Colonels,Horizon League,3,0.3333,0.4297,-0.0964,255,30.4,0,0.4297,0.0,2026-02-26T04:59:25Z
2448,North Carolina A&T Aggies,Western Athletic Conference,3,0.5,0.5115,-0.0115,188,48.8,0,0.5115,0.0,2026-02-26T04:59:25Z
2449,North Dakota State Bison,Big Ten,3,1.0,0.892,0.108,96,73.8,0,0.892,0.0,2026-02-26T04:59:25Z
2450,Norfolk State Spartans,Southern Conference,2,1.0,0.801,0.199,55,85.2,0,0.801,0.0,2026-02-26T04:59:25Z
2453,North Alabama Lions,Missouri Valley Conference,3,0.0,0.1435,-0.1435,282,23.0,0,0.1435,0.0,2026-02-26T04:59:25Z
2454,North Florida Ospreys,Missouri Valley Conference,3,0.0,0.388,-0.388,358,2.2,0,0.388,0.0,2026-02-26T04:59:25Z
2458,Northern Colorado Bears,Conference USA,2,1.0,0.537,0.463,1,100.0,0,0.537,0.0,2026-02-26T04:59:25Z
2459,Northern Illinois Huskies,Mid-American Conference,3,0.3333,0.322,0.0113,167,54.5,0,0.322,0.0,2026-02-26T04:59:25Z
2460,Northern Iowa Panthers,Ohio Valley Conference,3,0.6667,0.6713,-0.0046,182,50.4,0,0.6713,0.0,2026-02-26T04:59:25Z
2463,Cal State Northridge Matadors,Atlantic 10,3,1.0,0.571,0.429,3,99.5,0,0.571,0.0,2026-02-26T04:59:25Z
2464,Northern Arizona Lumberjacks,Conference USA,2,0.0,0.463,-0.463,364,0.5,0,0.463,0.0,2026-02-26T04:59:25Z
2466,Northwestern State Demons,Horizon League,3,0.6667,0.62,0.0467,140,61.9,0,0.62,0.0,2026-02-26T04:59:25Z
2473,Oakland Golden Grizzlies,Horizon League,3,0.6667,0.6917,-0.025,198,46.0,0,0.6917,0.0,2026-02-26T04:59:25Z
2483,Oregon Ducks,Pac-12,3,0.5,0.282,0.218,49,86.8,0,0.282,0.0,2026-02-26T04:59:25Z
2492,Pepperdine Waves,America East Conference,3,0.5,0.4595,0.0405,144,60.7,0,0.4595,0.0,2026-02-26T04:59:25Z
2501,Portland Pilots,America East Conference,3,0.0,0.1865,-0.1865,307,16.2,0,0.1865,0.0,2026-02-26T04:59:25Z
2502,Portland State Vikings,Conference USA,3,0.5,0.463,0.037,149,59.5,0,0.463,0.0,2026-02-26T04:59:25Z
2504,Prairie View A&M Panthers,Southwestern Athletic Conference,4,0.6667,0.6617,0.005,174,52.6,0,0.6617,0.005,2026-02-26T04:59:25Z
2506,Presbyterian Blue Hose,6,3,0.5,0.594,-0.094,250,31.5,0,0.594,0.0,2026-02-26T04:59:25Z
2507,Providence Friars,Big 12,2,1.0,0.8065,0.1935,56,84.9,0,0.8065,0.0,2026-02-26T04:59:25Z
2509,Purdue Boilermakers,Pac-12,3,0.5,0.586,-0.086,244,33.4,0,0.586,0.0,2026-02-26T04:59:25Z
2511,Queens University Royals,Missouri Valley Conference,3,0.6667,0.4873,0.1794,62,83.3,0,0.4873,0.0,2026-02-26T04:59:25Z
2514,Quinnipiac Bobcats,Metro Atlantic Athletic Conference,1,0.0,0.301,-0.301,342,6.6,0,0.301,0.0,2026-02-26T04:59:25Z
2515,Radford Highlanders,6,3,0.5,0.661,-0.161,294,19.7,0,0.661,0.0,2026-02-26T04:59:25Z
2520,Rider Broncs,Metro Atlantic Athletic Conference,2,0.5,0.489,0.011,168,54.1,0,0.489,0.0,2026-02-26T04:59:25Z
2523,Robert Morris Colonials,Horizon League,2,0.5,0.5295,-0.0295,201,45.2,0,0.5295,0.0,2026-02-26T04:59:25Z
2529,Sacred Heart Pioneers,Metro Atlantic Athletic Conference,2,0.0,0.291,-0.291,338,7.7,0,0.291,0.0,2026-02-26T04:59:25Z
2534,Sam Houston Bearkats,Missouri Valley Conference,3,1.0,0.708,0.292,26,93.2,0,0.708,0.0,2026-02-26T04:59:25Z
2535,Samford Bulldogs,Colonial Athletic Association,3,0.5,0.507,-0.007,185,49.5,0,0.507,0.0,2026-02-26T04:59:25Z
2539,San Francisco Dons,America East Conference,2,0.0,0.0405,-0.0405,207,43.6,0,0.0405,0.0,2026-02-26T04:59:25Z
2540,UC Santa Barbara Gauchos,Atlantic 10,3,0.0,0.4105,-0.4105,361,1.4,0,0.4105,0.0,2026-02-26T04:59:25Z
2541,Santa Clara Broncos,America East Conference,2,1.0,0.948,0.052,139,62.2,0,0.948,0.0,2026-02-26T04:59:25Z
2545,SE Louisiana Lions,Horizon League,3,0.0,0.1337,-0.1337,274,25.2,0,0.1337,0.0,2026-02-26T04:59:25Z
2546,Southeast Missouri State Redhawks,Southland Conference,3,1.0,0.677,0.323,20,94.8,0,0.677,0.0,2026-02-26T04:59:25Z
2547,Seattle U Redhawks,America East Conference,3,0.5,0.657,-0.157,291,20.5,0,0.657,0.0,2026-02-26T04:59:25Z
2550,Seton Hall Pirates,Big 12,2,0.5,0.4095,0.0905,106,71.1,0,0.4095,0.0,2026-02-26T04:59:25Z
2561,Siena Saints,Metro Atlantic Athletic Conference,2,0.5,0.5395,-0.0395,206,43.8,0,0.5395,0.0,2026-02-26T04:59:25Z
2565,SIU Edwardsville Cougars,Southland Conference,3,0.0,0.063,-0.063,232,36.7,0,0.063,0.0,2026-02-26T04:59:25Z
2567,SMU Mustangs,Big East,3,1.0,0.8745,0.1255,84,77.3,0,0.8745,0.0,2026-02-26T04:59:25Z
2569,South Carolina State Bulldogs,Southern Conference,4,0.25,0.394,-0.144,283,22.7,0,0.394,-0.112,2026-02-26T04:59:25Z
2571,South Dakota State Jackrabbits,Big Ten,3,0.5,0.477,0.023,157,57.3,0,0.477,0.0,2026-02-26T04:59:25Z
2572,Southern Miss Golden Eagles,Mid-Eastern Athletic Conference,2,0.5,0.503,-0.003,180,51.0,0,0.503,0.0,2026-02-26T04:59:25Z
2579,South Carolina Gamecocks,Patriot League,3,0.3333,0.3313,0.002,177,51.8,0,0.3313,0.0,2026-02-26T04:59:25Z
2582,Southern Jaguars,Southwestern Athletic Conference,3,0.5,0.672,-0.172,300,18.1,0,0.672,0.0,2026-02-26T04:59:25Z
2598,Saint Francis Red Flash,Sun Belt Conference,4,0.3333,0.439,-0.1057,256,30.0,0,0.439,-0.106,2026-02-26T04:59:25Z
2599,St. John's Red Storm,Big 12,3,0.6667,0.5713,0.0954,104,71.8,0,0.5713,0.0,2026-02-26T04:59:25Z
2603,Saint Joseph's Hawks,Big Ten,3,1.0,0.8827,0.1173,89,75.9,0,0.8827,0.0,2026-02-26T04:59:25Z
2608,Saint Mary's Gaels,America East Conference,3,1.0,0.7505,0.2495,35,90.7,0,0.7505,0.0,2026-02-26T04:59:25Z
2612,Saint Peter's Peacocks,Metro Atlantic Athletic Conference,2,0.0,0.191,-0.191,309,15.6,0,0.191,0.0,2026-02-26T04:59:25Z
2617,Stephen F. Austin Lumberjacks,Horizon League,3,0.6667,0.5957,0.071,126,65.6,0,0.5957,0.0,2026-02-26T04:59:25Z
2619,Stony Brook Seawolves,Western Athletic Conference,3,1.0,0.682,0.318,21,94.5,0,0.682,0.0,2026-02-26T04:59:25Z
2623,Missouri State Bears,Missouri Valley Conference,3,0.0,0.3755,-0.3755,355,3.0,0,0.3755,0.0,2026-02-26T04:59:25Z
2627,Tarleton State Texans,Atlantic Sun Conference,4,0.6667,0.503,0.1637,69,81.4,0,0.503,0.164,2026-02-26T04:59:25Z
2628,TCU Horned Frogs,Southeastern Conference,3,0.6667,0.5897,0.077,124,66.3,0,0.5897,0.0,2026-02-26T04:59:25Z
2630,UT Martin Skyhawks,Southland Conference,3,0.0,0.3805,-0.3805,357,2.5,0,0.3805,0.0,2026-02-26T04:59:25Z
2633,Tennessee Volunteers,Patriot League,3,0.6667,0.659,0.0077,171,53.4,0,0.659,0.0,2026-02-26T04:59:25Z
2634,Tennessee State Tigers,Southland Conference,3,1.0,0.882,0.118,88,76.2,0,0.882,0.0,2026-02-26T04:59:25Z
2635,Tennessee Tech Golden Eagles,Southland Conference,3,1.0,0.9095,0.0905,106,71.1,0,0.9095,0.0,2026-02-26T04:59:25Z
2636,UTSA Roadrunners,Atlantic Coast Conference,3,0.0,0.096,-0.096,254,30.7,0,0.096,0.0,2026-02-26T04:59:25Z
2638,UTEP Miners,Missouri Valley Conference,2,0.0,0.33,-0.33,348,4.9,0,0.33,0.0,2026-02-26T04:59:25Z
2640,Texas Southern Tigers,Southwestern Athletic Conference,4,0.6667,0.6503,0.0164,163,55.6,0,0.6503,0.017,2026-02-26T04:59:25Z
2641,Texas Tech Red Raiders,Southeastern Conference,3,0.6667,0.716,-0.0493,217,40.8,0,0.716,0.0,2026-02-26T04:59:25Z
2643,The Citadel Bulldogs,Colonial Athletic Association,3,0.0,0.17,-0.17,298,18.6,0,0.17,0.0,2026-02-26T04:59:25Z
2649,Toledo Rockets,Mid-American Conference,2,1.0,0.8785,0.1215,86,76.7,0,0.8785,0.0,2026-02-26T04:59:25Z
2653,Troy Trojans,Mid-Eastern Athletic Conference,3,0.6667,0.535,0.1317,82,77.8,0,0.535,0.0,2026-02-26T04:59:25Z
2655,Tulane Green Wave,Atlantic Coast Conference,3,0.6667,0.642,0.0247,156,57.5,0,0.642,0.0,2026-02-26T04:59:25Z
2670,VCU Rams,Big Ten,2,0.5,0.507,-0.007,185,49.5,0,0.507,0.0,2026-02-26T04:59:25Z
2674,Valparaiso Beacons,Ohio Valley Conference,3,1.0,0.7025,0.2975,24,93.7,0,0.7025,0.0,2026-02-26T04:59:25Z
2678,VMI Keydets,Colonial Athletic Association,3,0.0,0.169,-0.169,296,19.2,0,0.169,0.0,2026-02-26T04:59:25Z
2681,Wagner Seahawks,Sun Belt Conference,4,0.6667,0.5027,0.164,67,81.8,0,0.5027,0.164,2026-02-26T04:59:25Z
2692,Weber State Wildcats,Conference USA,2,1.0,0.775,0.225,46,87.7,0,0.775,0.0,2026-02-26T04:59:25Z
2698,West Georgia Wolves,Missouri Valley Conference,3,0.3333,0.5607,-0.2274,321,12.3,0,0.5607,0.0,2026-02-26T04:59:25Z
2710,Western Illinois Leathernecks,Southland Conference,3,0.0,0.1375,-0.1375,276,24.5,0,0.1375,0.0,2026-02-26T04:59:25Z
2711,Western Michigan Broncos,Mid-American Conference,3,0.3333,0.3277,0.0056,173,52.9,0,0.3277,0.0,2026-02-26T04:59:25Z
2717,Western Carolina Catamounts,Colonial Athletic Association,3,1.0,0.9113,0.0887,109,70.4,0,0.9113,0.0,2026-02-26T04:59:25Z
2724,Wichita State Shockers,Atlantic Coast Conference,3,1.0,0.747,0.253,34,91.0,0,0.747,0.0,2026-02-26T04:59:25Z
2729,William & Mary Tribe,Western Athletic Conference,2,0.0,0.466,-0.466,365,0.3,0,0.466,0.0,2026-02-26T04:59:25Z
2737,Winthrop Eagles,6,3,0.5,0.5515,-0.0515,222,39.5,0,0.5515,0.0,2026-02-26T04:59:25Z
2739,Green Bay Phoenix,Horizon League,2,0.5,0.519,-0.019,193,47.4,0,0.519,0.0,2026-02-26T04:59:25Z
2747,Wofford Terriers,Colonial Athletic Association,3,0.3333,0.4653,-0.132,271,25.9,0,0.4653,0.0,2026-02-26T04:59:25Z
2750,Wright State Raiders,Horizon League,3,0.3333,0.3263,0.007,172,53.2,0,0.3263,0.0,2026-02-26T04:59:25Z
2751,Wyoming Cowboys,Independents,3,0.6667,0.5477,0.119,87,76.4,0,0.5477,0.0,2026-02-26T04:59:25Z
2752,Xavier Musketeers,Big 12,3,0.0,0.246,-0.246,326,11.0,0,0.246,0.0,2026-02-26T04:59:25Z
2754,Youngstown State Penguins,Horizon League,3,1.0,0.853,0.147,74,80.0,0,0.853,0.0,2026-02-26T04:59:25Z
2755,Grambling Tigers,Southwestern Athletic Conference,4,0.3333,0.459,-0.1257,267,27.1,0,0.459,-0.126,2026-02-26T04:59:25Z
2771,Merrimack Warriors,Metro Atlantic Athletic Conference,2,1.0,0.655,0.345,13,96.4,0,0.655,0.0,2026-02-26T04:59:25Z
2803,Bryant Bulldogs,Atlantic Coast Conference,2,0.0,0.131,-0.131,270,26.3,0,0.131,0.0,2026-02-26T04:59:25Z
2815,Lindenwood Lions,Southland Conference,3,0.0,0.1455,-0.1455,284,22.5,0,0.1455,0.0,2026-02-26T04:59:25Z
2837,East Texas A&M Lions,Horizon League,3,0.3333,0.5423,-0.209,318,13.2,0,0.5423,0.0,2026-02-26T04:59:25Z
2856,California Baptist Lancers,Atlantic Sun Conference,2,0.0,0.018,-0.018,191,47.8,0,0.018,0.0,2026-02-26T04:59:25Z
2870,Purdue Fort Wayne Mastodons,Horizon League,3,0.6667,0.588,0.0787,122,66.8,0,0.588,0.0,2026-02-26T04:59:25Z
2885,NJIT Highlanders,Atlantic Coast Conference,2,0.0,0.158,-0.158,292,20.3,0,0.158,0.0,2026-02-26T04:59:25Z
2900,St. Thomas-Minnesota Tommies,Big Ten,2,0.0,0.429,-0.429,362,1.1,0,0.429,0.0,2026-02-26T04:59:25Z
2908,South Carolina Upstate Spartans,6,3,0.5,0.454,0.046,142,61.4,0,0.454,0.0,2026-02-26T04:59:25Z
2916,Incarnate Word Cardinals,Horizon League,3,0.3333,0.377,-0.0437,209,43.0,0,0.377,0.0,2026-02-26T04:59:25Z
2934,Cal State Bakersfield Roadrunners,Atlantic 10,3,0.0,0.133,-0.133,273,25.5,0,0.133,0.0,2026-02-26T04:59:25Z
3084,Utah Valley Wolverines,Atlantic Sun Conference,3,1.0,0.946,0.054,137,62.7,0,0.946,0.0,2026-02-26T04:59:25Z
3101,Utah Tech Trailblazers,Atlantic Sun Conference,3,0.5,0.4185,0.0815,116,68.5,0,0.4185,0.0,2026-02-26T04:59:25Z
112358,Long Island University Sharks,Sun Belt Conference,4,0.6667,0.5883,0.0784,123,66.6,0,0.5883,0.079,2026-02-26T04:59:25Z
