team_id,team,conference,conference_name,cover_rate_season,cover_rate_l10,cover_rate_l5,ats_margin_season,ats_margin_l10,ats_margin_l5,ats_wins,ats_losses,ats_pushes,favorite_cover_rate,underdog_cover_rate,games_as_favorite,games_as_underdog,avg_cover_margin_when_covered,avg_loss_margin_when_failed,ats_regression_risk,home_cover_rate,away_cover_rate,cover_streak,games_with_spread,games_with_cover_result,ou_over_rate_season,ou_over_rate_l10,updated_at
2,Auburn Tigers,Patriot League,Patriot League,0.0,0.0,0.0,-15.5,-15.5,-15.5,0,1,0,,0.0,0,1,,-15.5,,,0.0,0,1,1,,,2026-02-25T23:40:14Z
5,UAB Blazers,Atlantic Coast Conference,Atlantic Coast Conference,,,,,,,0,0,0,,,0,0,,,,,,0,0,0,,,2026-02-25T23:40:14Z
6,South Alabama Jaguars,Mid-Eastern Athletic Conference,Mid-Eastern Athletic Conference,,,,,,,0,0,0,,,0,0,,,,,,0,1,0,,,2026-02-25T23:40:14Z
8,Arkansas Razorbacks,Patriot League,Patriot League,,,,,,,0,0,0,,,0,0,,,,,,0,1,0,,,2026-02-25T23:40:14Z
9,Arizona State Sun Devils,Southeastern Conference,Southeastern Conference,0.0,0.0,0.0,-4.5,-4.5,-4.5,0,1,0,0.0,,1,0,,-4.5,,,0.0,0,1,1,,,2026-02-25T23:40:14Z
12,Arizona Wildcats,Southeastern Conference,Southeastern Conference,0.0,0.0,0.0,-1.5,-1.5,-1.5,0,1,0,,0.0,0,1,,-1.5,,,0.0,0,1,1,,,2026-02-25T23:40:14Z
13,Cal Poly Mustangs,Atlantic 10,Atlantic 10,,,,,,,0,0,0,,,0,0,,,,,,0,0,0,,,2026-02-25T23:40:14Z
16,Sacramento State Hornets,Conference USA,Conference USA,,,,,,,0,0,0,,,0,0,,,,,,0,0,0,,,2026-02-25T23:40:14Z
21,San Diego State Aztecs,Independents,Independents,,,,,,,0,0,0,,,0,0,,,,,,0,1,0,,,2026-02-25T23:40:14Z
23,San José State Spartans,Independents,Independents,0.0,0.0,0.0,-0.5,-0.5,-0.5,0,1,0,,0.0,0,1,,-0.5,,,0.0,0,1,1,,,2026-02-25T23:40:14Z
24,Stanford Cardinal,Big East,Big East,,,,,,,0,0,0,,,0,0,,,,,,0,1,0,,,2026-02-25T23:40:14Z
25,California Golden Bears,Big East,Big East,,,,,,,0,0,0,,,0,0,,,,,,0,1,0,,,2026-02-25T23:40:14Z
26,UCLA Bruins,Pac-12,Pac-12,1.0,1.0,1.0,11.5,11.5,11.5,1,0,0,1.0,,1,0,11.5,,,1.0,,0,1,1,,,2026-02-25T23:40:14Z
27,UC Riverside Highlanders,Atlantic 10,Atlantic 10,,,,,,,0,0,0,,,0,0,,,,,,0,0,0,,,2026-02-25T23:40:14Z
28,UC San Diego Tritons,Atlantic 10,Atlantic 10,,,,,,,0,0,0,,,0,0,,,,,,0,0,0,,,2026-02-25T23:40:14Z
30,USC Trojans,Pac-12,Pac-12,0.0,0.0,0.0,-11.5,-11.5,-11.5,0,1,0,0.0,,1,0,,-11.5,,,0.0,0,1,1,,,2026-02-25T23:40:14Z
36,Colorado State Rams,Independents,Independents,0.0,0.0,0.0,-4.5,-4.5,-4.5,0,1,0,0.0,,1,0,,-4.5,,0.0,,0,1,1,,,2026-02-25T23:40:14Z
38,Colorado Buffaloes,Southeastern Conference,Southeastern Conference,,,,,,,0,0,0,,,0,0,,,,,,0,1,0,,,2026-02-25T23:40:14Z
41,UConn Huskies,Big 12,Big 12,,,,,,,0,0,0,,,0,0,,,,,,0,1,0,,,2026-02-25T23:40:14Z
43,Yale Bulldogs,Mountain West,Mountain West,,,,,,,0,0,0,,,0,0,,,,,,0,0,0,,,2026-02-25T23:40:14Z
44,American University Eagles,Independent,Independent,,,,,,,0,0,0,,,0,0,,,,,,0,1,0,,,2026-02-25T23:40:14Z
45,George Washington Revolutionaries,Big Ten,Big Ten,1.0,1.0,1.0,18.5,18.5,18.5,1,0,0,,1.0,0,1,18.5,,,,1.0,0,1,1,,,2026-02-25T23:40:14Z
46,Georgetown Hoyas,Big 12,Big 12,0.0,0.0,0.0,-18.5,-18.5,-18.5,0,1,0,0.0,,1,0,,-18.5,,0.0,,0,1,1,,,2026-02-25T23:40:14Z
47,Howard Bison,Southern Conference,Southern Conference,,,,,,,0,0,0,,,0,0,,,,,,0,0,0,,,2026-02-25T23:40:14Z
48,Delaware Blue Hens,Missouri Valley Conference,Missouri Valley Conference,,,,,,,0,0,0,,,0,0,,,,,,0,0,0,,,2026-02-25T23:40:14Z
50,Florida A&M Rattlers,Southwestern Athletic Conference,Southwestern Athletic Conference,,,,,,,0,0,0,,,0,0,,,,,,0,0,0,,,2026-02-25T23:40:14Z
52,Florida State Seminoles,Big East,Big East,0.0,0.0,0.0,-7.5,-7.5,-7.5,0,1,0,,0.0,0,1,,-7.5,,0.0,,0,1,1,,,2026-02-25T23:40:14Z
55,Jacksonville State Gamecocks,Missouri Valley Conference,Missouri Valley Conference,,,,,,,0,0,0,,,0,0,,,,,,0,0,0,,,2026-02-25T23:40:14Z
56,Stetson Hatters,Missouri Valley Conference,Missouri Valley Conference,,,,,,,0,0,0,,,0,0,,,,,,0,0,0,,,2026-02-25T23:40:14Z
57,Florida Gators,Patriot League,Patriot League,,,,,,,0,0,0,,,0,0,,,,,,0,1,0,,,2026-02-25T23:40:14Z
58,South Florida Bulls,Atlantic Coast Conference,Atlantic Coast Conference,,,,,,,0,0,0,,,0,0,,,,,,0,1,0,,,2026-02-25T23:40:14Z
59,Georgia Tech Yellow Jackets,Big East,Big East,,,,,,,0,0,0,,,0,0,,,,,,0,0,0,,,2026-02-25T23:40:14Z
61,Georgia Bulldogs,Patriot League,Patriot League,,,,,,,0,0,0,,,0,0,,,,,,0,1,0,,,2026-02-25T23:40:14Z
62,Hawai'i Rainbow Warriors,Atlantic 10,Atlantic 10,,,,,,,0,0,0,,,0,0,,,,,,0,0,0,,,2026-02-25T23:40:14Z
66,Iowa State Cyclones,Southeastern Conference,Southeastern Conference,1.0,1.0,1.0,1.5,1.5,1.5,1,0,0,,1.0,0,1,1.5,,,,1.0,0,1,1,,,2026-02-25T23:40:14Z
68,Boise State Broncos,Independents,Independents,1.0,1.0,1.0,1.5,1.5,1.5,1,0,0,1.0,,1,0,1.5,,,1.0,,0,1,1,,,2026-02-25T23:40:14Z
70,Idaho Vandals,Conference USA,Conference USA,,,,,,,0,0,0,,,0,0,,,,,,0,0,0,,,2026-02-25T23:40:14Z
71,Bradley Braves,Ohio Valley Conference,Ohio Valley Conference,0.0,0.0,0.0,-5.5,-5.5,-5.5,0,1,0,0.0,,1,0,,-5.5,,,0.0,0,1,1,,,2026-02-25T23:40:14Z
77,Northwestern Wildcats,Pac-12,Pac-12,1.0,1.0,1.0,13.5,13.5,13.5,1,0,0,1.0,,1,0,13.5,,,,1.0,0,1,1,,,2026-02-25T23:40:14Z
79,Southern Illinois Salukis,Ohio Valley Conference,Ohio Valley Conference,,,,,,,0,0,0,,,0,0,,,,,,0,1,0,,,2026-02-25T23:40:14Z
82,UIC Flames,Ohio Valley Conference,Ohio Valley Conference,1.0,1.0,1.0,5.5,5.5,5.5,1,0,0,1.0,,1,0,5.5,,,1.0,,0,1,1,,,2026-02-25T23:40:14Z
84,Indiana Hoosiers,Pac-12,Pac-12,0.0,0.0,0.0,-13.5,-13.5,-13.5,0,1,0,0.0,,1,0,,-13.5,,0.0,,0,1,1,,,2026-02-25T23:40:14Z
85,IU Indianapolis Jaguars,Horizon League,Horizon League,,,,,,,0,0,0,,,0,0,,,,,,0,1,0,,,2026-02-25T23:40:14Z
87,Notre Dame Fighting Irish,Big East,Big East,0.0,0.0,0.0,-26.5,-26.5,-26.5,0,1,0,,0.0,0,1,,-26.5,,0.0,,0,1,1,,,2026-02-25T23:40:14Z
88,Southern Indiana Screaming Eagles,Southland Conference,Southland Conference,1.0,1.0,1.0,6.5,6.5,6.5,1,0,0,1.0,,1,0,6.5,,,,1.0,0,1,1,,,2026-02-25T23:40:14Z
91,Bellarmine Knights,Missouri Valley Conference,Missouri Valley Conference,,,,,,,0,0,0,,,0,0,,,,,,0,1,0,,,2026-02-25T23:40:14Z
93,Murray State Racers,Ohio Valley Conference,Ohio Valley Conference,,,,,,,0,0,0,,,0,0,,,,,,0,0,0,,,2026-02-25T23:40:14Z
94,Northern Kentucky Norse,Horizon League,Horizon League,,,,,,,0,0,0,,,0,0,,,,,,0,1,0,,,2026-02-25T23:40:14Z
96,Kentucky Wildcats,Patriot League,Patriot League,1.0,1.0,1.0,1.5,1.5,1.5,1,0,0,,1.0,0,1,1.5,,,,1.0,0,1,1,,,2026-02-25T23:40:14Z
97,Louisville Cardinals,Big East,Big East,,,,,,,0,0,0,,,0,0,,,,,,0,0,0,,,2026-02-25T23:40:14Z
98,Western Kentucky Hilltoppers,Missouri Valley Conference,Missouri Valley Conference,,,,,,,0,0,0,,,0,0,,,,,,0,0,0,,,2026-02-25T23:40:14Z
99,LSU Tigers,Patriot League,Patriot League,,,,,,,0,0,0,,,0,0,,,,,,0,1,0,,,2026-02-25T23:40:14Z
103,Boston College Eagles,Big East,Big East,1.0,1.0,1.0,7.5,7.5,7.5,1,0,0,,1.0,0,1,7.5,,,1.0,,0,1,1,,,2026-02-25T23:40:14Z
104,Boston University Terriers,Independent,Independent,,,,,,,0,0,0,,,0,0,,,,,,0,1,0,,,2026-02-25T23:40:14Z
107,Holy Cross Crusaders,Independent,Independent,,,,,,,0,0,0,,,0,0,,,,,,0,1,0,,,2026-02-25T23:40:14Z
108,Harvard Crimson,Mountain West,Mountain West,,,,,,,0,0,0,,,0,0,,,,,,0,0,0,,,2026-02-25T23:40:14Z
111,Northeastern Huskies,Western Athletic Conference,Western Athletic Conference,,,,,,,0,0,0,,,0,0,,,,,,0,0,0,,,2026-02-25T23:40:14Z
113,Massachusetts Minutemen,Mid-American Conference,Mid-American Conference,0.0,0.0,0.0,-5.5,-5.5,-5.5,0,1,0,,0.0,0,1,,-5.5,,,0.0,0,1,1,,,2026-02-25T23:40:14Z
116,Mount St. Mary's Mountaineers,Metro Atlantic Athletic Conference,Metro Atlantic Athletic Conference,,,,,,,0,0,0,,,0,0,,,,,,0,0,0,,,2026-02-25T23:40:14Z
119,Towson Tigers,Western Athletic Conference,Western Athletic Conference,,,,,,,0,0,0,,,0,0,,,,,,0,0,0,,,2026-02-25T23:40:14Z
120,Maryland Terrapins,Pac-12,Pac-12,,,,,,,0,0,0,,,0,0,,,,,,0,1,0,,,2026-02-25T23:40:14Z
127,Michigan State Spartans,Pac-12,Pac-12,,,,,,,0,0,0,,,0,0,,,,,,0,0,0,,,2026-02-25T23:40:14Z
130,Michigan Wolverines,Pac-12,Pac-12,0.0,0.0,0.0,-11.5,-11.5,-11.5,0,1,0,0.0,,1,0,,-11.5,,0.0,,0,1,1,,,2026-02-25T23:40:14Z
135,Minnesota Golden Gophers,Pac-12,Pac-12,1.0,1.0,1.0,11.5,11.5,11.5,1,0,0,1.0,,1,0,11.5,,,,1.0,0,1,1,,,2026-02-25T23:40:14Z
139,Saint Louis Billikens,Big Ten,Big Ten,0.0,0.0,0.0,-19.5,-19.5,-19.5,0,1,0,,0.0,0,1,,-19.5,,,0.0,0,1,1,,,2026-02-25T23:40:14Z
140,Kansas City Roos,Big Ten,Big Ten,,,,,,,0,0,0,,,0,0,,,,,,0,0,0,,,2026-02-25T23:40:14Z
142,Missouri Tigers,Patriot League,Patriot League,1.0,1.0,1.0,6.5,6.5,6.5,1,0,0,,1.0,0,1,6.5,,,1.0,,0,1,1,,,2026-02-25T23:40:14Z
145,Ole Miss Rebels,Patriot League,Patriot League,,,,,,,0,0,0,,,0,0,,,,,,0,1,0,,,2026-02-25T23:40:14Z
147,Montana State Bobcats,Conference USA,Conference USA,,,,,,,0,0,0,,,0,0,,,,,,0,0,0,,,2026-02-25T23:40:14Z
149,Montana Grizzlies,Conference USA,Conference USA,,,,,,,0,0,0,,,0,0,,,,,,0,0,0,,,2026-02-25T23:40:14Z
150,Duke Blue Devils,Big East,Big East,1.0,1.0,1.0,26.5,26.5,26.5,1,0,0,,1.0,0,1,26.5,,,,1.0,0,1,1,,,2026-02-25T23:40:14Z
151,East Carolina Pirates,Atlantic Coast Conference,Atlantic Coast Conference,,,,,,,0,0,0,,,0,0,,,,,,0,1,0,,,2026-02-25T23:40:14Z
152,NC State Wolfpack,Big East,Big East,0.0,0.0,0.0,-23.5,-23.5,-23.5,0,1,0,0.0,,1,0,,-23.5,,,0.0,0,1,1,,,2026-02-25T23:40:14Z
153,North Carolina Tar Heels,Big East,Big East,,,,,,,0,0,0,,,0,0,,,,,,0,0,0,,,2026-02-25T23:40:14Z
154,Wake Forest Demon Deacons,Big East,Big East,0.0,0.0,0.0,-7.5,-7.5,-7.5,0,1,0,,0.0,0,1,,-7.5,,,0.0,0,1,1,,,2026-02-25T23:40:14Z
155,North Dakota Fighting Hawks,Big Ten,Big Ten,,,,,,,0,0,0,,,0,0,,,,,,0,0,0,,,2026-02-25T23:40:14Z
156,Creighton Bluejays,Big 12,Big 12,,,,,,,0,0,0,,,0,0,,,,,,0,1,0,,,2026-02-25T23:40:14Z
158,Nebraska Cornhuskers,Pac-12,Pac-12,,,,,,,0,0,0,,,0,0,,,,,,0,1,0,,,2026-02-25T23:40:14Z
159,Dartmouth Big Green,Mountain West,Mountain West,,,,,,,0,0,0,,,0,0,,,,,,0,0,0,,,2026-02-25T23:40:14Z
160,New Hampshire Wildcats,Atlantic Coast Conference,Atlantic Coast Conference,,,,,,,0,0,0,,,0,0,,,,,,0,0,0,,,2026-02-25T23:40:14Z
161,Fairleigh Dickinson Knights,Sun Belt Conference,Sun Belt Conference,,,,,,,0,0,0,,,0,0,,,,,,0,0,0,,,2026-02-25T23:40:14Z
163,Princeton Tigers,Mountain West,Mountain West,,,,,,,0,0,0,,,0,0,,,,,,0,0,0,,,2026-02-25T23:40:14Z
164,Rutgers Scarlet Knights,Pac-12,Pac-12,,,,,,,0,0,0,,,0,0,,,,,,0,0,0,,,2026-02-25T23:40:14Z
166,New Mexico State Aggies,Missouri Valley Conference,Missouri Valley Conference,,,,,,,0,0,0,,,0,0,,,,,,0,0,0,,,2026-02-25T23:40:14Z
167,New Mexico Lobos,Independents,Independents,0.0,0.0,0.0,-5.5,-5.5,-5.5,0,1,0,0.0,,1,0,,-5.5,,,0.0,0,1,1,,,2026-02-25T23:40:14Z
171,Columbia Lions,Mountain West,Mountain West,,,,,,,0,0,0,,,0,0,,,,,,0,0,0,,,2026-02-25T23:40:14Z
172,Cornell Big Red,Mountain West,Mountain West,,,,,,,0,0,0,,,0,0,,,,,,0,0,0,,,2026-02-25T23:40:14Z
179,St. Bonaventure Bonnies,Big Ten,Big Ten,,,,,,,0,0,0,,,0,0,,,,,,0,0,0,,,2026-02-25T23:40:14Z
183,Syracuse Orange,Big East,Big East,,,,,,,0,0,0,,,0,0,,,,,,0,0,0,,,2026-02-25T23:40:14Z
189,Bowling Green Falcons,Mid-American Conference,Mid-American Conference,0.0,0.0,0.0,-20.5,-20.5,-20.5,0,1,0,0.0,,1,0,,-20.5,,0.0,,0,1,1,,,2026-02-25T23:40:14Z
193,Miami (OH) RedHawks,Mid-American Conference,Mid-American Conference,1.0,1.0,1.0,1.5,1.5,1.5,1,0,0,,1.0,0,1,1.5,,,,1.0,0,1,1,,,2026-02-25T23:40:14Z
194,Ohio State Buckeyes,Pac-12,Pac-12,,,,,,,0,0,0,,,0,0,,,,,,0,1,0,,,2026-02-25T23:40:14Z
195,Ohio Bobcats,Mid-American Conference,Mid-American Conference,,,,,,,0,0,0,,,0,0,,,,,,0,0,0,,,2026-02-25T23:40:14Z
197,Oklahoma State Cowboys,Southeastern Conference,Southeastern Conference,1.0,1.0,1.0,5.5,5.5,5.5,1,0,0,1.0,,1,0,5.5,,,1.0,,0,1,1,,,2026-02-25T23:40:14Z
198,Oral Roberts Golden Eagles,Big Ten,Big Ten,,,,,,,0,0,0,,,0,0,,,,,,0,0,0,,,2026-02-25T23:40:14Z
201,Oklahoma Sooners,Patriot League,Patriot League,1.0,1.0,1.0,15.5,15.5,15.5,1,0,0,,1.0,0,1,15.5,,,1.0,,0,1,1,,,2026-02-25T23:40:14Z
202,Tulsa Golden Hurricane,Atlantic Coast Conference,Atlantic Coast Conference,,,,,,,0,0,0,,,0,0,,,,,,0,1,0,,,2026-02-25T23:40:14Z
204,Oregon State Beavers,America East Conference,America East Conference,,,,,,,0,0,0,,,0,0,,,,,,0,1,0,,,2026-02-25T23:40:14Z
213,Penn State Nittany Lions,Pac-12,Pac-12,,,,,,,0,0,0,,,0,0,,,,,,0,0,0,,,2026-02-25T23:40:14Z
218,Temple Owls,Atlantic Coast Conference,Atlantic Coast Conference,,,,,,,0,0,0,,,0,0,,,,,,0,0,0,,,2026-02-25T23:40:14Z
219,Pennsylvania Quakers,Mountain West,Mountain West,,,,,,,0,0,0,,,0,0,,,,,,0,0,0,,,2026-02-25T23:40:14Z
221,Pittsburgh Panthers,Big East,Big East,,,,,,,0,0,0,,,0,0,,,,,,0,1,0,,,2026-02-25T23:40:14Z
222,Villanova Wildcats,Big 12,Big 12,,,,,,,0,0,0,,,0,0,,,,,,0,1,0,,,2026-02-25T23:40:14Z
225,Brown Bears,Mountain West,Mountain West,,,,,,,0,0,0,,,0,0,,,,,,0,0,0,,,2026-02-25T23:40:14Z
227,Rhode Island Rams,Big Ten,Big Ten,,,,,,,0,0,0,,,0,0,,,,,,0,0,0,,,2026-02-25T23:40:14Z
228,Clemson Tigers,Big East,Big East,,,,,,,0,0,0,,,0,0,,,,,,0,0,0,,,2026-02-25T23:40:14Z
231,Furman Paladins,Colonial Athletic Association,Colonial Athletic Association,0.0,0.0,0.0,-15.5,-15.5,-15.5,0,1,0,0.0,,1,0,,-15.5,,0.0,,0,1,1,,,2026-02-25T23:40:14Z
232,Charleston Cougars,Western Athletic Conference,Western Athletic Conference,,,,,,,0,0,0,,,0,0,,,,,,0,0,0,,,2026-02-25T23:40:14Z
233,South Dakota Coyotes,Big Ten,Big Ten,,,,,,,0,0,0,,,0,0,,,,,,0,1,0,,,2026-02-25T23:40:14Z
235,Memphis Tigers,Atlantic Coast Conference,Atlantic Coast Conference,,,,,,,0,0,0,,,0,0,,,,,,0,0,0,,,2026-02-25T23:40:14Z
236,Chattanooga Mocs,Colonial Athletic Association,Colonial Athletic Association,,,,,,,0,0,0,,,0,0,,,,,,0,0,0,,,2026-02-25T23:40:14Z
238,Vanderbilt Commodores,Patriot League,Patriot League,,,,,,,0,0,0,,,0,0,,,,,,0,1,0,,,2026-02-25T23:40:14Z
239,Baylor Bears,Southeastern Conference,Southeastern Conference,1.0,1.0,1.0,1.5,1.5,1.5,1,0,0,,1.0,0,1,1.5,,,1.0,,0,1,1,,,2026-02-25T23:40:14Z
242,Rice Owls,Atlantic Coast Conference,Atlantic Coast Conference,,,,,,,0,0,0,,,0,0,,,,,,0,1,0,,,2026-02-25T23:40:14Z
245,Texas A&M Aggies,Patriot League,Patriot League,,,,,,,0,0,0,,,0,0,,,,,,0,1,0,,,2026-02-25T23:40:14Z
248,Houston Cougars,Southeastern Conference,Southeastern Conference,,,,,,,0,0,0,,,0,0,,,,,,0,0,0,,,2026-02-25T23:40:14Z
249,North Texas Mean Green,Atlantic Coast Conference,Atlantic Coast Conference,,,,,,,0,0,0,,,0,0,,,,,,0,1,0,,,2026-02-25T23:40:14Z
250,UT Arlington Mavericks,Atlantic Sun Conference,Atlantic Sun Conference,,,,,,,0,0,0,,,0,0,,,,,,0,0,0,,,2026-02-25T23:40:14Z
251,Texas Longhorns,Patriot League,Patriot League,,,,,,,0,0,0,,,0,0,,,,,,0,1,0,,,2026-02-25T23:40:14Z
252,BYU Cougars,Southeastern Conference,Southeastern Conference,0.0,0.0,0.0,-25.5,-25.5,-25.5,0,1,0,0.0,,1,0,,-25.5,,0.0,,0,1,1,,,2026-02-25T23:40:14Z
253,Southern Utah Thunderbirds,Atlantic Sun Conference,Atlantic Sun Conference,,,,,,,0,0,0,,,0,0,,,,,,0,0,0,,,2026-02-25T23:40:14Z
254,Utah Utes,Southeastern Conference,Southeastern Conference,0.0,0.0,0.0,-1.5,-1.5,-1.5,0,1,0,,0.0,0,1,,-1.5,,0.0,,0,1,1,,,2026-02-25T23:40:14Z
256,James Madison Dukes,Mid-Eastern Athletic Conference,Mid-Eastern Athletic Conference,,,,,,,0,0,0,,,0,0,,,,,,0,1,0,,,2026-02-25T23:40:14Z
257,Richmond Spiders,Big Ten,Big Ten,,,,,,,0,0,0,,,0,0,,,,,,0,0,0,,,2026-02-25T23:40:14Z
258,Virginia Cavaliers,Big East,Big East,1.0,1.0,1.0,23.5,23.5,23.5,1,0,0,1.0,,1,0,23.5,,,1.0,,0,1,1,,,2026-02-25T23:40:14Z
259,Virginia Tech Hokies,Big East,Big East,,,,,,,0,0,0,,,0,0,,,,,,0,0,0,,,2026-02-25T23:40:14Z
261,Vermont Catamounts,Atlantic Coast Conference,Atlantic Coast Conference,,,,,,,0,0,0,,,0,0,,,,,,0,0,0,,,2026-02-25T23:40:14Z
264,Washington Huskies,Pac-12,Pac-12,,,,,,,0,0,0,,,0,0,,,,,,0,0,0,,,2026-02-25T23:40:14Z
265,Washington State Cougars,America East Conference,America East Conference,,,,,,,0,0,0,,,0,0,,,,,,0,1,0,,,2026-02-25T23:40:14Z
269,Marquette Golden Eagles,Big 12,Big 12,1.0,1.0,1.0,18.5,18.5,18.5,1,0,0,1.0,,1,0,18.5,,,,1.0,0,1,1,,,2026-02-25T23:40:14Z
270,Milwaukee Panthers,Horizon League,Horizon League,,,,,,,0,0,0,,,0,0,,,,,,0,1,0,,,2026-02-25T23:40:14Z
275,Wisconsin Badgers,Pac-12,Pac-12,,,,,,,0,0,0,,,0,0,,,,,,0,1,0,,,2026-02-25T23:40:14Z
276,Marshall Thundering Herd,Mid-Eastern Athletic Conference,Mid-Eastern Athletic Conference,1.0,1.0,1.0,1.5,1.5,1.5,1,0,0,1.0,,1,0,1.5,,,1.0,,0,1,1,,,2026-02-25T23:40:14Z
277,West Virginia Mountaineers,Southeastern Conference,Southeastern Conference,0.0,0.0,0.0,-5.5,-5.5,-5.5,0,1,0,0.0,,1,0,,-5.5,,,0.0,0,1,1,,,2026-02-25T23:40:14Z
278,Fresno State Bulldogs,Independents,Independents,1.0,1.0,1.0,4.5,4.5,4.5,1,0,0,1.0,,1,0,4.5,,,,1.0,0,1,1,,,2026-02-25T23:40:14Z
279,Pacific Tigers,America East Conference,America East Conference,,,,,,,0,0,0,,,0,0,,,,,,0,0,0,,,2026-02-25T23:40:14Z
282,Indiana State Sycamores,Ohio Valley Conference,Ohio Valley Conference,,,,,,,0,0,0,,,0,0,,,,,,0,1,0,,,2026-02-25T23:40:14Z
284,Stonehill Skyhawks,Sun Belt Conference,Sun Belt Conference,,,,,,,0,0,0,,,0,0,,,,,,0,0,0,,,2026-02-25T23:40:14Z
288,Lipscomb Bisons,Missouri Valley Conference,Missouri Valley Conference,,,,,,,0,0,0,,,0,0,,,,,,0,1,0,,,2026-02-25T23:40:14Z
290,Georgia Southern Eagles,Mid-Eastern Athletic Conference,Mid-Eastern Athletic Conference,,,,,,,0,0,0,,,0,0,,,,,,0,1,0,,,2026-02-25T23:40:14Z
292,UT Rio Grande Valley Vaqueros,Horizon League,Horizon League,,,,,,,0,0,0,,,0,0,,,,,,0,0,0,,,2026-02-25T23:40:14Z
294,Jacksonville Dolphins,Missouri Valley Conference,Missouri Valley Conference,,,,,,,0,0,0,,,0,0,,,,,,0,0,0,,,2026-02-25T23:40:14Z
295,Old Dominion Monarchs,Mid-Eastern Athletic Conference,Mid-Eastern Athletic Conference,0.0,0.0,0.0,-1.5,-1.5,-1.5,0,1,0,0.0,,1,0,,-1.5,,,0.0,0,1,1,,,2026-02-25T23:40:14Z
299,Long Beach State Beach,Atlantic 10,Atlantic 10,,,,,,,0,0,0,,,0,0,,,,,,0,0,0,,,2026-02-25T23:40:14Z
300,UC Irvine Anteaters,Atlantic 10,Atlantic 10,,,,,,,0,0,0,,,0,0,,,,,,0,0,0,,,2026-02-25T23:40:14Z
301,San Diego Toreros,America East Conference,America East Conference,,,,,,,0,0,0,,,0,0,,,,,,0,1,0,,,2026-02-25T23:40:14Z
302,UC Davis Aggies,Atlantic 10,Atlantic 10,,,,,,,0,0,0,,,0,0,,,,,,0,0,0,,,2026-02-25T23:40:14Z
304,Idaho State Bengals,Conference USA,Conference USA,,,,,,,0,0,0,,,0,0,,,,,,0,0,0,,,2026-02-25T23:40:14Z
305,DePaul Blue Demons,Big 12,Big 12,,,,,,,0,0,0,,,0,0,,,,,,0,1,0,,,2026-02-25T23:40:14Z
309,Louisiana Ragin' Cajuns,Mid-Eastern Athletic Conference,Mid-Eastern Athletic Conference,0.0,0.0,0.0,-7.5,-7.5,-7.5,0,1,0,0.0,,1,0,,-7.5,,,0.0,0,1,1,,,2026-02-25T23:40:14Z
311,Maine Black Bears,Atlantic Coast Conference,Atlantic Coast Conference,,,,,,,0,0,0,,,0,0,,,,,,0,0,0,,,2026-02-25T23:40:14Z
314,Iona Gaels,Metro Atlantic Athletic Conference,Metro Atlantic Athletic Conference,,,,,,,0,0,0,,,0,0,,,,,,0,0,0,,,2026-02-25T23:40:14Z
315,Niagara Purple Eagles,Metro Atlantic Athletic Conference,Metro Atlantic Athletic Conference,,,,,,,0,0,0,,,0,0,,,,,,0,0,0,,,2026-02-25T23:40:14Z
322,Lafayette Leopards,Independent,Independent,,,,,,,0,0,0,,,0,0,,,,,,0,1,0,,,2026-02-25T23:40:14Z
324,Coastal Carolina Chanticleers,Mid-Eastern Athletic Conference,Mid-Eastern Athletic Conference,1.0,1.0,1.0,3.5,3.5,3.5,1,0,0,,1.0,0,1,3.5,,,,1.0,0,1,1,,,2026-02-25T23:40:14Z
325,Cleveland State Vikings,Horizon League,Horizon League,,,,,,,0,0,0,,,0,0,,,,,,0,1,0,,,2026-02-25T23:40:14Z
326,Texas State Bobcats,Mid-Eastern Athletic Conference,Mid-Eastern Athletic Conference,,,,,,,0,0,0,,,0,0,,,,,,0,0,0,,,2026-02-25T23:40:14Z
328,Utah State Aggies,Independents,Independents,,,,,,,0,0,0,,,0,0,,,,,,0,1,0,,,2026-02-25T23:40:14Z
331,Eastern Washington Eagles,Conference USA,Conference USA,,,,,,,0,0,0,,,0,0,,,,,,0,0,0,,,2026-02-25T23:40:14Z
333,Alabama Crimson Tide,Patriot League,Patriot League,,,,,,,0,0,0,,,0,0,,,,,,0,1,0,,,2026-02-25T23:40:14Z
338,Kennesaw State Owls,Missouri Valley Conference,Missouri Valley Conference,,,,,,,0,0,0,,,0,0,,,,,,0,0,0,,,2026-02-25T23:40:14Z
339,Evansville Purple Aces,Ohio Valley Conference,Ohio Valley Conference,,,,,,,0,0,0,,,0,0,,,,,,0,1,0,,,2026-02-25T23:40:14Z
344,Mississippi State Bulldogs,Patriot League,Patriot League,,,,,,,0,0,0,,,0,0,,,,,,0,1,0,,,2026-02-25T23:40:14Z
349,Army Black Knights,Independent,Independent,0.0,0.0,0.0,-5.5,-5.5,-5.5,0,1,0,0.0,,1,0,,-5.5,,0.0,,0,1,1,,,2026-02-25T23:40:14Z
350,UNC Wilmington Seahawks,Western Athletic Conference,Western Athletic Conference,,,,,,,0,0,0,,,0,0,,,,,,0,0,0,,,2026-02-25T23:40:14Z
356,Illinois Fighting Illini,Pac-12,Pac-12,,,,,,,0,0,0,,,0,0,,,,,,0,0,0,,,2026-02-25T23:40:14Z
357,Texas A&M-Corpus Christi Islanders,Horizon League,Horizon League,,,,,,,0,0,0,,,0,0,,,,,,0,0,0,,,2026-02-25T23:40:14Z
399,UAlbany Great Danes,Atlantic Coast Conference,Atlantic Coast Conference,,,,,,,0,0,0,,,0,0,,,,,,0,0,0,,,2026-02-25T23:40:14Z
526,Florida Gulf Coast Eagles,Missouri Valley Conference,Missouri Valley Conference,,,,,,,0,0,0,,,0,0,,,,,,0,0,0,,,2026-02-25T23:40:14Z
2000,Abilene Christian Wildcats,Atlantic Sun Conference,Atlantic Sun Conference,,,,,,,0,0,0,,,0,0,,,,,,0,0,0,,,2026-02-25T23:40:14Z
2005,Air Force Falcons,Independents,Independents,1.0,1.0,1.0,0.5,0.5,0.5,1,0,0,,1.0,0,1,0.5,,,1.0,,0,1,1,,,2026-02-25T23:40:14Z
2006,Akron Zips,Mid-American Conference,Mid-American Conference,0.0,0.0,0.0,-1.5,-1.5,-1.5,0,1,0,0.0,,1,0,,-1.5,,0.0,,0,1,1,,,2026-02-25T23:40:14Z
2010,Alabama A&M Bulldogs,Southwestern Athletic Conference,Southwestern Athletic Conference,,,,,,,0,0,0,,,0,0,,,,,,0,0,0,,,2026-02-25T23:40:14Z
2011,Alabama State Hornets,Southwestern Athletic Conference,Southwestern Athletic Conference,,,,,,,0,0,0,,,0,0,,,,,,0,0,0,,,2026-02-25T23:40:14Z
2016,Alcorn State Braves,Southwestern Athletic Conference,Southwestern Athletic Conference,,,,,,,0,0,0,,,0,0,,,,,,0,0,0,,,2026-02-25T23:40:14Z
2026,App State Mountaineers,Mid-Eastern Athletic Conference,Mid-Eastern Athletic Conference,,,,,,,0,0,0,,,0,0,,,,,,0,0,0,,,2026-02-25T23:40:14Z
2029,Arkansas-Pine Bluff Golden Lions,Southwestern Athletic Conference,Southwestern Athletic Conference,,,,,,,0,0,0,,,0,0,,,,,,0,0,0,,,2026-02-25T23:40:14Z
2031,Little Rock Trojans,Southland Conference,Southland Conference,,,,,,,0,0,0,,,0,0,,,,,,0,0,0,,,2026-02-25T23:40:14Z
2032,Arkansas State Red Wolves,Mid-Eastern Athletic Conference,Mid-Eastern Athletic Conference,0.0,0.0,0.0,-4.5,-4.5,-4.5,0,1,0,0.0,,1,0,,-4.5,,0.0,,0,1,1,,,2026-02-25T23:40:14Z
2046,Austin Peay Governors,Missouri Valley Conference,Missouri Valley Conference,,,,,,,0,0,0,,,0,0,,,,,,0,1,0,,,2026-02-25T23:40:14Z
2050,Ball State Cardinals,Mid-American Conference,Mid-American Conference,1.0,1.0,1.0,5.5,5.5,5.5,1,0,0,,1.0,0,1,5.5,,,1.0,,0,1,1,,,2026-02-25T23:40:14Z
2057,Belmont Bruins,Ohio Valley Conference,Ohio Valley Conference,,,,,,,0,0,0,,,0,0,,,,,,0,1,0,,,2026-02-25T23:40:14Z
2065,Bethune-Cookman Wildcats,Southwestern Athletic Conference,Southwestern Athletic Conference,,,,,,,0,0,0,,,0,0,,,,,,0,0,0,,,2026-02-25T23:40:14Z
2066,Binghamton Bearcats,Atlantic Coast Conference,Atlantic Coast Conference,,,,,,,0,0,0,,,0,0,,,,,,0,0,0,,,2026-02-25T23:40:14Z
2083,Bucknell Bison,Independent,Independent,1.0,1.0,1.0,5.5,5.5,5.5,1,0,0,1.0,,1,0,5.5,,,,1.0,0,1,1,,,2026-02-25T23:40:14Z
2084,Buffalo Bulls,Mid-American Conference,Mid-American Conference,1.0,1.0,1.0,1.5,1.5,1.5,1,0,0,1.0,,1,0,1.5,,,,1.0,0,1,1,,,2026-02-25T23:40:14Z
2086,Butler Bulldogs,Big 12,Big 12,,,,,,,0,0,0,,,0,0,,,,,,0,1,0,,,2026-02-25T23:40:14Z
2097,Campbell Fighting Camels,Western Athletic Conference,Western Athletic Conference,,,,,,,0,0,0,,,0,0,,,,,,0,0,0,,,2026-02-25T23:40:14Z
2099,Canisius Golden Griffins,Metro Atlantic Athletic Conference,Metro Atlantic Athletic Conference,,,,,,,0,0,0,,,0,0,,,,,,0,0,0,,,2026-02-25T23:40:14Z
2110,Central Arkansas Bears,Missouri Valley Conference,Missouri Valley Conference,,,,,,,0,0,0,,,0,0,,,,,,0,1,0,,,2026-02-25T23:40:14Z
2115,Central Connecticut Blue Devils,Sun Belt Conference,Sun Belt Conference,,,,,,,0,0,0,,,0,0,,,,,,0,0,0,,,2026-02-25T23:40:14Z
2116,UCF Knights,Southeastern Conference,Southeastern Conference,1.0,1.0,1.0,25.5,25.5,25.5,1,0,0,1.0,,1,0,25.5,,,,1.0,0,1,1,,,2026-02-25T23:40:14Z
2117,Central Michigan Chippewas,Mid-American Conference,Mid-American Conference,1.0,1.0,1.0,9.5,9.5,9.5,1,0,0,1.0,,1,0,9.5,,,,1.0,0,1,1,,,2026-02-25T23:40:14Z
2127,Charleston Southern Buccaneers,6,6,,,,,,,0,0,0,,,0,0,,,,,,0,0,0,,,2026-02-25T23:40:14Z
2130,Chicago State Cougars,Sun Belt Conference,Sun Belt Conference,,,,,,,0,0,0,,,0,0,,,,,,0,0,0,,,2026-02-25T23:40:14Z
2132,Cincinnati Bearcats,Southeastern Conference,Southeastern Conference,0.0,0.0,0.0,-5.5,-5.5,-5.5,0,1,0,0.0,,1,0,,-5.5,,,0.0,0,1,1,,,2026-02-25T23:40:14Z
2142,Colgate Raiders,Independent,Independent,,,,,,,0,0,0,,,0,0,,,,,,0,1,0,,,2026-02-25T23:40:14Z
2154,Coppin State Eagles,Southern Conference,Southern Conference,,,,,,,0,0,0,,,0,0,,,,,,0,0,0,,,2026-02-25T23:40:14Z
2166,Davidson Wildcats,Big Ten,Big Ten,,,,,,,0,0,0,,,0,0,,,,,,0,1,0,,,2026-02-25T23:40:14Z
2168,Dayton Flyers,Big Ten,Big Ten,1.0,1.0,1.0,19.5,19.5,19.5,1,0,0,,1.0,0,1,19.5,,,1.0,,0,1,1,,,2026-02-25T23:40:14Z
2169,Delaware State Hornets,Southern Conference,Southern Conference,,,,,,,0,0,0,,,0,0,,,,,,0,0,0,,,2026-02-25T23:40:14Z
2172,Denver Pioneers,Big Ten,Big Ten,,,,,,,0,0,0,,,0,0,,,,,,0,0,0,,,2026-02-25T23:40:14Z
2174,Detroit Mercy Titans,Horizon League,Horizon League,,,,,,,0,0,0,,,0,0,,,,,,0,1,0,,,2026-02-25T23:40:14Z
2181,Drake Bulldogs,Ohio Valley Conference,Ohio Valley Conference,,,,,,,0,0,0,,,0,0,,,,,,0,1,0,,,2026-02-25T23:40:14Z
2182,Drexel Dragons,Western Athletic Conference,Western Athletic Conference,,,,,,,0,0,0,,,0,0,,,,,,0,0,0,,,2026-02-25T23:40:14Z
2184,Duquesne Dukes,Big Ten,Big Ten,,,,,,,0,0,0,,,0,0,,,,,,0,1,0,,,2026-02-25T23:40:14Z
2193,East Tennessee State Buccaneers,Colonial Athletic Association,Colonial Athletic Association,,,,,,,0,0,0,,,0,0,,,,,,0,1,0,,,2026-02-25T23:40:14Z
2197,Eastern Illinois Panthers,Southland Conference,Southland Conference,,,,,,,0,0,0,,,0,0,,,,,,0,0,0,,,2026-02-25T23:40:14Z
2198,Eastern Kentucky Colonels,Missouri Valley Conference,Missouri Valley Conference,,,,,,,0,0,0,,,0,0,,,,,,0,1,0,,,2026-02-25T23:40:14Z
2199,Eastern Michigan Eagles,Mid-American Conference,Mid-American Conference,0.0,0.0,0.0,-1.5,-1.5,-1.5,0,1,0,,0.0,0,1,,-1.5,,0.0,,0,1,1,,,2026-02-25T23:40:14Z
2210,Elon Phoenix,Western Athletic Conference,Western Athletic Conference,,,,,,,0,0,0,,,0,0,,,,,,0,0,0,,,2026-02-25T23:40:14Z
2217,Fairfield Stags,Metro Atlantic Athletic Conference,Metro Atlantic Athletic Conference,,,,,,,0,0,0,,,0,0,,,,,,0,0,0,,,2026-02-25T23:40:14Z
2226,Florida Atlantic Owls,Atlantic Coast Conference,Atlantic Coast Conference,,,,,,,0,0,0,,,0,0,,,,,,0,0,0,,,2026-02-25T23:40:14Z
2229,Florida International Panthers,Missouri Valley Conference,Missouri Valley Conference,,,,,,,0,0,0,,,0,0,,,,,,0,0,0,,,2026-02-25T23:40:14Z
2230,Fordham Rams,Big Ten,Big Ten,,,,,,,0,0,0,,,0,0,,,,,,0,0,0,,,2026-02-25T23:40:14Z
2239,Cal State Fullerton Titans,Atlantic 10,Atlantic 10,,,,,,,0,0,0,,,0,0,,,,,,0,0,0,,,2026-02-25T23:40:14Z
2241,Gardner-Webb Runnin' Bulldogs,6,6,,,,,,,0,0,0,,,0,0,,,,,,0,0,0,,,2026-02-25T23:40:14Z
2244,George Mason Patriots,Big Ten,Big Ten,,,,,,,0,0,0,,,0,0,,,,,,0,1,0,,,2026-02-25T23:40:14Z
2247,Georgia State Panthers,Mid-Eastern Athletic Conference,Mid-Eastern Athletic Conference,0.0,0.0,0.0,-3.5,-3.5,-3.5,0,1,0,,0.0,0,1,,-3.5,,0.0,,0,1,1,,,2026-02-25T23:40:14Z
2250,Gonzaga Bulldogs,America East Conference,America East Conference,,,,,,,0,0,0,,,0,0,,,,,,0,1,0,,,2026-02-25T23:40:14Z
2253,Grand Canyon Lopes,Independents,Independents,,,,,,,0,0,0,,,0,0,,,,,,0,1,0,,,2026-02-25T23:40:14Z
2261,Hampton Pirates,Western Athletic Conference,Western Athletic Conference,,,,,,,0,0,0,,,0,0,,,,,,0,0,0,,,2026-02-25T23:40:14Z
2272,High Point Panthers,6,6,,,,,,,0,0,0,,,0,0,,,,,,0,0,0,,,2026-02-25T23:40:14Z
2275,Hofstra Pride,Western Athletic Conference,Western Athletic Conference,,,,,,,0,0,0,,,0,0,,,,,,0,0,0,,,2026-02-25T23:40:14Z
2277,Houston Christian Huskies,Horizon League,Horizon League,,,,,,,0,0,0,,,0,0,,,,,,0,0,0,,,2026-02-25T23:40:14Z
2287,Illinois State Redbirds,Ohio Valley Conference,Ohio Valley Conference,,,,,,,0,0,0,,,0,0,,,,,,0,1,0,,,2026-02-25T23:40:14Z
2294,Iowa Hawkeyes,Pac-12,Pac-12,,,,,,,0,0,0,,,0,0,,,,,,0,1,0,,,2026-02-25T23:40:14Z
2296,Jackson State Tigers,Southwestern Athletic Conference,Southwestern Athletic Conference,,,,,,,0,0,0,,,0,0,,,,,,0,0,0,,,2026-02-25T23:40:14Z
2305,Kansas Jayhawks,Southeastern Conference,Southeastern Conference,,,,,,,0,0,0,,,0,0,,,,,,0,0,0,,,2026-02-25T23:40:14Z
2306,Kansas State Wildcats,Southeastern Conference,Southeastern Conference,,,,,,,0,0,0,,,0,0,,,,,,0,1,0,,,2026-02-25T23:40:14Z
2309,Kent State Golden Flashes,Mid-American Conference,Mid-American Conference,0.0,0.0,0.0,-9.5,-9.5,-9.5,0,1,0,0.0,,1,0,,-9.5,,0.0,,0,1,1,,,2026-02-25T23:40:14Z
2320,Lamar Cardinals,Horizon League,Horizon League,,,,,,,0,0,0,,,0,0,,,,,,0,0,0,,,2026-02-25T23:40:14Z
2325,La Salle Explorers,Big Ten,Big Ten,0.0,0.0,0.0,-18.5,-18.5,-18.5,0,1,0,,0.0,0,1,,-18.5,,0.0,,0,1,1,,,2026-02-25T23:40:14Z
2329,Lehigh Mountain Hawks,Independent,Independent,,,,,,,0,0,0,,,0,0,,,,,,0,1,0,,,2026-02-25T23:40:14Z
2330,Le Moyne Dolphins,Sun Belt Conference,Sun Belt Conference,,,,,,,0,0,0,,,0,0,,,,,,0,0,0,,,2026-02-25T23:40:14Z
2335,Liberty Flames,Missouri Valley Conference,Missouri Valley Conference,,,,,,,0,0,0,,,0,0,,,,,,0,0,0,,,2026-02-25T23:40:14Z
2344,Longwood Lancers,6,6,,,,,,,0,0,0,,,0,0,,,,,,0,0,0,,,2026-02-25T23:40:14Z
2348,Louisiana Tech Bulldogs,Missouri Valley Conference,Missouri Valley Conference,,,,,,,0,0,0,,,0,0,,,,,,0,0,0,,,2026-02-25T23:40:14Z
2349,UMass Lowell River Hawks,Atlantic Coast Conference,Atlantic Coast Conference,,,,,,,0,0,0,,,0,0,,,,,,0,0,0,,,2026-02-25T23:40:14Z
2350,Loyola Chicago Ramblers,Big Ten,Big Ten,,,,,,,0,0,0,,,0,0,,,,,,0,0,0,,,2026-02-25T23:40:14Z
2351,Loyola Marymount Lions,America East Conference,America East Conference,,,,,,,0,0,0,,,0,0,,,,,,0,1,0,,,2026-02-25T23:40:14Z
2352,Loyola Maryland Greyhounds,Independent,Independent,,,,,,,0,0,0,,,0,0,,,,,,0,1,0,,,2026-02-25T23:40:14Z
2363,Manhattan Jaspers,Metro Atlantic Athletic Conference,Metro Atlantic Athletic Conference,,,,,,,0,0,0,,,0,0,,,,,,0,0,0,,,2026-02-25T23:40:14Z
2368,Marist Red Foxes,Metro Atlantic Athletic Conference,Metro Atlantic Athletic Conference,,,,,,,0,0,0,,,0,0,,,,,,0,0,0,,,2026-02-25T23:40:14Z
2377,McNeese Cowboys,Horizon League,Horizon League,,,,,,,0,0,0,,,0,0,,,,,,0,0,0,,,2026-02-25T23:40:14Z
2378,UMBC Retrievers,Atlantic Coast Conference,Atlantic Coast Conference,,,,,,,0,0,0,,,0,0,,,,,,0,0,0,,,2026-02-25T23:40:14Z
2379,Maryland Eastern Shore Hawks,Southern Conference,Southern Conference,,,,,,,0,0,0,,,0,0,,,,,,0,0,0,,,2026-02-25T23:40:14Z
2382,Mercer Bears,Colonial Athletic Association,Colonial Athletic Association,,,,,,,0,0,0,,,0,0,,,,,,0,1,0,,,2026-02-25T23:40:14Z
2385,Mercyhurst Lakers,Sun Belt Conference,Sun Belt Conference,,,,,,,0,0,0,,,0,0,,,,,,0,0,0,,,2026-02-25T23:40:14Z
2390,Miami Hurricanes,Big East,Big East,1.0,1.0,1.0,7.5,7.5,7.5,1,0,0,,1.0,0,1,7.5,,,,1.0,0,1,1,,,2026-02-25T23:40:14Z
2393,Middle Tennessee Blue Raiders,Missouri Valley Conference,Missouri Valley Conference,,,,,,,0,0,0,,,0,0,,,,,,0,0,0,,,2026-02-25T23:40:14Z
2400,Mississippi Valley State Delta Devils,Southwestern Athletic Conference,Southwestern Athletic Conference,,,,,,,0,0,0,,,0,0,,,,,,0,0,0,,,2026-02-25T23:40:14Z
2405,Monmouth Hawks,Western Athletic Conference,Western Athletic Conference,,,,,,,0,0,0,,,0,0,,,,,,0,0,0,,,2026-02-25T23:40:14Z
2413,Morehead State Eagles,Southland Conference,Southland Conference,0.0,0.0,0.0,-6.5,-6.5,-6.5,0,1,0,0.0,,1,0,,-6.5,,0.0,,0,1,1,,,2026-02-25T23:40:14Z
2415,Morgan State Bears,Southern Conference,Southern Conference,1.0,1.0,1.0,7.5,7.5,7.5,1,0,0,1.0,,1,0,7.5,,,,1.0,0,1,1,,,2026-02-25T23:40:14Z
2426,Navy Midshipmen,Independent,Independent,,,,,,,0,0,0,,,0,0,,,,,,0,1,0,,,2026-02-25T23:40:14Z
2427,UNC Asheville Bulldogs,6,6,,,,,,,0,0,0,,,0,0,,,,,,0,0,0,,,2026-02-25T23:40:14Z
2428,North Carolina Central Eagles,Southern Conference,Southern Conference,,,,,,,0,0,0,,,0,0,,,,,,0,0,0,,,2026-02-25T23:40:14Z
2429,Charlotte 49ers,Atlantic Coast Conference,Atlantic Coast Conference,,,,,,,0,0,0,,,0,0,,,,,,0,1,0,,,2026-02-25T23:40:14Z
2430,UNC Greensboro Spartans,Colonial Athletic Association,Colonial Athletic Association,,,,,,,0,0,0,,,0,0,,,,,,0,0,0,,,2026-02-25T23:40:14Z
2433,UL Monroe Warhawks,Mid-Eastern Athletic Conference,Mid-Eastern Athletic Conference,,,,,,,0,0,0,,,0,0,,,,,,0,1,0,,,2026-02-25T23:40:14Z
2437,Omaha Mavericks,Big Ten,Big Ten,,,,,,,0,0,0,,,0,0,,,,,,0,1,0,,,2026-02-25T23:40:14Z
2439,UNLV Rebels,Independents,Independents,,,,,,,0,0,0,,,0,0,,,,,,0,1,0,,,2026-02-25T23:40:14Z
2440,Nevada Wolf Pack,Independents,Independents,1.0,1.0,1.0,5.5,5.5,5.5,1,0,0,1.0,,1,0,5.5,,,1.0,,0,1,1,,,2026-02-25T23:40:14Z
2441,New Haven Chargers,Sun Belt Conference,Sun Belt Conference,,,,,,,0,0,0,,,0,0,,,,,,0,0,0,,,2026-02-25T23:40:14Z
2443,New Orleans Privateers,Horizon League,Horizon League,,,,,,,0,0,0,,,0,0,,,,,,0,0,0,,,2026-02-25T23:40:14Z
2447,Nicholls Colonels,Horizon League,Horizon League,,,,,,,0,0,0,,,0,0,,,,,,0,0,0,,,2026-02-25T23:40:14Z
2448,North Carolina A&T Aggies,Western Athletic Conference,Western Athletic Conference,,,,,,,0,0,0,,,0,0,,,,,,0,0,0,,,2026-02-25T23:40:14Z
2449,North Dakota State Bison,Big Ten,Big Ten,,,,,,,0,0,0,,,0,0,,,,,,0,0,0,,,2026-02-25T23:40:14Z
2450,Norfolk State Spartans,Southern Conference,Southern Conference,,,,,,,0,0,0,,,0,0,,,,,,0,0,0,,,2026-02-25T23:40:14Z
2453,North Alabama Lions,Missouri Valley Conference,Missouri Valley Conference,,,,,,,0,0,0,,,0,0,,,,,,0,1,0,,,2026-02-25T23:40:14Z
2454,North Florida Ospreys,Missouri Valley Conference,Missouri Valley Conference,,,,,,,0,0,0,,,0,0,,,,,,0,0,0,,,2026-02-25T23:40:14Z
2458,Northern Colorado Bears,Conference USA,Conference USA,,,,,,,0,0,0,,,0,0,,,,,,0,0,0,,,2026-02-25T23:40:14Z
2459,Northern Illinois Huskies,Mid-American Conference,Mid-American Conference,1.0,1.0,1.0,2.5,2.5,2.5,1,0,0,1.0,,1,0,2.5,,,,1.0,0,1,1,,,2026-02-25T23:40:14Z
2460,Northern Iowa Panthers,Ohio Valley Conference,Ohio Valley Conference,,,,,,,0,0,0,,,0,0,,,,,,0,1,0,,,2026-02-25T23:40:14Z
2463,Cal State Northridge Matadors,Atlantic 10,Atlantic 10,,,,,,,0,0,0,,,0,0,,,,,,0,0,0,,,2026-02-25T23:40:14Z
2464,Northern Arizona Lumberjacks,Conference USA,Conference USA,,,,,,,0,0,0,,,0,0,,,,,,0,0,0,,,2026-02-25T23:40:14Z
2466,Northwestern State Demons,Horizon League,Horizon League,,,,,,,0,0,0,,,0,0,,,,,,0,0,0,,,2026-02-25T23:40:14Z
2473,Oakland Golden Grizzlies,Horizon League,Horizon League,,,,,,,0,0,0,,,0,0,,,,,,0,1,0,,,2026-02-25T23:40:14Z
2483,Oregon Ducks,Pac-12,Pac-12,,,,,,,0,0,0,,,0,0,,,,,,0,1,0,,,2026-02-25T23:40:14Z
2492,Pepperdine Waves,America East Conference,America East Conference,,,,,,,0,0,0,,,0,0,,,,,,0,1,0,,,2026-02-25T23:40:14Z
2501,Portland Pilots,America East Conference,America East Conference,,,,,,,0,0,0,,,0,0,,,,,,0,1,0,,,2026-02-25T23:40:14Z
2502,Portland State Vikings,Conference USA,Conference USA,,,,,,,0,0,0,,,0,0,,,,,,0,0,0,,,2026-02-25T23:40:14Z
2504,Prairie View A&M Panthers,Southwestern Athletic Conference,Southwestern Athletic Conference,,,,,,,0,0,0,,,0,0,,,,,,0,0,0,,,2026-02-25T23:40:14Z
2506,Presbyterian Blue Hose,6,6,,,,,,,0,0,0,,,0,0,,,,,,0,0,0,,,2026-02-25T23:40:14Z
2507,Providence Friars,Big 12,Big 12,,,,,,,0,0,0,,,0,0,,,,,,0,1,0,,,2026-02-25T23:40:14Z
2509,Purdue Boilermakers,Pac-12,Pac-12,,,,,,,0,0,0,,,0,0,,,,,,0,0,0,,,2026-02-25T23:40:14Z
2511,Queens University Royals,Missouri Valley Conference,Missouri Valley Conference,,,,,,,0,0,0,,,0,0,,,,,,0,1,0,,,2026-02-25T23:40:14Z
2514,Quinnipiac Bobcats,Metro Atlantic Athletic Conference,Metro Atlantic Athletic Conference,,,,,,,0,0,0,,,0,0,,,,,,0,0,0,,,2026-02-25T23:40:14Z
2515,Radford Highlanders,6,6,,,,,,,0,0,0,,,0,0,,,,,,0,0,0,,,2026-02-25T23:40:14Z
2520,Rider Broncs,Metro Atlantic Athletic Conference,Metro Atlantic Athletic Conference,,,,,,,0,0,0,,,0,0,,,,,,0,0,0,,,2026-02-25T23:40:14Z
2523,Robert Morris Colonials,Horizon League,Horizon League,,,,,,,0,0,0,,,0,0,,,,,,0,1,0,,,2026-02-25T23:40:14Z
2529,Sacred Heart Pioneers,Metro Atlantic Athletic Conference,Metro Atlantic Athletic Conference,,,,,,,0,0,0,,,0,0,,,,,,0,0,0,,,2026-02-25T23:40:14Z
2534,Sam Houston Bearkats,Missouri Valley Conference,Missouri Valley Conference,,,,,,,0,0,0,,,0,0,,,,,,0,0,0,,,2026-02-25T23:40:14Z
2535,Samford Bulldogs,Colonial Athletic Association,Colonial Athletic Association,,,,,,,0,0,0,,,0,0,,,,,,0,0,0,,,2026-02-25T23:40:14Z
2539,San Francisco Dons,America East Conference,America East Conference,,,,,,,0,0,0,,,0,0,,,,,,0,0,0,,,2026-02-25T23:40:14Z
2540,UC Santa Barbara Gauchos,Atlantic 10,Atlantic 10,,,,,,,0,0,0,,,0,0,,,,,,0,0,0,,,2026-02-25T23:40:14Z
2541,Santa Clara Broncos,America East Conference,America East Conference,,,,,,,0,0,0,,,0,0,,,,,,0,1,0,,,2026-02-25T23:40:14Z
2545,SE Louisiana Lions,Horizon League,Horizon League,,,,,,,0,0,0,,,0,0,,,,,,0,0,0,,,2026-02-25T23:40:14Z
2546,Southeast Missouri State Redhawks,Southland Conference,Southland Conference,,,,,,,0,0,0,,,0,0,,,,,,0,0,0,,,2026-02-25T23:40:14Z
2547,Seattle U Redhawks,America East Conference,America East Conference,,,,,,,0,0,0,,,0,0,,,,,,0,1,0,,,2026-02-25T23:40:14Z
2550,Seton Hall Pirates,Big 12,Big 12,,,,,,,0,0,0,,,0,0,,,,,,0,0,0,,,2026-02-25T23:40:14Z
2561,Siena Saints,Metro Atlantic Athletic Conference,Metro Atlantic Athletic Conference,,,,,,,0,0,0,,,0,0,,,,,,0,0,0,,,2026-02-25T23:40:14Z
2565,SIU Edwardsville Cougars,Southland Conference,Southland Conference,,,,,,,0,0,0,,,0,0,,,,,,0,0,0,,,2026-02-25T23:40:14Z
2567,SMU Mustangs,Big East,Big East,,,,,,,0,0,0,,,0,0,,,,,,0,1,0,,,2026-02-25T23:40:14Z
2569,South Carolina State Bulldogs,Southern Conference,Southern Conference,0.0,0.0,0.0,-7.5,-7.5,-7.5,0,1,0,0.0,,1,0,,-7.5,,0.0,,0,1,1,,,2026-02-25T23:40:14Z
2571,South Dakota State Jackrabbits,Big Ten,Big Ten,,,,,,,0,0,0,,,0,0,,,,,,0,0,0,,,2026-02-25T23:40:14Z
2572,Southern Miss Golden Eagles,Mid-Eastern Athletic Conference,Mid-Eastern Athletic Conference,1.0,1.0,1.0,4.5,4.5,4.5,1,0,0,1.0,,1,0,4.5,,,,1.0,0,1,1,,,2026-02-25T23:40:14Z
2579,South Carolina Gamecocks,Patriot League,Patriot League,0.0,0.0,0.0,-1.5,-1.5,-1.5,0,1,0,,0.0,0,1,,-1.5,,0.0,,0,1,1,,,2026-02-25T23:40:14Z
2582,Southern Jaguars,Southwestern Athletic Conference,Southwestern Athletic Conference,,,,,,,0,0,0,,,0,0,,,,,,0,0,0,,,2026-02-25T23:40:14Z
2598,Saint Francis Red Flash,Sun Belt Conference,Sun Belt Conference,,,,,,,0,0,0,,,0,0,,,,,,0,0,0,,,2026-02-25T23:40:14Z
2599,St. John's Red Storm,Big 12,Big 12,,,,,,,0,0,0,,,0,0,,,,,,0,1,0,,,2026-02-25T23:40:14Z
2603,Saint Joseph's Hawks,Big Ten,Big Ten,,,,,,,0,0,0,,,0,0,,,,,,0,1,0,,,2026-02-25T23:40:14Z
2608,Saint Mary's Gaels,America East Conference,America East Conference,,,,,,,0,0,0,,,0,0,,,,,,0,1,0,,,2026-02-25T23:40:14Z
2612,Saint Peter's Peacocks,Metro Atlantic Athletic Conference,Metro Atlantic Athletic Conference,,,,,,,0,0,0,,,0,0,,,,,,0,0,0,,,2026-02-25T23:40:14Z
2617,Stephen F. Austin Lumberjacks,Horizon League,Horizon League,,,,,,,0,0,0,,,0,0,,,,,,0,0,0,,,2026-02-25T23:40:14Z
2619,Stony Brook Seawolves,Western Athletic Conference,Western Athletic Conference,,,,,,,0,0,0,,,0,0,,,,,,0,0,0,,,2026-02-25T23:40:14Z
2623,Missouri State Bears,Missouri Valley Conference,Missouri Valley Conference,,,,,,,0,0,0,,,0,0,,,,,,0,0,0,,,2026-02-25T23:40:14Z
2627,Tarleton State Texans,Atlantic Sun Conference,Atlantic Sun Conference,,,,,,,0,0,0,,,0,0,,,,,,0,0,0,,,2026-02-25T23:40:14Z
2628,TCU Horned Frogs,Southeastern Conference,Southeastern Conference,1.0,1.0,1.0,4.5,4.5,4.5,1,0,0,1.0,,1,0,4.5,,,1.0,,0,1,1,,,2026-02-25T23:40:14Z
2630,UT Martin Skyhawks,Southland Conference,Southland Conference,,,,,,,0,0,0,,,0,0,,,,,,0,0,0,,,2026-02-25T23:40:14Z
2633,Tennessee Volunteers,Patriot League,Patriot League,0.0,0.0,0.0,-6.5,-6.5,-6.5,0,1,0,,0.0,0,1,,-6.5,,,0.0,0,1,1,,,2026-02-25T23:40:14Z
2634,Tennessee State Tigers,Southland Conference,Southland Conference,,,,,,,0,0,0,,,0,0,,,,,,0,0,0,,,2026-02-25T23:40:14Z
2635,Tennessee Tech Golden Eagles,Southland Conference,Southland Conference,,,,,,,0,0,0,,,0,0,,,,,,0,0,0,,,2026-02-25T23:40:14Z
2636,UTSA Roadrunners,Atlantic Coast Conference,Atlantic Coast Conference,,,,,,,0,0,0,,,0,0,,,,,,0,1,0,,,2026-02-25T23:40:14Z
2638,UTEP Miners,Missouri Valley Conference,Missouri Valley Conference,,,,,,,0,0,0,,,0,0,,,,,,0,0,0,,,2026-02-25T23:40:14Z
2640,Texas Southern Tigers,Southwestern Athletic Conference,Southwestern Athletic Conference,,,,,,,0,0,0,,,0,0,,,,,,0,0,0,,,2026-02-25T23:40:14Z
2641,Texas Tech Red Raiders,Southeastern Conference,Southeastern Conference,1.0,1.0,1.0,5.5,5.5,5.5,1,0,0,1.0,,1,0,5.5,,,1.0,,0,1,1,,,2026-02-25T23:40:14Z
2643,The Citadel Bulldogs,Colonial Athletic Association,Colonial Athletic Association,1.0,1.0,1.0,15.5,15.5,15.5,1,0,0,1.0,,1,0,15.5,,,,1.0,0,1,1,,,2026-02-25T23:40:14Z
2649,Toledo Rockets,Mid-American Conference,Mid-American Conference,0.0,0.0,0.0,-2.5,-2.5,-2.5,0,1,0,0.0,,1,0,,-2.5,,0.0,,0,1,1,,,2026-02-25T23:40:14Z
2653,Troy Trojans,Mid-Eastern Athletic Conference,Mid-Eastern Athletic Conference,1.0,1.0,1.0,7.5,7.5,7.5,1,0,0,1.0,,1,0,7.5,,,1.0,,0,1,1,,,2026-02-25T23:40:14Z
2655,Tulane Green Wave,Atlantic Coast Conference,Atlantic Coast Conference,,,,,,,0,0,0,,,0,0,,,,,,0,1,0,,,2026-02-25T23:40:14Z
2670,VCU Rams,Big Ten,Big Ten,,,,,,,0,0,0,,,0,0,,,,,,0,0,0,,,2026-02-25T23:40:14Z
2674,Valparaiso Beacons,Ohio Valley Conference,Ohio Valley Conference,,,,,,,0,0,0,,,0,0,,,,,,0,1,0,,,2026-02-25T23:40:14Z
2678,VMI Keydets,Colonial Athletic Association,Colonial Athletic Association,,,,,,,0,0,0,,,0,0,,,,,,0,0,0,,,2026-02-25T23:40:14Z
2681,Wagner Seahawks,Sun Belt Conference,Sun Belt Conference,,,,,,,0,0,0,,,0,0,,,,,,0,0,0,,,2026-02-25T23:40:14Z
2692,Weber State Wildcats,Conference USA,Conference USA,,,,,,,0,0,0,,,0,0,,,,,,0,0,0,,,2026-02-25T23:40:14Z
2698,West Georgia Wolves,Missouri Valley Conference,Missouri Valley Conference,,,,,,,0,0,0,,,0,0,,,,,,0,1,0,,,2026-02-25T23:40:14Z
2710,Western Illinois Leathernecks,Southland Conference,Southland Conference,,,,,,,0,0,0,,,0,0,,,,,,0,0,0,,,2026-02-25T23:40:14Z
2711,Western Michigan Broncos,Mid-American Conference,Mid-American Conference,1.0,1.0,1.0,20.5,20.5,20.5,1,0,0,1.0,,1,0,20.5,,,,1.0,0,1,1,,,2026-02-25T23:40:14Z
2717,Western Carolina Catamounts,Colonial Athletic Association,Colonial Athletic Association,,,,,,,0,0,0,,,0,0,,,,,,0,1,0,,,2026-02-25T23:40:14Z
2724,Wichita State Shockers,Atlantic Coast Conference,Atlantic Coast Conference,,,,,,,0,0,0,,,0,0,,,,,,0,0,0,,,2026-02-25T23:40:14Z
2729,William & Mary Tribe,Western Athletic Conference,Western Athletic Conference,,,,,,,0,0,0,,,0,0,,,,,,0,0,0,,,2026-02-25T23:40:14Z
2737,Winthrop Eagles,6,6,,,,,,,0,0,0,,,0,0,,,,,,0,0,0,,,2026-02-25T23:40:14Z
2739,Green Bay Phoenix,Horizon League,Horizon League,,,,,,,0,0,0,,,0,0,,,,,,0,0,0,,,2026-02-25T23:40:14Z
2747,Wofford Terriers,Colonial Athletic Association,Colonial Athletic Association,,,,,,,0,0,0,,,0,0,,,,,,0,1,0,,,2026-02-25T23:40:14Z
2750,Wright State Raiders,Horizon League,Horizon League,,,,,,,0,0,0,,,0,0,,,,,,0,1,0,,,2026-02-25T23:40:14Z
2751,Wyoming Cowboys,Independents,Independents,0.0,0.0,0.0,-1.5,-1.5,-1.5,0,1,0,0.0,,1,0,,-1.5,,,0.0,0,1,1,,,2026-02-25T23:40:14Z
2752,Xavier Musketeers,Big 12,Big 12,,,,,,,0,0,0,,,0,0,,,,,,0,1,0,,,2026-02-25T23:40:14Z
2754,Youngstown State Penguins,Horizon League,Horizon League,,,,,,,0,0,0,,,0,0,,,,,,0,1,0,,,2026-02-25T23:40:14Z
2755,Grambling Tigers,Southwestern Athletic Conference,Southwestern Athletic Conference,,,,,,,0,0,0,,,0,0,,,,,,0,0,0,,,2026-02-25T23:40:14Z
2771,Merrimack Warriors,Metro Atlantic Athletic Conference,Metro Atlantic Athletic Conference,,,,,,,0,0,0,,,0,0,,,,,,0,0,0,,,2026-02-25T23:40:14Z
2803,Bryant Bulldogs,Atlantic Coast Conference,Atlantic Coast Conference,,,,,,,0,0,0,,,0,0,,,,,,0,0,0,,,2026-02-25T23:40:14Z
2815,Lindenwood Lions,Southland Conference,Southland Conference,,,,,,,0,0,0,,,0,0,,,,,,0,0,0,,,2026-02-25T23:40:14Z
2837,East Texas A&M Lions,Horizon League,Horizon League,,,,,,,0,0,0,,,0,0,,,,,,0,0,0,,,2026-02-25T23:40:14Z
2856,California Baptist Lancers,Atlantic Sun Conference,Atlantic Sun Conference,,,,,,,0,0,0,,,0,0,,,,,,0,0,0,,,2026-02-25T23:40:14Z
2870,Purdue Fort Wayne Mastodons,Horizon League,Horizon League,,,,,,,0,0,0,,,0,0,,,,,,0,1,0,,,2026-02-25T23:40:14Z
2885,NJIT Highlanders,Atlantic Coast Conference,Atlantic Coast Conference,,,,,,,0,0,0,,,0,0,,,,,,0,0,0,,,2026-02-25T23:40:14Z
2900,St. Thomas-Minnesota Tommies,Big Ten,Big Ten,,,,,,,0,0,0,,,0,0,,,,,,0,0,0,,,2026-02-25T23:40:14Z
2908,South Carolina Upstate Spartans,6,6,,,,,,,0,0,0,,,0,0,,,,,,0,0,0,,,2026-02-25T23:40:14Z
2916,Incarnate Word Cardinals,Horizon League,Horizon League,,,,,,,0,0,0,,,0,0,,,,,,0,0,0,,,2026-02-25T23:40:14Z
2934,Cal State Bakersfield Roadrunners,Atlantic 10,Atlantic 10,,,,,,,0,0,0,,,0,0,,,,,,0,0,0,,,2026-02-25T23:40:14Z
3084,Utah Valley Wolverines,Atlantic Sun Conference,Atlantic Sun Conference,,,,,,,0,0,0,,,0,0,,,,,,0,0,0,,,2026-02-25T23:40:14Z
3101,Utah Tech Trailblazers,Atlantic Sun Conference,Atlantic Sun Conference,,,,,,,0,0,0,,,0,0,,,,,,0,0,0,,,2026-02-25T23:40:14Z
112358,Long Island University Sharks,Sun Belt Conference,Sun Belt Conference,,,,,,,0,0,0,,,0,0,,,,,,0,0,0,,,2026-02-25T23:40:14Z
