team_id,team,conference,wins,losses,home_wins,home_losses,away_wins,away_losses,neutral_wins,neutral_losses,avg_margin,avg_ortg,avg_drtg,avg_pace,ats_wins,ats_losses,ou_over,ou_under,avg_pred_spread_error,avg_clv,clv_positive_rate,avg_clv_edge_games,clv_sample_size,clv_grade,updated_at
1,Alaska Anchorage Seawolves,,0,1,0,0,0,1,0,0,-36.0,93.3,148.3,65.4,,,,,,,,,,,2026-03-04T04:49:46Z
2,Auburn Tigers,Southeastern Conference,13,14,10,5,3,9,0,0,2.111,120.389,117.637,68.478,2.0,0.0,,,-8.98,-6.5200000000000005,0.0,,2.0,INSUFFICIENT_SAMPLE,2026-03-04T04:49:46Z
5,UAB Blazers,American Athletic Conference,17,10,7,9,10,1,0,0,5.148,110.759,103.689,70.485,,,,,1.69,,,,,,2026-03-04T04:49:46Z
6,South Alabama Jaguars,Sun Belt Conference,18,10,10,4,8,6,0,0,3.75,110.207,104.989,66.161,0.0,1.0,0.0,1.0,22.88,-5.380000000000001,0.0,,1.0,INSUFFICIENT_SAMPLE,2026-03-04T04:49:46Z
8,Arkansas Razorbacks,Southeastern Conference,20,7,16,3,4,4,0,0,9.815,124.956,111.122,72.17,,,,,,,,,,,2026-03-04T04:49:46Z
9,Arizona State Sun Devils,Big 12,14,14,10,6,4,8,0,0,-0.964,111.711,112.75,69.682,0.0,2.0,,,-8.98,4.4799999999999995,1.0,,2.0,INSUFFICIENT_SAMPLE,2026-03-04T04:49:46Z
12,Arizona Wildcats,Big 12,26,2,16,1,10,1,0,0,18.536,121.975,96.043,70.446,2.0,0.0,,,10.02,-11.52,0.0,,2.0,INSUFFICIENT_SAMPLE,2026-03-04T04:49:46Z
13,Cal Poly Mustangs,Big West Conference,11,16,6,7,5,9,0,0,-3.556,108.474,113.637,75.385,0.0,1.0,0.0,1.0,-4.86,0.3600000000000003,1.0,,1.0,INSUFFICIENT_SAMPLE,2026-03-04T04:49:46Z
16,Sacramento State Hornets,Big Sky Conference,8,20,8,4,0,16,0,0,-5.179,107.364,114.639,72.175,0.0,1.0,1.0,0.0,-7.74,7.24,1.0,,1.0,INSUFFICIENT_SAMPLE,2026-03-04T04:49:46Z
21,San Diego State Aztecs,Mountain West,18,9,12,3,6,6,0,0,7.852,112.53,101.107,70.322,,,,,,,,,,,2026-03-04T04:49:46Z
22,San Francisco State Gators,,0,1,0,0,0,1,0,0,-48.0,57.9,118.3,79.5,,,,,,,,,,,2026-03-04T04:49:46Z
23,San José State Spartans,Mountain West,8,19,6,10,2,9,0,0,-6.111,108.4,118.507,65.5,2.0,0.0,,,9.02,-9.52,0.0,,2.0,INSUFFICIENT_SAMPLE,2026-03-04T04:49:46Z
24,Stanford Cardinal,Atlantic Coast Conference,16,11,10,6,6,5,0,0,2.37,111.259,108.004,67.0,,,,,,,,,,,2026-03-04T04:49:46Z
25,California Golden Bears,Atlantic Coast Conference,18,9,15,4,3,5,0,0,4.185,112.007,106.1,68.97,,,,,,,,,,,2026-03-04T04:49:46Z
26,UCLA Bruins,Big Ten,17,10,14,2,3,8,0,0,5.963,117.559,108.985,66.307,0.0,2.0,,,-15.98,4.4799999999999995,1.0,,2.0,INSUFFICIENT_SAMPLE,2026-03-04T04:49:46Z
27,UC Riverside Highlanders,Big West Conference,8,21,6,7,2,14,0,0,-6.345,103.266,112.383,70.131,0.0,1.0,0.0,1.0,-8.36,7.859999999999999,1.0,,1.0,INSUFFICIENT_SAMPLE,2026-03-04T04:49:46Z
28,UC San Diego Tritons,Big West Conference,19,9,11,5,8,4,0,0,5.107,109.486,102.121,69.082,1.0,0.0,0.0,1.0,-4.47,6.97,1.0,,1.0,INSUFFICIENT_SAMPLE,2026-03-04T04:49:46Z
29,Redlands Bulldogs,,0,1,0,0,0,1,0,0,-6.0,104.4,112.1,77.6,,,,,,,,,,,2026-03-04T04:49:46Z
30,USC Trojans,Big Ten,17,11,10,6,7,5,0,0,1.25,110.818,109.114,71.046,0.0,2.0,,,-15.98,4.4799999999999995,1.0,,2.0,INSUFFICIENT_SAMPLE,2026-03-04T04:49:46Z
36,Colorado State Rams,Mountain West,18,10,12,5,6,5,0,0,4.893,119.771,112.661,63.521,2.0,0.0,,,-0.98,5.4799999999999995,1.0,,2.0,INSUFFICIENT_SAMPLE,2026-03-04T04:49:46Z
38,Colorado Buffaloes,Big 12,14,13,13,5,1,8,0,0,0.407,112.907,112.726,69.441,,,,,,,,,,,2026-03-04T04:49:46Z
41,UConn Huskies,Big East,25,3,16,2,9,1,0,0,11.393,117.5,99.9,66.039,,,,,,,,,,,2026-03-04T04:49:46Z
43,Yale Bulldogs,Ivy League,21,5,11,2,10,3,0,0,10.077,122.827,108.338,65.808,1.0,0.0,1.0,0.0,2.58,-9.08,0.0,,1.0,INSUFFICIENT_SAMPLE,2026-03-04T04:49:46Z
44,American University Eagles,Patriot League,16,14,11,6,5,8,0,0,4.0,111.047,105.693,67.097,1.0,0.0,1.0,0.0,9.055,1.9000000000000004,1.0,,1.0,INSUFFICIENT_SAMPLE,2026-03-04T04:49:46Z
45,George Washington Revolutionaries,Atlantic 10,14,13,10,6,4,7,0,0,9.296,118.626,105.837,69.911,0.0,1.0,0.0,1.0,5.26,-0.7599999999999998,0.0,,1.0,INSUFFICIENT_SAMPLE,2026-03-04T04:49:46Z
46,Georgetown Hoyas,Big East,11,16,8,8,3,8,0,0,-0.222,110.77,111.193,66.967,,,,,,,,,,,2026-03-04T04:49:46Z
47,Howard Bison,Mid-Eastern Athletic Conference,19,9,13,3,6,6,0,0,9.893,111.229,97.182,69.186,,,,,,,,,,,2026-03-04T04:49:46Z
48,Delaware Blue Hens,Conference USA,9,18,5,9,4,9,0,0,-5.111,106.4,114.456,64.211,0.0,1.0,1.0,0.0,-9.17,6.67,1.0,,1.0,INSUFFICIENT_SAMPLE,2026-03-04T04:49:46Z
50,Florida A&M Rattlers,Southwestern Athletic Conference,13,13,8,3,5,10,0,0,-3.269,101.473,105.8,69.142,0.0,1.0,1.0,0.0,22.62,-3.119999999999999,0.0,,1.0,INSUFFICIENT_SAMPLE,2026-03-04T04:49:46Z
52,Florida State Seminoles,Atlantic Coast Conference,13,14,8,8,5,6,0,0,-0.296,110.185,110.156,71.007,0.0,2.0,,,13.02,-5.5200000000000005,0.0,,2.0,INSUFFICIENT_SAMPLE,2026-03-04T04:49:46Z
55,Jacksonville State Gamecocks,Conference USA,13,15,9,8,4,7,0,0,3.107,109.029,104.671,65.736,0.0,1.0,1.0,0.0,-9.17,6.67,1.0,,1.0,INSUFFICIENT_SAMPLE,2026-03-04T04:49:46Z
56,Stetson Hatters,ASUN Conference,10,19,8,6,2,13,0,0,-7.069,107.421,118.145,67.803,1.0,0.0,1.0,0.0,-1.42,3.92,1.0,,1.0,INSUFFICIENT_SAMPLE,2026-03-04T04:49:46Z
57,Florida Gators,Southeastern Conference,22,5,15,2,7,3,0,0,15.63,122.052,100.037,70.915,,,,,,,,,,,2026-03-04T04:49:46Z
58,South Florida Bulls,American Athletic Conference,20,7,11,3,9,4,0,0,11.296,119.004,103.326,73.57,,,,,,,,,,,2026-03-04T04:49:46Z
59,Georgia Tech Yellow Jackets,Atlantic Coast Conference,9,18,8,8,1,10,0,0,-4.889,104.937,111.911,71.23,,,,,,,,,,,2026-03-04T04:49:46Z
60,Morehouse Maroon Tigers,,0,1,0,0,0,1,0,0,-9.0,100.8,113.9,68.5,,,,,,,,,,,2026-03-04T04:49:46Z
61,Georgia Bulldogs,Southeastern Conference,18,9,12,5,6,4,0,0,8.111,121.081,110.841,73.633,,,,,,,,,,,2026-03-04T04:49:46Z
62,Hawai'i Rainbow Warriors,Big West Conference,21,6,15,2,6,4,0,0,10.593,112.644,97.826,71.559,0.0,1.0,1.0,0.0,5.16,-2.66,0.0,,1.0,INSUFFICIENT_SAMPLE,2026-03-04T04:49:46Z
63,Buena Vista Beavers,,0,1,0,0,0,1,0,0,-46.0,76.4,143.9,68.1,,,,,,,,,,,2026-03-04T04:49:46Z
66,Iowa State Cyclones,Big 12,22,6,16,1,6,5,0,0,14.214,119.732,99.414,67.186,0.0,2.0,,,7.916666666666667,-17.52,0.0,,2.0,INSUFFICIENT_SAMPLE,2026-03-04T04:49:46Z
68,Boise State Broncos,Mountain West,17,10,11,5,6,5,0,0,4.37,113.43,106.956,68.122,0.0,2.0,,,-6.98,5.4799999999999995,1.0,,2.0,INSUFFICIENT_SAMPLE,2026-03-04T04:49:46Z
70,Idaho Vandals,Big Sky Conference,15,14,8,5,7,9,0,0,3.966,114.238,108.803,68.655,0.0,1.0,0.0,1.0,-18.22,8.72,1.0,,1.0,INSUFFICIENT_SAMPLE,2026-03-04T04:49:46Z
71,Bradley Braves,Missouri Valley Conference,19,10,15,3,4,7,0,0,3.828,112.093,106.786,69.203,2.0,0.0,,,-3.9800000000000004,-1.52,0.0,,2.0,INSUFFICIENT_SAMPLE,2026-03-04T04:49:46Z
73,Illinois Tech Scarlet Hawks,,0,1,0,0,0,1,0,0,-38.0,90.4,144.1,70.8,,,,,,,,,,,2026-03-04T04:49:46Z
77,Northwestern Wildcats,Big Ten,11,16,8,7,3,9,0,0,-0.444,111.437,112.785,66.03,,,,,,,,,,,2026-03-04T04:49:46Z
79,Southern Illinois Salukis,Missouri Valley Conference,13,15,6,7,7,8,0,0,1.286,102.207,100.107,70.146,,,,,,,,,,,2026-03-04T04:49:46Z
82,UIC Flames,Missouri Valley Conference,16,13,9,6,7,7,0,0,5.241,110.945,103.421,67.341,2.0,0.0,,,-3.9800000000000004,-1.52,0.0,,2.0,INSUFFICIENT_SAMPLE,2026-03-04T04:49:46Z
84,Indiana Hoosiers,Big Ten,16,11,12,3,4,8,0,0,5.704,116.819,109.211,67.178,,,,,,,,,,,2026-03-04T04:49:46Z
85,IU Indianapolis Jaguars,Horizon League,7,22,5,8,2,14,0,0,-3.448,110.048,115.924,74.89,,,,,,,,,,,2026-03-04T04:49:46Z
87,Notre Dame Fighting Irish,Atlantic Coast Conference,11,16,9,6,2,10,0,0,-2.407,109.241,112.559,66.648,0.0,2.0,,,47.019999999999996,-20.52,0.0,,2.0,INSUFFICIENT_SAMPLE,2026-03-04T04:49:46Z
88,Southern Indiana Screaming Eagles,Ohio Valley Conference,7,21,3,9,4,12,0,0,-4.107,100.557,106.986,68.407,2.0,0.0,,,2.02,4.4799999999999995,1.0,,2.0,INSUFFICIENT_SAMPLE,2026-03-04T04:49:46Z
91,Bellarmine Knights,ASUN Conference,12,16,10,5,2,11,0,0,1.036,122.436,121.246,66.279,,,,,,,,,,,2026-03-04T04:49:46Z
93,Murray State Racers,Missouri Valley Conference,18,11,11,3,7,8,0,0,2.276,116.855,113.621,70.621,,,,,,,,,,,2026-03-04T04:49:46Z
94,Northern Kentucky Norse,Horizon League,17,12,11,5,6,7,0,0,5.759,115.431,107.259,71.124,0.0,1.0,1.0,0.0,6.115,-11.96,0.0,,1.0,INSUFFICIENT_SAMPLE,2026-03-04T04:49:46Z
96,Kentucky Wildcats,Southeastern Conference,17,10,13,5,4,5,0,0,6.556,117.541,107.885,68.544,0.0,2.0,,,12.02,-10.52,0.0,,2.0,INSUFFICIENT_SAMPLE,2026-03-04T04:49:46Z
97,Louisville Cardinals,Atlantic Coast Conference,18,9,13,2,5,7,0,0,11.222,119.756,104.056,70.504,,,,,-0.15,,,,,,2026-03-04T04:49:46Z
98,Western Kentucky Hilltoppers,Conference USA,17,11,12,6,5,5,0,0,4.857,112.3,105.611,70.768,0.0,1.0,1.0,0.0,-21.75,3.25,1.0,,1.0,INSUFFICIENT_SAMPLE,2026-03-04T04:49:46Z
99,LSU Tigers,Southeastern Conference,14,14,10,7,4,7,0,0,2.857,116.339,112.668,69.393,,,,,,,,,,,2026-03-04T04:49:46Z
101,Eureka Red Devils,,0,2,0,0,0,2,0,0,-42.5,73.0,128.95,76.0,,,,,,,,,,,2026-03-04T04:49:46Z
103,Boston College Eagles,Atlantic Coast Conference,9,18,8,10,1,8,0,0,-4.593,100.663,107.652,66.085,,,,,,,,,,,2026-03-04T04:49:46Z
104,Boston University Terriers,Patriot League,14,15,10,5,4,10,0,0,2.966,117.903,113.272,65.207,0.0,1.0,1.0,0.0,-18.634999999999998,7.07,1.0,,1.0,INSUFFICIENT_SAMPLE,2026-03-04T04:49:46Z
107,Holy Cross Crusaders,Patriot League,10,19,6,8,4,11,0,0,-3.931,104.545,110.986,64.91,0.0,1.0,1.0,0.0,-5.67,7.07,1.0,,1.0,INSUFFICIENT_SAMPLE,2026-03-04T04:49:46Z
108,Harvard Crimson,Ivy League,15,11,6,4,9,7,0,0,2.346,109.415,105.188,63.838,1.0,0.0,0.0,1.0,-0.66,-1.8399999999999999,0.0,,1.0,INSUFFICIENT_SAMPLE,2026-03-04T04:49:46Z
111,Northeastern Huskies,Colonial Athletic Association,5,21,2,8,3,13,0,0,-7.423,106.738,117.535,69.573,0.0,1.0,1.0,0.0,5.52,-1.0199999999999996,0.0,,1.0,INSUFFICIENT_SAMPLE,2026-03-04T04:49:46Z
113,Massachusetts Minutemen,Mid-American Conference,14,14,9,5,5,9,0,0,2.321,111.357,108.375,71.943,,,,,,,,,,,2026-03-04T04:49:46Z
116,Mount St. Mary's Mountaineers,Metro Atlantic Athletic Conference,15,14,8,4,7,10,0,0,-1.172,102.224,103.572,67.728,0.0,1.0,1.0,0.0,-12.4,4.62,1.0,,1.0,INSUFFICIENT_SAMPLE,2026-03-04T04:49:46Z
117,St. Mary's (MD) Seahawks,,0,2,0,0,0,2,0,0,-55.5,64.2,134.4,79.1,,,,,,,,,,,2026-03-04T04:49:46Z
119,Towson Tigers,Colonial Athletic Association,15,13,12,3,3,10,0,0,2.571,107.154,103.886,64.721,1.0,0.0,1.0,0.0,-2.9050000000000002,4.53,1.0,,1.0,INSUFFICIENT_SAMPLE,2026-03-04T04:49:46Z
120,Maryland Terrapins,Big Ten,10,17,8,6,2,11,0,0,-7.37,105.337,116.633,66.93,,,,,,,,,,,2026-03-04T04:49:46Z
127,Michigan State Spartans,Big Ten,21,5,13,2,8,3,0,0,12.308,117.854,99.354,66.635,0.0,1.0,1.0,0.0,6.395,-3.789999999999999,0.0,,1.0,INSUFFICIENT_SAMPLE,2026-03-04T04:49:46Z
130,Michigan Wolverines,Big Ten,26,2,16,1,10,1,0,0,19.429,122.436,95.868,71.775,2.0,1.0,0.0,1.0,2.8800000000000003,8.953333333333333,0.6666666666666666,,3.0,INSUFFICIENT_SAMPLE,2026-03-04T04:49:46Z
135,Minnesota Golden Gophers,Big Ten,12,15,10,6,2,9,0,0,0.37,111.337,110.704,62.607,2.0,0.0,,,-6.98,18.48,1.0,,2.0,INSUFFICIENT_SAMPLE,2026-03-04T04:49:46Z
139,Saint Louis Billikens,Atlantic 10,24,3,17,1,7,2,0,0,20.259,124.311,96.089,71.237,,,,,,,,,,,2026-03-04T04:49:46Z
140,Kansas City Roos,Summit League,3,25,2,11,1,14,0,0,-14.714,96.482,117.275,71.379,1.0,0.0,1.0,0.0,1.42,0.08000000000000007,1.0,,1.0,INSUFFICIENT_SAMPLE,2026-03-04T04:49:46Z
142,Missouri Tigers,Southeastern Conference,18,9,14,2,4,7,0,0,5.111,117.315,110.452,67.807,2.0,0.0,,,-0.98,-5.5200000000000005,0.0,,2.0,INSUFFICIENT_SAMPLE,2026-03-04T04:49:46Z
144,Franklin Pierce Ravens,,0,1,0,0,0,1,0,0,-2.0,92.7,95.3,77.6,,,,,,,,,,,2026-03-04T04:49:46Z
145,Ole Miss Rebels,Southeastern Conference,10,17,7,8,3,9,0,0,-2.407,109.741,112.889,67.981,,,,,,,,,,,2026-03-04T04:49:46Z
147,Montana State Bobcats,Big Sky Conference,17,12,11,2,6,10,0,0,5.103,114.4,106.724,67.155,0.0,1.0,1.0,0.0,-12.77,0.27,1.0,,1.0,INSUFFICIENT_SAMPLE,2026-03-04T04:49:46Z
148,Montana Tech Orediggers,,1,0,0,0,1,0,0,0,7.0,123.8,113.2,66.2,,,,,,,,,,,2026-03-04T04:49:46Z
149,Montana Grizzlies,Big Sky Conference,14,14,9,6,5,8,0,0,0.643,109.379,108.321,70.143,0.0,1.0,1.0,0.0,-7.74,7.24,1.0,,1.0,INSUFFICIENT_SAMPLE,2026-03-04T04:49:46Z
150,Duke Blue Devils,Atlantic Coast Conference,26,2,15,1,11,1,0,0,20.107,125.257,95.1,66.182,0.0,2.0,,,47.019999999999996,-20.52,0.0,,2.0,INSUFFICIENT_SAMPLE,2026-03-04T04:49:46Z
151,East Carolina Pirates,American Athletic Conference,10,17,6,11,4,6,0,0,-5.111,102.989,110.044,68.711,,,,,,,,,,,2026-03-04T04:49:46Z
152,NC State Wolfpack,Atlantic Coast Conference,17,11,10,6,7,5,0,0,5.821,118.021,109.571,69.586,,,,,,,,,,,2026-03-04T04:49:46Z
153,North Carolina Tar Heels,Atlantic Coast Conference,21,6,16,1,5,5,0,0,8.519,118.004,105.881,67.856,,,,,-0.15,,,,,,2026-03-04T04:49:46Z
154,Wake Forest Demon Deacons,Atlantic Coast Conference,13,14,9,6,4,8,0,0,1.111,114.152,112.726,69.115,,,,,,,,,,,2026-03-04T04:49:46Z
155,North Dakota Fighting Hawks,Summit League,16,14,9,7,7,7,0,0,-0.033,111.91,112.5,69.553,,,,,,,,,,,2026-03-04T04:49:46Z
156,Creighton Bluejays,Big East,13,16,10,6,3,10,0,0,-0.655,110.469,111.707,67.883,,,,,,,,,,,2026-03-04T04:49:46Z
158,Nebraska Cornhuskers,Big Ten,23,4,15,2,8,2,0,0,11.778,116.419,98.585,66.785,,,,,,,,,,,2026-03-04T04:49:46Z
159,Dartmouth Big Green,Ivy League,11,15,5,7,6,8,0,0,-0.115,108.723,109.177,69.169,0.0,1.0,1.0,0.0,-6.04,4.54,1.0,,1.0,INSUFFICIENT_SAMPLE,2026-03-04T04:49:46Z
160,New Hampshire Wildcats,America East Conference,7,19,6,5,1,14,0,0,-7.077,99.312,109.862,68.338,1.0,0.0,1.0,0.0,1.79,-5.29,0.0,,1.0,INSUFFICIENT_SAMPLE,2026-03-04T04:49:46Z
161,Fairleigh Dickinson Knights,Northeast Conference,11,18,8,6,3,12,0,0,-1.31,106.197,108.11,63.503,0.0,1.0,1.0,0.0,-17.13,5.63,1.0,,1.0,INSUFFICIENT_SAMPLE,2026-03-04T04:49:46Z
163,Princeton Tigers,Ivy League,9,18,8,7,1,11,0,0,-1.407,108.467,110.737,63.83,1.0,0.0,0.0,1.0,-0.66,-1.8399999999999999,0.0,,1.0,INSUFFICIENT_SAMPLE,2026-03-04T04:49:46Z
164,Rutgers Scarlet Knights,Big Ten,11,17,9,7,2,10,0,0,-6.357,105.011,114.939,66.432,,,,,10.02,,,,,,2026-03-04T04:49:46Z
166,New Mexico State Aggies,Conference USA,12,15,8,6,4,9,0,0,3.222,112.241,107.456,67.341,0.0,1.0,1.0,0.0,-21.75,3.25,1.0,,1.0,INSUFFICIENT_SAMPLE,2026-03-04T04:49:46Z
167,New Mexico Lobos,Mountain West,20,7,13,3,7,4,0,0,10.333,116.763,101.696,69.726,2.0,0.0,,,-3.9800000000000004,-1.52,0.0,,2.0,INSUFFICIENT_SAMPLE,2026-03-04T04:49:46Z
170,City College NY Beavers,,0,2,0,0,0,2,0,0,-61.5,68.3,144.8,80.5,,,,,,,,,,,2026-03-04T04:49:46Z
171,Columbia Lions,Ivy League,15,11,9,5,6,6,0,0,5.038,113.2,106.527,67.873,1.0,0.0,0.0,1.0,-9.98,-2.5199999999999996,0.0,,1.0,INSUFFICIENT_SAMPLE,2026-03-04T04:49:46Z
172,Cornell Big Red,Ivy League,14,11,7,4,7,7,0,0,5.64,121.928,114.34,71.832,1.0,0.0,1.0,0.0,2.58,-9.08,0.0,,1.0,INSUFFICIENT_SAMPLE,2026-03-04T04:49:46Z
178,RIT Tigers,,0,1,0,0,0,1,0,0,-16.0,95.5,119.3,67.0,,,,,,,,,,,2026-03-04T04:49:46Z
179,St. Bonaventure Bonnies,Atlantic 10,13,14,8,6,5,8,0,0,1.222,113.426,111.43,67.6,1.0,0.0,0.0,1.0,-15.06,-0.43999999999999995,0.0,,1.0,INSUFFICIENT_SAMPLE,2026-03-04T04:49:46Z
183,Syracuse Orange,Atlantic Coast Conference,13,14,11,5,2,9,0,0,-0.741,109.97,110.967,68.541,,,,,,,,,,,2026-03-04T04:49:46Z
185,Vassar Brewers,,0,1,0,0,0,1,0,0,-32.0,90.5,138.0,67.4,,,,,,,,,,,2026-03-04T04:49:46Z
189,Bowling Green Falcons,Mid-American Conference,15,13,9,7,6,6,0,0,7.679,112.554,101.871,71.204,,,,,,,,,,,2026-03-04T04:49:46Z
190,Defiance Yellow Jackets,,0,2,0,0,0,2,0,0,-51.5,68.5,135.9,76.05,,,,,,,,,,,2026-03-04T04:49:46Z
193,Miami (OH) RedHawks,Mid-American Conference,27,0,13,0,14,0,0,0,14.741,124.159,103.963,71.919,1.0,0.0,1.0,0.0,-3.1,-6.4,0.0,,1.0,INSUFFICIENT_SAMPLE,2026-03-04T04:49:46Z
194,Ohio State Buckeyes,Big Ten,16,11,12,5,4,6,0,0,5.37,117.622,109.77,65.985,0.0,1.0,1.0,0.0,-7.005,4.01,1.0,,1.0,INSUFFICIENT_SAMPLE,2026-03-04T04:49:46Z
195,Ohio Bobcats,Mid-American Conference,14,13,10,6,4,7,0,0,0.074,110.322,110.126,69.53,,,,,,,,,,,2026-03-04T04:49:46Z
196,Northeastern State RiverHawks,,0,1,0,0,0,1,0,0,-21.0,105.5,136.7,67.3,,,,,,,,,,,2026-03-04T04:49:46Z
197,Oklahoma State Cowboys,Big 12,16,12,13,5,3,7,0,0,0.679,111.5,111.125,74.154,2.0,0.0,,,-3.9800000000000004,-1.52,0.0,,2.0,INSUFFICIENT_SAMPLE,2026-03-04T04:49:46Z
198,Oral Roberts Golden Eagles,Summit League,8,21,7,8,1,13,0,0,-5.483,105.003,113.583,69.276,0.0,1.0,0.0,1.0,-30.4,5.9,1.0,,1.0,INSUFFICIENT_SAMPLE,2026-03-04T04:49:46Z
201,Oklahoma Sooners,Southeastern Conference,14,13,9,5,5,8,0,0,4.556,121.319,114.381,68.144,2.0,0.0,,,-8.98,-6.5200000000000005,0.0,,2.0,INSUFFICIENT_SAMPLE,2026-03-04T04:49:46Z
202,Tulsa Golden Hurricane,American Athletic Conference,21,6,12,2,9,4,0,0,12.333,124.744,106.789,68.585,0.0,1.0,0.0,1.0,8.784999999999998,-6.83,0.0,,1.0,INSUFFICIENT_SAMPLE,2026-03-04T04:49:46Z
204,Oregon State Beavers,West Coast Conference,14,15,10,8,4,7,0,0,-3.345,107.593,112.855,66.49,,,,,,,,,,,2026-03-04T04:49:46Z
212,John Jay College Bloodhounds,,0,1,0,0,0,1,0,0,-41.0,83.3,141.2,70.8,,,,,,,,,,,2026-03-04T04:49:46Z
213,Penn State Nittany Lions,Big Ten,10,17,8,9,2,8,0,0,-6.63,111.337,121.256,66.874,,,,,,,,,,,2026-03-04T04:49:46Z
218,Temple Owls,American Athletic Conference,14,14,8,8,6,6,0,0,2.179,113.229,110.257,64.896,0.0,1.0,0.0,1.0,-5.07,4.57,1.0,,1.0,INSUFFICIENT_SAMPLE,2026-03-04T04:49:46Z
219,Pennsylvania Quakers,Ivy League,14,11,11,2,3,9,0,0,0.28,109.072,108.66,68.06,0.0,1.0,1.0,0.0,-6.04,4.54,1.0,,1.0,INSUFFICIENT_SAMPLE,2026-03-04T04:49:46Z
221,Pittsburgh Panthers,Atlantic Coast Conference,9,18,6,9,3,9,0,0,-2.519,107.459,112.122,64.493,,,,,,,,,,,2026-03-04T04:49:46Z
222,Villanova Wildcats,Big East,21,6,13,3,8,3,0,0,6.333,116.463,106.137,66.344,,,,,,,,,,,2026-03-04T04:49:46Z
224,Westminster (UT) Griffins,,0,1,0,0,0,1,0,0,-31.0,87.5,132.7,68.6,,,,,,,,,,,2026-03-04T04:49:46Z
225,Brown Bears,Ivy League,9,16,6,6,3,10,0,0,1.8,104.92,102.836,68.104,1.0,0.0,0.0,1.0,-9.98,-2.5199999999999996,0.0,,1.0,INSUFFICIENT_SAMPLE,2026-03-04T04:49:46Z
227,Rhode Island Rams,Atlantic 10,14,13,8,6,6,7,0,0,1.704,106.493,103.763,66.174,1.0,0.0,0.0,1.0,-15.06,-0.43999999999999995,0.0,,1.0,INSUFFICIENT_SAMPLE,2026-03-04T04:49:46Z
228,Clemson Tigers,Atlantic Coast Conference,19,8,12,3,7,5,0,0,6.185,112.426,102.77,65.256,,,,,,,,,,,2026-03-04T04:49:46Z
231,Furman Paladins,Southern Conference,19,10,12,4,7,6,0,0,7.103,114.8,104.231,66.841,,,,,,,,,,,2026-03-04T04:49:46Z
232,Charleston Cougars,Colonial Athletic Association,19,8,11,5,8,3,0,0,3.63,109.959,104.604,68.83,0.0,1.0,0.0,1.0,10.23,-0.73,0.0,,1.0,INSUFFICIENT_SAMPLE,2026-03-04T04:49:46Z
233,South Dakota Coyotes,Summit League,16,13,13,4,3,9,0,0,0.448,112.266,111.959,71.559,,,,,,,,,,,2026-03-04T04:49:46Z
235,Memphis Tigers,American Athletic Conference,11,17,9,6,2,11,0,0,-1.25,104.629,106.432,70.943,0.0,1.0,0.0,1.0,5.654999999999999,-2.12,0.0,,1.0,INSUFFICIENT_SAMPLE,2026-03-04T04:49:46Z
236,Chattanooga Mocs,Southern Conference,12,16,6,8,6,8,0,0,1.75,114.011,111.696,67.075,1.0,0.0,0.0,1.0,2.44,7.0600000000000005,1.0,,1.0,INSUFFICIENT_SAMPLE,2026-03-04T04:49:46Z
238,Vanderbilt Commodores,Southeastern Conference,20,7,14,3,6,4,0,0,11.222,121.407,105.807,70.548,,,,,,,,,,,2026-03-04T04:49:46Z
239,Baylor Bears,Big 12,14,14,10,8,4,6,0,0,5.321,117.818,111.264,69.407,2.0,0.0,,,10.02,-11.52,0.0,,2.0,INSUFFICIENT_SAMPLE,2026-03-04T04:49:46Z
242,Rice Owls,American Athletic Conference,11,16,7,8,4,8,0,0,-3.407,108.956,113.93,67.633,,,,,7.06,,,,,,2026-03-04T04:49:46Z
245,Texas A&M Aggies,Southeastern Conference,17,10,11,4,6,6,0,0,7.519,118.867,109.093,73.244,,,,,,,,,,,2026-03-04T04:49:46Z
248,Houston Cougars,Big 12,22,5,15,2,7,3,0,0,15.074,120.878,97.615,64.589,,,,,-10.515,,,,,,2026-03-04T04:49:46Z
249,North Texas Mean Green,American Athletic Conference,15,13,9,5,6,8,0,0,1.893,104.557,101.957,66.682,,,,,2.0,,,,,,2026-03-04T04:49:46Z
250,UT Arlington Mavericks,Western Athletic Conference,14,12,8,5,6,7,0,0,2.192,104.162,101.369,67.369,0.0,1.0,1.0,0.0,-9.4,3.9,1.0,,1.0,INSUFFICIENT_SAMPLE,2026-03-04T04:49:46Z
251,Texas Longhorns,Southeastern Conference,17,10,12,5,5,5,0,0,8.667,123.996,112.159,68.2,,,,,,,,,,,2026-03-04T04:49:46Z
252,BYU Cougars,Big 12,18,9,13,3,5,6,0,0,8.556,120.685,108.789,70.47,2.0,0.0,,,5.916666666666667,9.48,1.0,,2.0,INSUFFICIENT_SAMPLE,2026-03-04T04:49:46Z
253,Southern Utah Thunderbirds,Western Athletic Conference,10,17,7,3,3,14,0,0,-1.667,106.7,109.785,71.774,,,,,,,,,,,2026-03-04T04:49:46Z
254,Utah Utes,Big 12,8,19,6,9,2,10,0,0,-4.333,108.533,115.0,67.622,0.0,2.0,,,19.02,-17.52,0.0,,2.0,INSUFFICIENT_SAMPLE,2026-03-04T04:49:46Z
256,James Madison Dukes,Sun Belt Conference,16,13,11,4,5,9,0,0,0.483,111.817,110.924,66.448,0.0,1.0,0.0,1.0,7.0,-0.5,0.0,,1.0,INSUFFICIENT_SAMPLE,2026-03-04T04:49:46Z
257,Richmond Spiders,Atlantic 10,13,14,9,6,4,8,0,0,2.259,112.374,109.496,68.548,,,,,,,,,,,2026-03-04T04:49:46Z
258,Virginia Cavaliers,Atlantic Coast Conference,23,4,14,2,9,2,0,0,12.185,120.074,101.767,67.659,,,,,,,,,,,2026-03-04T04:49:46Z
259,Virginia Tech Hokies,Atlantic Coast Conference,16,11,12,4,4,7,0,0,3.296,113.215,108.648,68.259,,,,,,,,,,,2026-03-04T04:49:46Z
261,Vermont Catamounts,America East Conference,17,11,8,5,9,6,0,0,2.893,112.179,107.65,64.921,1.0,0.0,0.0,1.0,-0.98,8.48,1.0,,1.0,INSUFFICIENT_SAMPLE,2026-03-04T04:49:46Z
263,Loras Duhawks,,0,1,0,0,0,1,0,0,-17.0,106.2,130.6,69.7,,,,,,,,,,,2026-03-04T04:49:46Z
264,Washington Huskies,Big Ten,12,15,8,6,4,9,0,0,1.593,111.481,109.378,67.637,,,,,10.02,,,,,,2026-03-04T04:49:46Z
265,Washington State Cougars,West Coast Conference,12,17,9,6,3,11,0,0,-0.724,112.014,113.293,68.162,,,,,,,,,,,2026-03-04T04:49:46Z
268,Lawrence University Vikings,,0,1,0,0,0,1,0,0,-35.0,73.6,123.2,70.6,,,,,,,,,,,2026-03-04T04:49:46Z
269,Marquette Golden Eagles,Big East,8,18,7,8,1,10,0,0,-3.077,107.181,111.108,69.819,,,,,,,,,,,2026-03-04T04:49:46Z
270,Milwaukee Panthers,Horizon League,11,18,8,6,3,12,0,0,-2.793,111.569,115.914,68.276,1.0,0.0,1.0,0.0,-10.623333333333333,-2.29,0.0,,1.0,INSUFFICIENT_SAMPLE,2026-03-04T04:49:46Z
275,Wisconsin Badgers,Big Ten,18,9,13,2,5,7,0,0,5.333,117.848,110.119,69.619,,,,,-21.78,,,,,,2026-03-04T04:49:46Z
276,Marshall Thundering Herd,Sun Belt Conference,17,12,13,4,4,8,0,0,2.931,116.907,112.555,69.503,0.0,3.0,0.0,1.0,5.976666666666667,0.8566666666666661,0.6666666666666666,,3.0,INSUFFICIENT_SAMPLE,2026-03-04T04:49:46Z
277,West Virginia Mountaineers,Big 12,15,12,12,4,3,8,0,0,4.63,109.037,101.681,63.948,2.0,0.0,,,-3.9800000000000004,-1.52,0.0,,2.0,INSUFFICIENT_SAMPLE,2026-03-04T04:49:46Z
278,Fresno State Bulldogs,Mountain West,10,16,8,7,2,9,0,0,-1.538,106.046,108.208,68.65,2.0,0.0,,,-0.98,5.4799999999999995,1.0,,2.0,INSUFFICIENT_SAMPLE,2026-03-04T04:49:46Z
279,Pacific Tigers,West Coast Conference,16,13,11,3,5,10,0,0,3.69,110.728,105.193,65.672,,,,,,,,,,,2026-03-04T04:49:46Z
282,Indiana State Sycamores,Missouri Valley Conference,10,19,7,7,3,12,0,0,-1.483,104.497,106.279,69.969,,,,,,,,,,,2026-03-04T04:49:46Z
284,Stonehill Skyhawks,Northeast Conference,10,19,7,6,3,13,0,0,-4.172,97.09,103.814,67.166,0.0,1.0,0.0,1.0,-28.01,7.51,1.0,,1.0,INSUFFICIENT_SAMPLE,2026-03-04T04:49:46Z
288,Lipscomb Bisons,ASUN Conference,19,11,13,1,6,10,0,0,6.433,115.387,106.003,70.61,,,,,,,,,,,2026-03-04T04:49:46Z
290,Georgia Southern Eagles,Sun Belt Conference,15,14,8,6,7,8,0,0,0.586,111.762,110.962,71.303,0.0,1.0,0.0,1.0,29.89,-6.390000000000001,0.0,,1.0,INSUFFICIENT_SAMPLE,2026-03-04T04:49:46Z
292,UT Rio Grande Valley Vaqueros,Southland Conference,17,12,10,5,7,7,0,0,6.552,113.51,103.666,65.559,,,,,-3.935,,,,,,2026-03-04T04:49:46Z
294,Jacksonville Dolphins,ASUN Conference,11,18,7,5,4,13,0,0,-2.655,108.676,112.748,65.179,1.0,0.0,1.0,0.0,-1.42,3.92,1.0,,1.0,INSUFFICIENT_SAMPLE,2026-03-04T04:49:46Z
295,Old Dominion Monarchs,Sun Belt Conference,10,19,6,6,4,13,0,0,-2.897,107.066,110.621,70.383,1.0,2.0,0.0,1.0,-2.58,3.746666666666666,1.0,,3.0,INSUFFICIENT_SAMPLE,2026-03-04T04:49:46Z
299,Long Beach State Beach,Big West Conference,9,19,7,8,2,11,0,0,-1.571,107.136,109.618,71.15,0.0,1.0,0.0,1.0,-4.86,0.3600000000000003,1.0,,1.0,INSUFFICIENT_SAMPLE,2026-03-04T04:49:46Z
300,UC Irvine Anteaters,Big West Conference,19,9,10,4,9,5,0,0,7.036,105.507,96.204,71.075,0.0,1.0,0.0,1.0,3.81,-1.31,0.0,,1.0,INSUFFICIENT_SAMPLE,2026-03-04T04:49:46Z
301,San Diego Toreros,West Coast Conference,10,19,8,7,2,12,0,0,-4.828,107.369,114.41,70.052,,,,,,,,,,,2026-03-04T04:49:46Z
302,UC Davis Aggies,Big West Conference,15,12,10,4,5,8,0,0,2.037,109.719,106.919,70.737,0.0,1.0,1.0,0.0,5.16,-2.66,0.0,,1.0,INSUFFICIENT_SAMPLE,2026-03-04T04:49:46Z
304,Idaho State Bengals,Big Sky Conference,10,19,8,7,2,12,0,0,-2.345,112.586,116.534,66.014,,,,,,,,,,,2026-03-04T04:49:46Z
305,DePaul Blue Demons,Big East,13,13,10,5,3,8,0,0,0.346,106.012,105.619,66.654,,,,,,,,,,,2026-03-04T04:49:46Z
309,Louisiana Ragin' Cajuns,Sun Belt Conference,9,20,6,8,3,12,0,0,-7.586,99.469,111.017,63.341,1.0,2.0,0.0,1.0,-13.366666666666667,5.533333333333334,0.6666666666666666,,3.0,INSUFFICIENT_SAMPLE,2026-03-04T04:49:46Z
311,Maine Black Bears,America East Conference,8,20,4,8,4,12,0,0,-5.179,99.011,107.182,64.225,1.0,0.0,0.0,1.0,14.87,2.63,1.0,,1.0,INSUFFICIENT_SAMPLE,2026-03-04T04:49:46Z
314,Iona Gaels,Metro Atlantic Athletic Conference,17,13,10,4,7,9,0,0,0.867,106.977,105.523,68.9,0.0,1.0,1.0,0.0,-4.166666666666667,7.71,1.0,,1.0,INSUFFICIENT_SAMPLE,2026-03-04T04:49:46Z
315,Niagara Purple Eagles,Metro Atlantic Athletic Conference,7,21,6,7,1,14,0,0,-7.464,101.946,113.489,62.768,1.0,0.0,0.0,1.0,-1.653333333333333,-7.93,0.0,,1.0,INSUFFICIENT_SAMPLE,2026-03-04T04:49:46Z
322,Lafayette Leopards,Patriot League,10,18,5,9,5,9,0,0,-5.107,104.018,111.564,66.268,,,,,8.51,,,,,,2026-03-04T04:49:46Z
324,Coastal Carolina Chanticleers,Sun Belt Conference,18,11,7,5,11,6,0,0,-0.862,104.172,105.503,68.928,0.0,3.0,0.0,1.0,7.68,-3.18,0.0,,3.0,INSUFFICIENT_SAMPLE,2026-03-04T04:49:46Z
325,Cleveland State Vikings,Horizon League,10,20,7,9,3,11,0,0,-5.733,113.577,122.07,70.813,0.0,1.0,1.0,0.0,10.545,-11.96,0.0,,1.0,INSUFFICIENT_SAMPLE,2026-03-04T04:49:46Z
326,Texas State Bobcats,Sun Belt Conference,18,10,15,2,3,8,0,0,2.929,108.861,104.607,67.311,1.0,0.0,0.0,1.0,-2.53,-1.97,0.0,,1.0,INSUFFICIENT_SAMPLE,2026-03-04T04:49:46Z
328,Utah State Aggies,Mountain West,22,5,13,1,9,4,0,0,12.37,123.222,104.485,67.174,,,,,,,,,,,2026-03-04T04:49:46Z
330,Virginia St Trojans,,1,0,0,0,1,0,0,0,4.0,95.6,89.5,64.8,,,,,,,,,,,2026-03-04T04:49:46Z
331,Eastern Washington Eagles,Big Sky Conference,13,15,8,5,5,10,0,0,-0.107,113.746,113.464,68.907,1.0,0.0,0.0,1.0,-9.43,-2.07,0.0,,1.0,INSUFFICIENT_SAMPLE,2026-03-04T04:49:46Z
333,Alabama Crimson Tide,Southeastern Conference,20,7,13,5,7,2,0,0,8.407,123.704,112.367,74.152,,,,,,,,,,,2026-03-04T04:49:46Z
338,Kennesaw State Owls,Conference USA,16,11,13,3,3,8,0,0,5.037,115.637,109.015,71.689,1.0,0.0,0.0,1.0,-3.76,-6.74,0.0,,1.0,INSUFFICIENT_SAMPLE,2026-03-04T04:49:46Z
339,Evansville Purple Aces,Missouri Valley Conference,6,22,4,11,2,11,0,0,-10.429,98.368,114.086,67.954,,,,,,,,,,,2026-03-04T04:49:46Z
344,Mississippi State Bulldogs,Southeastern Conference,12,16,7,8,5,8,0,0,-3.571,108.321,112.989,71.493,,,,,,,,,,,2026-03-04T04:49:46Z
347,Elmira Soaring Eagles,,0,1,0,0,0,1,0,0,-40.0,91.6,152.7,65.5,,,,,,,,,,,2026-03-04T04:49:46Z
349,Army Black Knights,Patriot League,10,19,5,11,5,8,0,0,-5.828,106.386,115.376,68.134,,,,,,,,,,,2026-03-04T04:49:46Z
350,UNC Wilmington Seahawks,Colonial Athletic Association,24,4,14,2,10,2,0,0,9.607,116.614,101.925,65.436,0.0,1.0,0.0,1.0,-16.02,6.52,1.0,,1.0,INSUFFICIENT_SAMPLE,2026-03-04T04:49:46Z
353,Johnson & Wales (RI) Griffins,,0,2,0,0,0,2,0,0,-61.5,69.05,150.8,75.2,,,,,,,,,,,2026-03-04T04:49:46Z
354,Olivet Comets,,0,1,0,0,0,1,0,0,-20.0,82.2,107.5,79.0,,,,,,,,,,,2026-03-04T04:49:46Z
355,SUNY-Oneonta Red Dragons,,0,2,0,0,0,2,0,0,-31.5,84.45,132.8,66.2,,,,,,,,,,,2026-03-04T04:49:46Z
356,Illinois Fighting Illini,Big Ten,20,7,12,4,8,3,0,0,12.444,125.478,106.13,65.874,0.0,1.0,0.0,1.0,22.6,-10.1,0.0,,1.0,INSUFFICIENT_SAMPLE,2026-03-04T04:49:46Z
357,Texas A&M-Corpus Christi Islanders,Southland Conference,16,12,9,5,7,7,0,0,5.0,107.057,100.693,67.964,,,,,8.24,,,,,,2026-03-04T04:49:46Z
370,Rutgers-Camden Scarlet Raptors,,0,1,0,0,0,1,0,0,-39.0,79.7,130.7,76.5,,,,,,,,,,,2026-03-04T04:49:46Z
374,St. John Fisher Cardinals,,0,1,0,0,0,1,0,0,-44.0,68.2,128.3,73.3,,,,,,,,,,,2026-03-04T04:49:46Z
375,St. Scholastica Saints,,0,1,0,0,0,1,0,0,-73.0,49.6,144.9,76.6,,,,,,,,,,,2026-03-04T04:49:46Z
399,UAlbany Great Danes,America East Conference,11,17,7,6,4,11,0,0,1.321,111.529,109.893,65.657,1.0,0.0,0.0,1.0,14.87,2.63,1.0,,1.0,INSUFFICIENT_SAMPLE,2026-03-04T04:49:46Z
402,Worcester State Lancers,,0,2,0,0,0,2,0,0,-30.0,78.45,120.65,71.65,,,,,,,,,,,2026-03-04T04:49:46Z
407,Arcadia ARCADIA,,0,1,0,0,0,1,0,0,-22.0,96.2,128.7,67.6,,,,,,,,,,,2026-03-04T04:49:46Z
415,George Fox Bruins,,0,1,0,0,0,1,0,0,-44.0,73.6,138.4,67.9,,,,,,,,,,,2026-03-04T04:49:46Z
417,Gallaudet Bison,,0,1,0,0,0,1,0,0,-58.0,71.3,149.4,74.3,,,,,,,,,,,2026-03-04T04:49:46Z
420,Holy Family University Tigers,,0,1,0,0,0,1,0,0,-12.0,91.7,109.7,66.5,,,,,,,,,,,2026-03-04T04:49:46Z
461,Gwynedd-Mercy Griffins,,0,1,0,0,0,1,0,0,-24.0,85.6,119.9,70.1,,,,,,,,,,,2026-03-04T04:49:46Z
465,Rosemont Ravens,,0,1,0,0,0,1,0,0,-47.0,37.9,115.3,60.7,,,,,,,,,,,2026-03-04T04:49:46Z
484,Alice Lloyd College Eagles,,0,1,0,0,0,1,0,0,-50.0,86.1,152.3,75.5,,,,,,,,,,,2026-03-04T04:49:46Z
486,Aquinas Saints,,0,1,0,0,0,1,0,0,-81.0,60.6,158.7,82.5,,,,,,,,,,,2026-03-04T04:49:46Z
494,Blue Mountain Toppers,,0,1,0,0,0,1,0,0,-63.0,76.0,155.8,79.0,,,,,,,,,,,2026-03-04T04:49:46Z
502,Calumet Crimson Wave,,0,1,0,0,0,1,0,0,-40.0,81.4,137.5,71.3,,,,,,,,,,,2026-03-04T04:49:46Z
507,Concordia-Nebraska Clippers,,0,1,0,0,0,1,0,0,-16.0,116.1,139.3,68.9,,,,,,,,,,,2026-03-04T04:49:46Z
509,Crown College Polars,,0,1,0,0,0,1,0,0,-46.0,57.7,119.4,74.5,,,,,,,,,,,2026-03-04T04:49:46Z
510,Culver-Stockton Wildcats,,0,1,0,0,0,1,0,0,-66.0,57.9,144.8,76.0,,,,,,,,,,,2026-03-04T04:49:46Z
511,Cumberland (KY) Patriots,,0,1,0,0,0,1,0,0,-28.0,94.7,131.0,77.1,,,,,,,,,,,2026-03-04T04:49:46Z
512,Dakota State Trojans,,0,2,0,0,0,2,0,0,-20.5,94.5,125.4,67.1,,,,,,,,,,,2026-03-04T04:49:46Z
513,Dakota Wesleyan Tigers,,0,1,0,0,0,1,0,0,-32.0,87.9,133.3,70.5,,,,,,,,,,,2026-03-04T04:49:46Z
524,Fisher College Eagles,,0,1,0,0,0,1,0,0,-49.0,87.9,146.8,83.1,,,,,,,,,,,2026-03-04T04:49:46Z
526,Florida Gulf Coast Eagles,ASUN Conference,13,16,10,6,3,10,0,0,0.517,112.114,111.355,69.383,1.0,0.0,1.0,0.0,-7.29,-5.21,0.0,,1.0,INSUFFICIENT_SAMPLE,2026-03-04T04:49:46Z
533,Hannibal-Lagrange Trojans,,0,1,0,0,0,1,0,0,-31.0,77.3,128.2,60.8,,,,,,,,,,,2026-03-04T04:49:46Z
534,Harris-Stowe State Hornets,,0,1,0,0,0,1,0,0,-57.0,59.9,125.5,86.8,,,,,,,,,,,2026-03-04T04:49:46Z
535,Haskell Jayhawks,,0,2,0,0,0,2,0,0,-30.0,78.5,118.65,75.7,,,,,,,,,,,2026-03-04T04:49:46Z
538,Houghton Highlanders,,0,1,0,0,0,1,0,0,-23.0,89.9,125.5,64.5,,,,,,,,,,,2026-03-04T04:49:46Z
548,LaGrange Panthers,,0,1,0,0,0,1,0,0,-54.0,56.3,121.0,83.5,,,,,,,,,,,2026-03-04T04:49:46Z
551,Vermont State - Lyndon Hornets,,0,1,0,0,0,1,0,0,-71.0,68.1,162.8,74.9,,,,,,,,,,,2026-03-04T04:49:46Z
554,Maine-Fort Kent Bengals,,0,1,0,0,0,1,0,0,-38.0,80.3,126.6,82.2,,,,,,,,,,,2026-03-04T04:49:46Z
561,Mayville St Comets,,0,1,0,0,0,1,0,0,-70.0,72.4,159.7,80.2,,,,,,,,,,,2026-03-04T04:49:46Z
562,McPherson Mcpherson,,0,1,0,0,0,1,0,0,-13.0,109.8,128.1,71.0,,,,,,,,,,,2026-03-04T04:49:46Z
571,Morris College Hornets,,0,1,0,0,0,1,0,0,-33.0,78.2,124.3,71.6,,,,,,,,,,,2026-03-04T04:49:46Z
573,Mount Marty College Lancers,,0,2,0,0,0,2,0,0,-25.0,100.2,138.75,65.2,,,,,,,,,,,2026-03-04T04:49:46Z
594,Pacific Union PACIFIC UNION,,0,1,0,0,0,1,0,0,-56.0,63.4,131.7,82.0,,,,,,,,,,,2026-03-04T04:49:46Z
596,Peru State Bobcats,,0,1,0,0,0,1,0,0,-48.0,69.2,141.3,66.5,,,,,,,,,,,2026-03-04T04:49:46Z
608,Science & Arts (OK) Drovers,,0,1,0,0,0,1,0,0,-53.0,78.1,152.0,71.7,,,,,,,,,,,2026-03-04T04:49:46Z
612,Simpson University (CA) Red Hawks,,0,1,0,0,0,1,0,0,-54.0,72.8,151.3,68.7,,,,,,,,,,,2026-03-04T04:49:46Z
2000,Abilene Christian Wildcats,Western Athletic Conference,11,16,8,5,3,11,0,0,-2.259,102.522,105.778,68.437,1.0,0.0,0.0,1.0,-0.74,-0.7599999999999998,0.0,,1.0,INSUFFICIENT_SAMPLE,2026-03-04T04:49:46Z
2003,Adrian Bulldogs,,0,1,0,0,0,1,0,0,-45.0,76.4,127.7,87.7,,,,,,,,,,,2026-03-04T04:49:46Z
2005,Air Force Falcons,Mountain West,3,24,3,13,0,11,0,0,-17.593,93.8,120.348,66.644,2.0,0.0,,,9.02,-9.52,0.0,,2.0,INSUFFICIENT_SAMPLE,2026-03-04T04:49:46Z
2006,Akron Zips,Mid-American Conference,22,5,13,2,9,3,0,0,14.481,124.678,104.922,71.73,0.0,1.0,1.0,0.0,26.19,-7.69,0.0,,1.0,INSUFFICIENT_SAMPLE,2026-03-04T04:49:46Z
2010,Alabama A&M Bulldogs,Southwestern Athletic Conference,15,12,10,4,5,8,0,0,0.333,107.759,107.519,66.922,,,,,,,,,,,2026-03-04T04:49:46Z
2011,Alabama State Hornets,Southwestern Athletic Conference,10,18,6,3,4,15,0,0,-2.643,104.4,109.379,70.943,,,,,,,,,,,2026-03-04T04:49:46Z
2013,Albany St (GA) Golden Rams,,0,1,0,0,0,1,0,0,-16.0,107.8,130.2,71.4,,,,,,,,,,,2026-03-04T04:49:46Z
2016,Alcorn State Braves,Southwestern Athletic Conference,7,18,5,3,2,15,0,0,-12.52,98.868,116.292,68.828,1.0,0.0,1.0,0.0,-3.91,5.41,1.0,,1.0,INSUFFICIENT_SAMPLE,2026-03-04T04:49:46Z
2025,Angelo State Rams,,0,1,0,0,0,1,0,0,-23.0,74.7,106.5,72.3,,,,,,,,,,,2026-03-04T04:49:46Z
2026,App State Mountaineers,Sun Belt Conference,18,11,11,4,7,7,0,0,6.0,111.455,103.076,63.872,1.0,0.0,0.0,1.0,-2.53,-1.97,0.0,,1.0,INSUFFICIENT_SAMPLE,2026-03-04T04:49:46Z
2027,Arkansas Baptist Buffaloes,,0,2,0,0,0,2,0,0,-9.0,85.95,98.05,74.35,,,,,,,,,,,2026-03-04T04:49:46Z
2029,Arkansas-Pine Bluff Golden Lions,Southwestern Athletic Conference,12,14,7,4,5,10,0,0,-2.885,108.704,113.277,71.892,,,,,,,,,,,2026-03-04T04:49:46Z
2031,Little Rock Trojans,Ohio Valley Conference,11,19,6,6,5,13,0,0,-4.467,104.133,110.837,67.333,1.0,0.0,1.0,0.0,2.77,5.73,1.0,,1.0,INSUFFICIENT_SAMPLE,2026-03-04T04:49:46Z
2032,Arkansas State Red Wolves,Sun Belt Conference,19,10,11,4,8,6,0,0,7.172,114.955,105.183,72.759,3.0,0.0,0.0,1.0,-4.033333333333334,4.2,0.6666666666666666,,3.0,INSUFFICIENT_SAMPLE,2026-03-04T04:49:46Z
2033,Arkansas Tech Wonder Boys,,0,1,0,0,0,1,0,0,-44.0,85.1,144.5,74.0,,,,,,,,,,,2026-03-04T04:49:46Z
2040,Auburn-Montgomery Senators,,0,1,0,0,0,1,0,0,-27.0,55.2,93.5,70.6,,,,,,,,,,,2026-03-04T04:49:46Z
2046,Austin Peay Governors,ASUN Conference,19,8,11,1,8,7,0,0,5.852,115.419,106.867,69.996,,,,,,,,,,,2026-03-04T04:49:46Z
2047,Averett Cougars,,0,1,0,0,0,1,0,0,-43.0,67.1,126.0,73.0,,,,,,,,,,,2026-03-04T04:49:46Z
2050,Ball State Cardinals,Mid-American Conference,8,19,5,8,3,11,0,0,-4.481,100.33,107.5,65.378,,,,,,,,,,,2026-03-04T04:49:46Z
2057,Belmont Bruins,Missouri Valley Conference,24,4,12,2,12,2,0,0,12.179,120.571,103.261,70.293,,,,,,,,,,,2026-03-04T04:49:46Z
2061,Berea Mountaineers,,0,1,0,0,0,1,0,0,-22.0,86.7,116.5,73.8,,,,,,,,,,,2026-03-04T04:49:46Z
2062,Bethany (WV) Bison,,0,1,0,0,0,1,0,0,-29.0,76.0,119.3,67.1,,,,,,,,,,,2026-03-04T04:49:46Z
2064,Bethel (TN) Wildcats,,0,2,0,0,0,2,0,0,-31.0,85.0,123.7,80.1,,,,,,,,,,,2026-03-04T04:49:46Z
2065,Bethune-Cookman Wildcats,Southwestern Athletic Conference,17,11,10,3,7,8,0,0,0.107,106.704,106.35,70.882,0.0,1.0,1.0,0.0,5.84,-2.34,0.0,,1.0,INSUFFICIENT_SAMPLE,2026-03-04T04:49:46Z
2066,Binghamton Bearcats,America East Conference,7,21,6,8,1,13,0,0,-6.429,104.711,114.204,65.975,1.0,0.0,1.0,0.0,1.79,-5.29,0.0,,1.0,INSUFFICIENT_SAMPLE,2026-03-04T04:49:46Z
2070,Blackburn Beavers,,0,1,0,0,0,1,0,0,-56.0,69.6,149.1,70.4,,,,,,,,,,,2026-03-04T04:49:46Z
2071,Bloomsburg Huskies,,0,1,0,0,0,1,0,0,-40.0,67.4,130.0,63.8,,,,,,,,,,,2026-03-04T04:49:46Z
2073,Bluefield State Big Blues,,0,1,0,0,0,1,0,0,-16.0,92.8,117.2,65.7,,,,,,,,,,,2026-03-04T04:49:46Z
2075,Bowie State Bulldogs,,0,1,0,0,0,1,0,0,-16.0,87.3,107.5,79.0,,,,,,,,,,,2026-03-04T04:49:46Z
2077,Brewton-Parker Wildcats,,0,2,0,0,0,2,0,0,-17.5,76.15,102.0,67.6,,,,,,,,,,,2026-03-04T04:49:46Z
2081,Bryan (TN) Lions,,0,3,0,0,0,3,0,0,-46.0,73.9,138.133,71.5,,,,,,,,,,,2026-03-04T04:49:46Z
2083,Bucknell Bison,Patriot League,7,22,4,9,3,13,0,0,-11.0,98.869,114.914,67.552,,,,,2.23,,,,,,2026-03-04T04:49:46Z
2084,Buffalo Bulls,Mid-American Conference,14,13,5,8,9,5,0,0,2.407,116.519,112.115,67.233,,,,,,,,,,,2026-03-04T04:49:46Z
2086,Butler Bulldogs,Big East,13,14,9,6,4,8,0,0,0.519,113.256,112.841,69.126,,,,,,,,,,,2026-03-04T04:49:46Z
2096,Cameron Aggies,,0,1,0,0,0,1,0,0,-30.0,83.4,123.1,75.6,,,,,,,,,,,2026-03-04T04:49:46Z
2097,Campbell Fighting Camels,Colonial Athletic Association,13,15,9,4,4,11,0,0,2.214,112.421,110.432,70.339,1.0,0.0,0.0,1.0,-1.85,-1.65,0.0,,1.0,INSUFFICIENT_SAMPLE,2026-03-04T04:49:46Z
2098,Campbellsville Tigers,,0,1,0,0,0,1,0,0,-43.0,84.2,145.5,70.1,,,,,,,,,,,2026-03-04T04:49:46Z
2099,Canisius Golden Griffins,Metro Atlantic Athletic Conference,9,19,6,8,3,11,0,0,-7.679,97.525,109.318,64.057,1.0,0.0,0.0,1.0,-13.589999999999998,-1.8100000000000005,0.0,,1.0,INSUFFICIENT_SAMPLE,2026-03-04T04:49:46Z
2107,Catawba Chiefs,,0,1,0,0,0,1,0,0,-24.0,90.5,125.5,68.5,,,,,,,,,,,2026-03-04T04:49:46Z
2110,Central Arkansas Bears,ASUN Conference,19,10,13,1,6,9,0,0,6.31,115.555,106.366,69.834,,,,,,,,,,,2026-03-04T04:49:46Z
2113,Centenary (LA) Gentlemen,,0,1,0,0,0,1,0,0,-32.0,77.7,120.6,74.6,,,,,,,,,,,2026-03-04T04:49:46Z
2114,Centenary (NJ) Cyclones,,0,1,0,0,0,1,0,0,-66.0,67.5,156.7,74.0,,,,,,,,,,,2026-03-04T04:49:46Z
2115,Central Connecticut Blue Devils,Northeast Conference,17,10,9,3,8,7,0,0,2.148,112.278,109.533,65.381,1.0,0.0,1.0,0.0,-4.39,5.890000000000001,1.0,,1.0,INSUFFICIENT_SAMPLE,2026-03-04T04:49:46Z
2116,UCF Knights,Big 12,19,7,14,3,5,4,0,0,5.038,117.319,110.327,69.662,2.0,0.0,,,16.02,9.48,1.0,,2.0,INSUFFICIENT_SAMPLE,2026-03-04T04:49:46Z
2117,Central Michigan Chippewas,Mid-American Conference,9,18,7,4,2,14,0,0,-2.407,107.922,112.33,68.719,,,,,,,,,,,2026-03-04T04:49:46Z
2119,Central State (OH) Marauders,,0,2,0,0,0,2,0,0,-32.5,89.9,132.25,76.75,,,,,,,,,,,2026-03-04T04:49:46Z
2124,Chaminade Silverswords,,0,3,0,3,0,0,0,0,-24.0,100.133,129.6,79.9,,,,,,,,,,,2026-03-04T04:49:46Z
2127,Charleston Southern Buccaneers,Big South Conference,14,15,9,5,5,10,0,0,3.724,111.248,106.376,74.738,1.0,0.0,1.0,0.0,3.63,-13.129999999999999,0.0,,1.0,INSUFFICIENT_SAMPLE,2026-03-04T04:49:46Z
2129,Cheyney (PA) Wolves,,0,1,0,0,0,1,0,0,-18.0,93.9,118.0,74.6,,,,,,,,,,,2026-03-04T04:49:46Z
2130,Chicago State Cougars,Northeast Conference,7,22,5,6,2,16,0,0,-9.414,100.293,114.5,64.8,0.0,1.0,1.0,0.0,-14.54,9.04,1.0,,1.0,INSUFFICIENT_SAMPLE,2026-03-04T04:49:46Z
2131,Christian Brothers Buccaneers,,0,1,0,0,0,1,0,0,-28.0,98.9,140.3,67.7,,,,,,,,,,,2026-03-04T04:49:46Z
2132,Cincinnati Bearcats,Big 12,14,13,12,4,2,9,0,0,4.593,105.741,99.793,68.315,0.0,2.0,,,-8.98,3.48,1.0,,2.0,INSUFFICIENT_SAMPLE,2026-03-04T04:49:46Z
2141,Coe Kohawks,,0,2,0,0,0,2,0,0,-38.0,70.6,124.05,69.5,,,,,,,,,,,2026-03-04T04:49:46Z
2142,Colgate Raiders,Patriot League,17,12,10,4,7,8,0,0,2.345,113.79,110.6,67.562,,,,,,,,,,,2026-03-04T04:49:46Z
2145,Colorado-Colorado Springs Mountain Lions,,0,1,0,0,0,1,0,0,-36.0,119.8,166.2,77.6,,,,,,,,,,,2026-03-04T04:49:46Z
2148,Concord Mountain Lions,,0,1,0,0,0,1,0,0,-51.0,81.5,146.5,78.5,,,,,,,,,,,2026-03-04T04:49:46Z
2154,Coppin State Eagles,Mid-Eastern Athletic Conference,7,21,3,8,4,13,0,0,-14.536,95.607,116.646,68.857,,,,,,,,,,,2026-03-04T04:49:46Z
2161,Cumberland (TN) Phoenix,,0,1,0,0,0,1,0,0,-16.0,87.8,112.0,66.1,,,,,,,,,,,2026-03-04T04:49:46Z
2163,Dallas Crusaders,,0,1,0,0,0,1,0,0,-48.0,74.7,139.9,73.6,,,,,,,,,,,2026-03-04T04:49:46Z
2166,Davidson Wildcats,Atlantic 10,16,11,9,7,7,4,0,0,3.593,111.059,105.315,64.204,,,,,,,,,,,2026-03-04T04:49:46Z
2168,Dayton Flyers,Atlantic 10,18,9,13,3,5,6,0,0,4.037,109.859,103.404,68.993,0.0,1.0,0.0,1.0,5.26,-0.7599999999999998,0.0,,1.0,INSUFFICIENT_SAMPLE,2026-03-04T04:49:46Z
2169,Delaware State Hornets,Mid-Eastern Athletic Conference,6,20,5,8,1,12,0,0,-8.885,92.327,105.727,66.869,,,,,,,,,,,2026-03-04T04:49:46Z
2172,Denver Pioneers,Summit League,15,14,9,5,6,9,0,0,1.414,122.552,120.117,68.748,0.0,1.0,0.0,1.0,-30.4,5.9,1.0,,1.0,INSUFFICIENT_SAMPLE,2026-03-04T04:49:46Z
2174,Detroit Mercy Titans,Horizon League,15,12,8,5,7,7,0,0,0.889,112.9,111.815,69.267,0.0,1.0,0.0,1.0,-2.32,3.2699999999999996,1.0,,1.0,INSUFFICIENT_SAMPLE,2026-03-04T04:49:46Z
2178,Doane Tigers,,0,1,0,0,0,1,0,0,-9.0,102.3,115.5,68.4,,,,,,,,,,,2026-03-04T04:49:46Z
2181,Drake Bulldogs,Missouri Valley Conference,11,18,7,11,4,7,0,0,0.0,110.603,110.752,67.917,,,,,,,,,,,2026-03-04T04:49:46Z
2182,Drexel Dragons,Colonial Athletic Association,15,13,11,4,4,9,0,0,0.536,105.061,103.864,64.504,1.0,0.0,0.0,1.0,-3.3150000000000004,-1.65,0.0,,1.0,INSUFFICIENT_SAMPLE,2026-03-04T04:49:46Z
2184,Duquesne Dukes,Atlantic 10,14,13,9,7,5,6,0,0,2.963,111.7,107.819,71.122,,,,,,,,,,,2026-03-04T04:49:46Z
2189,Earlham College Quakers,,0,1,0,0,0,1,0,0,-63.0,44.7,138.5,67.2,,,,,,,,,,,2026-03-04T04:49:46Z
2193,East Tennessee State Buccaneers,Southern Conference,20,9,12,4,8,5,0,0,8.276,117.128,104.879,66.669,,,,,,,,,,,2026-03-04T04:49:46Z
2196,Eastern University (PA) Eagles,,0,1,0,0,0,1,0,0,-32.0,76.9,122.4,70.2,,,,,,,,,,,2026-03-04T04:49:46Z
2197,Eastern Illinois Panthers,Ohio Valley Conference,11,18,8,6,3,12,0,0,-3.966,100.438,106.997,66.645,1.0,0.0,1.0,0.0,4.62,6.88,1.0,,1.0,INSUFFICIENT_SAMPLE,2026-03-04T04:49:46Z
2198,Eastern Kentucky Colonels,ASUN Conference,10,20,7,7,3,13,0,0,-3.233,112.923,117.797,70.083,,,,,,,,,,,2026-03-04T04:49:46Z
2199,Eastern Michigan Eagles,Mid-American Conference,9,19,6,6,3,13,0,0,-3.464,104.275,109.204,67.986,,,,,,,,,,,2026-03-04T04:49:46Z
2202,Eastern Oregon Mountaineers,,0,2,0,0,0,2,0,0,-23.5,97.3,129.85,72.5,,,,,,,,,,,2026-03-04T04:49:46Z
2207,Elizabeth City State Vikings,,0,2,0,0,0,2,0,0,-13.0,91.4,109.8,71.6,,,,,,,,,,,2026-03-04T04:49:46Z
2210,Elon Phoenix,Colonial Athletic Association,12,16,7,7,5,9,0,0,-0.464,114.671,115.096,68.129,1.0,0.0,1.0,0.0,-1.03,4.53,1.0,,1.0,INSUFFICIENT_SAMPLE,2026-03-04T04:49:46Z
2211,Emmanuel (MA) Lions,,0,1,0,0,0,1,0,0,-28.0,96.4,135.6,71.6,,,,,,,,,,,2026-03-04T04:49:46Z
2215,Erskine Flying Fleet,,0,1,0,0,0,1,0,0,-24.0,99.1,140.8,57.5,,,,,,,,,,,2026-03-04T04:49:46Z
2217,Fairfield Stags,Metro Atlantic Athletic Conference,18,11,12,4,6,7,0,0,2.345,112.09,109.241,66.872,1.0,0.0,0.0,1.0,-4.1850000000000005,-2.6799999999999997,0.0,,1.0,INSUFFICIENT_SAMPLE,2026-03-04T04:49:46Z
2225,Fisk Bulldogs,,0,3,0,0,0,3,0,0,-43.333,72.433,128.733,76.533,,,,,,,,,,,2026-03-04T04:49:46Z
2226,Florida Atlantic Owls,American Athletic Conference,15,13,10,5,5,8,0,0,4.964,112.025,105.35,70.607,0.0,1.0,0.0,1.0,-1.5350000000000001,4.57,1.0,,1.0,INSUFFICIENT_SAMPLE,2026-03-04T04:49:46Z
2227,Florida Memorial FLORIDA MEMORIAL,,0,1,0,0,0,1,0,0,-2.0,84.1,87.0,69.0,,,,,,,,,,,2026-03-04T04:49:46Z
2229,Florida International Panthers,Conference USA,13,14,10,5,3,9,0,0,1.852,110.752,108.689,72.841,1.0,0.0,0.0,1.0,-21.87,-4.630000000000001,0.0,,1.0,INSUFFICIENT_SAMPLE,2026-03-04T04:49:46Z
2230,Fordham Rams,Atlantic 10,15,12,11,6,4,6,0,0,2.852,105.874,101.737,65.081,,,,,,,,,,,2026-03-04T04:49:46Z
2232,Fort Valley State Wildcats,,0,1,0,0,0,1,0,0,-34.0,72.1,115.9,77.6,,,,,,,,,,,2026-03-04T04:49:46Z
2239,Cal State Fullerton Titans,Big West Conference,14,14,9,4,5,10,0,0,-0.5,110.611,111.325,74.107,,,,,,,,,,,2026-03-04T04:49:46Z
2241,Gardner-Webb Runnin' Bulldogs,Big South Conference,3,26,3,12,0,14,0,0,-16.759,97.831,121.321,70.683,1.0,0.0,0.0,1.0,1.07,-7.57,0.0,,1.0,INSUFFICIENT_SAMPLE,2026-03-04T04:49:46Z
2242,Geneva Golden Tornadoes,,0,1,0,0,0,1,0,0,-46.0,68.3,135.1,68.8,,,,,,,,,,,2026-03-04T04:49:46Z
2244,George Mason Patriots,Atlantic 10,20,7,14,2,6,5,0,0,5.148,113.859,106.148,64.07,,,,,,,,,,,2026-03-04T04:49:46Z
2246,Georgia College Bobcats,,0,1,0,0,0,1,0,0,-61.0,62.9,139.6,79.5,,,,,,,,,,,2026-03-04T04:49:46Z
2247,Georgia State Panthers,Sun Belt Conference,10,19,7,8,3,11,0,0,-3.345,103.941,108.883,68.614,1.0,2.0,0.0,1.0,6.753333333333333,-2.253333333333334,0.3333333333333333,,3.0,INSUFFICIENT_SAMPLE,2026-03-04T04:49:46Z
2250,Gonzaga Bulldogs,West Coast Conference,26,3,15,0,11,3,0,0,18.655,122.048,95.521,70.224,,,,,,,,,,,2026-03-04T04:49:46Z
2253,Grand Canyon Lopes,Mountain West,17,10,12,5,5,5,0,0,6.148,108.596,99.578,68.159,,,,,,,,,,,2026-03-04T04:49:46Z
2256,Greensboro College Pride,,0,1,0,0,0,1,0,0,-34.0,87.3,134.3,72.2,,,,,,,,,,,2026-03-04T04:49:46Z
2261,Hampton Pirates,Colonial Athletic Association,12,16,9,4,3,12,0,0,-2.429,103.446,107.643,65.214,0.0,1.0,0.0,1.0,10.23,-0.73,0.0,,1.0,INSUFFICIENT_SAMPLE,2026-03-04T04:49:46Z
2262,Hanover Panthers,,0,1,0,0,0,1,0,0,-39.0,80.8,138.1,68.1,,,,,,,,,,,2026-03-04T04:49:46Z
2267,Hawai'i Hilo Vulcans,,0,1,0,0,0,1,0,0,-52.0,67.6,143.9,68.1,,,,,,,,,,,2026-03-04T04:49:46Z
2269,Hawai'i Pacific Sea Warriors,,0,1,0,0,0,1,0,0,-12.0,110.5,127.9,68.8,,,,,,,,,,,2026-03-04T04:49:46Z
2272,High Point Panthers,Big South Conference,25,4,17,1,8,3,0,0,18.207,125.862,100.152,70.969,1.0,0.0,1.0,0.0,-0.68,-5.82,0.0,,1.0,INSUFFICIENT_SAMPLE,2026-03-04T04:49:46Z
2275,Hofstra Pride,Colonial Athletic Association,20,8,10,2,10,6,0,0,10.214,116.232,100.636,65.389,,,,,,,,,,,2026-03-04T04:49:46Z
2277,Houston Christian Huskies,Southland Conference,11,18,8,5,3,13,0,0,-4.655,105.597,113.134,63.914,,,,,4.805,,,,,,2026-03-04T04:49:46Z
2281,Huston-Tillotson Rams,,0,1,0,0,0,1,0,0,-24.0,74.7,106.8,74.9,,,,,,,,,,,2026-03-04T04:49:46Z
2287,Illinois State Redbirds,Missouri Valley Conference,19,10,14,2,5,8,0,0,8.034,112.624,100.648,67.579,,,,,,,,,,,2026-03-04T04:49:46Z
2294,Iowa Hawkeyes,Big Ten,18,9,14,2,4,7,0,0,9.556,119.511,104.581,62.47,0.0,1.0,1.0,0.0,-18.145,4.01,1.0,,1.0,INSUFFICIENT_SAMPLE,2026-03-04T04:49:46Z
2296,Jackson State Tigers,Southwestern Athletic Conference,9,18,5,5,4,13,0,0,-13.185,98.622,117.048,71.089,0.0,1.0,1.0,0.0,-10.16,4.66,1.0,,1.0,INSUFFICIENT_SAMPLE,2026-03-04T04:49:46Z
2299,Jarvis Christian Bulldogs,,0,1,0,0,0,1,0,0,-32.0,77.6,122.7,70.9,,,,,,,,,,,2026-03-04T04:49:46Z
2304,Johnson C Smith Golden Bulls,,0,1,0,0,0,1,0,0,-19.0,97.6,121.0,81.0,,,,,,,,,,,2026-03-04T04:49:46Z
2305,Kansas Jayhawks,Big 12,20,7,14,2,6,5,0,0,6.815,111.159,101.196,67.826,,,,,-10.515,,,,,,2026-03-04T04:49:46Z
2306,Kansas State Wildcats,Big 12,9,18,8,8,1,10,0,0,-3.63,106.996,112.456,73.111,,,,,,,,,,,2026-03-04T04:49:46Z
2309,Kent State Golden Flashes,Mid-American Conference,20,7,13,2,7,5,0,0,5.185,114.196,107.77,73.093,0.0,1.0,1.0,0.0,26.19,-7.69,0.0,,1.0,INSUFFICIENT_SAMPLE,2026-03-04T04:49:46Z
2310,Kentucky State Thorobreds,,0,1,0,0,0,1,0,0,-37.0,75.8,125.9,73.8,,,,,,,,,,,2026-03-04T04:49:46Z
2320,Lamar Cardinals,Southland Conference,11,19,6,9,5,10,0,0,-0.533,104.98,105.923,65.827,,,,,3.67,,,,,,2026-03-04T04:49:46Z
2325,La Salle Explorers,Atlantic 10,6,21,5,9,1,12,0,0,-8.704,99.189,112.037,65.363,,,,,,,,,,,2026-03-04T04:49:46Z
2329,Lehigh Mountain Hawks,Patriot League,14,15,9,5,5,10,0,0,-2.414,106.228,109.817,68.9,1.0,0.0,1.0,0.0,-7.05,1.9000000000000004,1.0,,1.0,INSUFFICIENT_SAMPLE,2026-03-04T04:49:46Z
2330,Le Moyne Dolphins,Northeast Conference,14,15,9,3,5,12,0,0,-1.172,106.39,107.359,68.493,0.0,1.0,1.0,0.0,-17.13,5.63,1.0,,1.0,INSUFFICIENT_SAMPLE,2026-03-04T04:49:46Z
2333,Lewis & Clark Pioneers,,0,1,0,0,0,1,0,0,-17.0,120.6,144.1,72.2,,,,,,,,,,,2026-03-04T04:49:46Z
2335,Liberty Flames,Conference USA,22,5,11,2,11,3,0,0,7.333,119.23,107.756,65.093,1.0,0.0,0.0,1.0,-3.76,-6.74,0.0,,1.0,INSUFFICIENT_SAMPLE,2026-03-04T04:49:46Z
2344,Longwood Lancers,Big South Conference,15,14,11,4,4,10,0,0,3.448,110.014,105.545,70.524,,,,,,,,,,,2026-03-04T04:49:46Z
2347,Louisiana Christian Wildcats,,0,1,0,0,0,1,0,0,-53.0,64.2,135.2,74.7,,,,,,,,,,,2026-03-04T04:49:46Z
2348,Louisiana Tech Bulldogs,Conference USA,16,12,14,3,2,9,0,0,5.036,105.507,98.611,66.321,1.0,0.0,1.0,0.0,-2.69,3.19,1.0,,1.0,INSUFFICIENT_SAMPLE,2026-03-04T04:49:46Z
2349,UMass Lowell River Hawks,America East Conference,12,16,8,4,4,12,0,0,-1.071,109.786,111.446,68.364,1.0,0.0,0.0,1.0,-0.98,8.48,1.0,,1.0,INSUFFICIENT_SAMPLE,2026-03-04T04:49:46Z
2350,Loyola Chicago Ramblers,Atlantic 10,6,21,4,12,2,9,0,0,-10.593,100.796,116.9,65.574,,,,,,,,,,,2026-03-04T04:49:46Z
2351,Loyola Marymount Lions,West Coast Conference,12,16,7,9,5,7,0,0,-1.393,105.046,106.504,68.729,,,,,,,,,,,2026-03-04T04:49:46Z
2352,Loyola Maryland Greyhounds,Patriot League,11,18,7,6,4,12,0,0,-2.448,108.321,112.041,69.317,,,,,,,,,,,2026-03-04T04:49:46Z
2358,Lyon Scots,,0,1,0,0,0,1,0,0,-58.0,48.9,129.8,71.6,,,,,,,,,,,2026-03-04T04:49:46Z
2363,Manhattan Jaspers,Metro Atlantic Athletic Conference,11,19,7,7,4,12,0,0,-7.067,106.943,116.903,68.247,0.0,1.0,0.0,1.0,-11.9,9.4,1.0,,1.0,INSUFFICIENT_SAMPLE,2026-03-04T04:49:46Z
2368,Marist Red Foxes,Metro Atlantic Athletic Conference,18,10,11,4,7,6,0,0,6.571,106.646,96.904,65.764,,,,,11.165,,,,,,2026-03-04T04:49:46Z
2370,Tennessee Southern Firehawks,,0,1,0,0,0,1,0,0,-32.0,87.6,134.3,68.5,,,,,,,,,,,2026-03-04T04:49:46Z
2374,Marywood Pacers,,0,1,0,0,0,1,0,0,-60.0,71.9,153.2,73.8,,,,,,,,,,,2026-03-04T04:49:46Z
2377,McNeese Cowboys,Southland Conference,25,4,15,0,10,4,0,0,13.0,119.203,99.803,66.221,,,,,-3.935,,,,,,2026-03-04T04:49:46Z
2378,UMBC Retrievers,America East Conference,19,7,11,2,8,5,0,0,7.269,112.608,101.838,66.758,1.0,0.0,0.0,1.0,3.34,-3.84,0.0,,1.0,INSUFFICIENT_SAMPLE,2026-03-04T04:49:46Z
2379,Maryland Eastern Shore Hawks,Mid-Eastern Athletic Conference,8,19,5,3,3,16,0,0,-6.407,98.856,108.83,65.37,,,,,,,,,,,2026-03-04T04:49:46Z
2382,Mercer Bears,Southern Conference,18,11,13,1,5,10,0,0,7.241,118.876,109.214,69.876,,,,,,,,,,,2026-03-04T04:49:46Z
2384,Mercy Mavericks,,0,1,0,0,0,1,0,0,-26.0,79.4,113.3,76.8,,,,,,,,,,,2026-03-04T04:49:46Z
2385,Mercyhurst Lakers,Northeast Conference,13,15,9,3,4,12,0,0,0.929,107.043,105.975,64.775,1.0,0.0,1.0,0.0,-4.39,5.890000000000001,1.0,,1.0,INSUFFICIENT_SAMPLE,2026-03-04T04:49:46Z
2390,Miami Hurricanes,Atlantic Coast Conference,21,6,13,3,8,3,0,0,11.481,118.704,102.567,68.859,0.0,2.0,,,13.02,-5.5200000000000005,0.0,,2.0,INSUFFICIENT_SAMPLE,2026-03-04T04:49:46Z
2393,Middle Tennessee Blue Raiders,Conference USA,13,14,10,5,3,9,0,0,-0.889,109.244,110.319,67.511,0.0,1.0,1.0,0.0,-4.27,2.7699999999999996,1.0,,1.0,INSUFFICIENT_SAMPLE,2026-03-04T04:49:46Z
2395,Midwestern State Mustangs,,0,1,0,0,0,1,0,0,-10.0,72.2,84.9,78.9,,,,,,,,,,,2026-03-04T04:49:46Z
2397,Milligan Buffaloes,,0,1,0,0,0,1,0,0,-54.0,103.2,171.9,78.5,,,,,,,,,,,2026-03-04T04:49:46Z
2400,Mississippi Valley State Delta Devils,Southwestern Athletic Conference,2,25,1,10,1,15,0,0,-19.259,91.815,119.433,69.359,,,,,-18.98,,,,,,2026-03-04T04:49:46Z
2404,Molloy Lions,,0,1,0,0,0,1,0,0,-34.0,77.3,120.3,79.0,,,,,,,,,,,2026-03-04T04:49:46Z
2405,Monmouth Hawks,Colonial Athletic Association,15,13,9,4,6,9,0,0,1.036,107.136,105.779,67.154,0.0,1.0,1.0,0.0,-14.25,4.75,1.0,,1.0,INSUFFICIENT_SAMPLE,2026-03-04T04:49:46Z
2413,Morehead State Eagles,Ohio Valley Conference,18,11,10,2,8,9,0,0,1.724,113.421,111.303,66.593,3.0,0.0,1.0,0.0,2.27,4.8966666666666665,1.0,,3.0,INSUFFICIENT_SAMPLE,2026-03-04T04:49:46Z
2415,Morgan State Bears,Mid-Eastern Athletic Conference,12,14,7,6,5,8,0,0,-3.654,105.938,112.146,70.423,,,,,,,,,,,2026-03-04T04:49:46Z
2424,New Mexico Highlands Cowboys,,0,2,0,0,0,2,0,0,-33.0,77.45,124.2,68.5,,,,,,,,,,,2026-03-04T04:49:46Z
2426,Navy Midshipmen,Patriot League,24,5,14,1,10,4,0,0,12.552,115.366,95.69,65.024,,,,,,,,,,,2026-03-04T04:49:46Z
2427,UNC Asheville Bulldogs,Big South Conference,14,14,10,7,4,7,0,0,1.286,109.125,107.321,66.9,1.0,0.0,0.0,1.0,1.07,-7.57,0.0,,1.0,INSUFFICIENT_SAMPLE,2026-03-04T04:49:46Z
2428,North Carolina Central Eagles,Mid-Eastern Athletic Conference,12,14,8,4,4,10,0,0,-1.5,106.869,110.3,68.192,,,,,,,,,,,2026-03-04T04:49:46Z
2429,Charlotte 49ers,American Athletic Conference,13,14,9,6,4,8,0,0,-1.0,113.17,114.537,64.741,,,,,,,,,,,2026-03-04T04:49:46Z
2430,UNC Greensboro Spartans,Southern Conference,13,16,9,6,4,10,0,0,-1.483,114.376,117.19,68.831,1.0,0.0,0.0,1.0,2.44,7.0600000000000005,1.0,,1.0,INSUFFICIENT_SAMPLE,2026-03-04T04:49:46Z
2433,UL Monroe Warhawks,Sun Belt Conference,4,25,3,12,1,13,0,0,-11.0,101.569,117.466,70.876,1.0,0.0,1.0,0.0,-3.01,7.51,1.0,,1.0,INSUFFICIENT_SAMPLE,2026-03-04T04:49:46Z
2437,Omaha Mavericks,Summit League,15,14,10,4,5,10,0,0,0.172,113.121,112.99,68.1,,,,,,,,,,,2026-03-04T04:49:46Z
2439,UNLV Rebels,Mountain West,14,13,8,5,6,8,0,0,-0.259,111.752,111.752,70.604,,,,,,,,,,,2026-03-04T04:49:46Z
2440,Nevada Wolf Pack,Mountain West,17,10,13,2,4,8,0,0,3.296,114.126,108.615,66.844,2.0,0.0,,,-3.9800000000000004,-1.52,0.0,,2.0,INSUFFICIENT_SAMPLE,2026-03-04T04:49:46Z
2441,New Haven Chargers,Northeast Conference,14,14,9,4,5,10,0,0,1.571,104.154,102.636,63.557,0.0,1.0,1.0,0.0,4.340000000000001,4.52,1.0,,1.0,INSUFFICIENT_SAMPLE,2026-03-04T04:49:46Z
2443,New Orleans Privateers,Southland Conference,13,17,5,6,8,11,0,0,-3.6,107.703,112.873,69.693,,,,,6.779999999999999,,,,,,2026-03-04T04:49:46Z
2447,Nicholls Colonels,Southland Conference,13,16,6,6,7,10,0,0,-1.552,108.455,110.821,68.403,,,,,3.67,,,,,,2026-03-04T04:49:46Z
2448,North Carolina A&T Aggies,Colonial Athletic Association,11,16,7,6,4,10,0,0,-1.111,109.737,111.993,68.648,0.0,1.0,0.0,1.0,-16.02,6.52,1.0,,1.0,INSUFFICIENT_SAMPLE,2026-03-04T04:49:46Z
2449,North Dakota State Bison,Summit League,24,5,13,2,11,3,0,0,12.069,118.917,101.852,69.362,1.0,0.0,0.0,1.0,-13.25,-5.25,0.0,,1.0,INSUFFICIENT_SAMPLE,2026-03-04T04:49:46Z
2450,Norfolk State Spartans,Mid-Eastern Athletic Conference,13,14,7,3,6,11,0,0,0.519,107.707,107.348,68.13,,,,,,,,,,,2026-03-04T04:49:46Z
2453,North Alabama Lions,ASUN Conference,8,19,4,8,4,11,0,0,-8.037,105.659,118.015,65.633,,,,,,,,,,,2026-03-04T04:49:46Z
2454,North Florida Ospreys,ASUN Conference,7,23,5,9,2,14,0,0,-7.533,110.667,121.467,72.027,1.0,0.0,1.0,0.0,-7.29,-5.21,0.0,,1.0,INSUFFICIENT_SAMPLE,2026-03-04T04:49:46Z
2458,Northern Colorado Bears,Big Sky Conference,18,11,10,3,8,8,0,0,4.379,115.597,109.372,70.441,1.0,0.0,0.0,1.0,-9.43,-2.07,0.0,,1.0,INSUFFICIENT_SAMPLE,2026-03-04T04:49:46Z
2459,Northern Illinois Huskies,Mid-American Conference,8,18,5,6,3,12,0,0,-6.846,99.462,109.988,68.712,2.0,0.0,,,-6.98,9.48,1.0,,2.0,INSUFFICIENT_SAMPLE,2026-03-04T04:49:46Z
2460,Northern Iowa Panthers,Missouri Valley Conference,18,12,11,5,7,7,0,0,7.467,108.06,96.48,63.53,,,,,,,,,,,2026-03-04T04:49:46Z
2463,Cal State Northridge Matadors,Big West Conference,17,11,11,3,6,8,0,0,2.071,108.775,105.789,75.314,0.0,1.0,0.0,1.0,3.81,-1.31,0.0,,1.0,INSUFFICIENT_SAMPLE,2026-03-04T04:49:46Z
2464,Northern Arizona Lumberjacks,Big Sky Conference,9,20,8,7,1,13,0,0,-6.241,108.155,118.717,65.476,0.0,1.0,0.0,1.0,-18.22,8.72,1.0,,1.0,INSUFFICIENT_SAMPLE,2026-03-04T04:49:46Z
2465,Northwest University Eagles,,0,1,0,0,0,1,0,0,-39.0,73.9,127.3,73.1,,,,,,,,,,,2026-03-04T04:49:46Z
2466,Northwestern State Demons,Southland Conference,10,19,8,6,2,13,0,0,-2.103,105.91,109.51,65.621,,,,,-1.1949999999999998,,,,,,2026-03-04T04:49:46Z
2473,Oakland Golden Grizzlies,Horizon League,16,13,7,5,9,8,0,0,2.828,117.328,113.983,70.517,,,,,-9.83,,,,,,2026-03-04T04:49:46Z
2474,Oakland City Mighty Oaks,,0,2,0,0,0,2,0,0,-36.5,72.35,125.9,68.6,,,,,,,,,,,2026-03-04T04:49:46Z
2476,Oglethorpe Stormy Petrels,,0,1,0,0,0,1,0,0,-50.0,65.2,130.5,76.6,,,,,,,,,,,2026-03-04T04:49:46Z
2483,Oregon Ducks,Big Ten,9,18,7,10,2,8,0,0,-2.741,108.0,112.974,66.219,,,,,,,,,,,2026-03-04T04:49:46Z
2491,Paul Quinn Tigers,,0,1,0,0,0,1,0,0,-36.0,75.6,118.1,84.7,,,,,,,,,,,2026-03-04T04:49:46Z
2492,Pepperdine Waves,West Coast Conference,8,21,6,10,2,11,0,0,-7.655,103.407,114.683,69.614,,,,,,,,,,,2026-03-04T04:49:46Z
2496,Piedmont Lions,,0,1,0,0,0,1,0,0,-12.0,97.1,111.5,83.4,,,,,,,,,,,2026-03-04T04:49:46Z
2501,Portland Pilots,West Coast Conference,11,18,10,6,1,12,0,0,-6.31,104.197,113.841,69.534,,,,,,,,,,,2026-03-04T04:49:46Z
2502,Portland State Vikings,Big Sky Conference,18,9,10,3,8,6,0,0,5.741,109.293,100.896,68.259,0.0,1.0,1.0,0.0,-12.77,0.27,1.0,,1.0,INSUFFICIENT_SAMPLE,2026-03-04T04:49:46Z
2504,Prairie View A&M Panthers,Southwestern Athletic Conference,11,16,8,4,3,12,0,0,0.185,107.211,107.178,74.411,0.0,1.0,1.0,0.0,-10.16,4.66,1.0,,1.0,INSUFFICIENT_SAMPLE,2026-03-04T04:49:46Z
2506,Presbyterian Blue Hose,Big South Conference,12,16,8,3,4,13,0,0,-0.357,108.232,108.764,65.875,1.0,0.0,1.0,0.0,-0.68,-5.82,0.0,,1.0,INSUFFICIENT_SAMPLE,2026-03-04T04:49:46Z
2507,Providence Friars,Big East,13,14,9,5,4,9,0,0,2.407,118.296,114.633,72.893,,,,,,,,,,,2026-03-04T04:49:46Z
2508,Puget Sound Loggers,,0,1,0,0,0,1,0,0,-54.0,63.0,142.1,68.3,,,,,,,,,,,2026-03-04T04:49:46Z
2509,Purdue Boilermakers,Big Ten,20,7,13,4,7,3,0,0,11.778,124.796,107.178,65.822,0.0,1.0,1.0,0.0,12.29,-3.789999999999999,0.0,,1.0,INSUFFICIENT_SAMPLE,2026-03-04T04:49:46Z
2511,Queens University Royals,ASUN Conference,17,11,11,2,6,9,0,0,2.214,122.271,118.943,70.029,,,,,,,,,,,2026-03-04T04:49:46Z
2514,Quinnipiac Bobcats,Metro Atlantic Athletic Conference,18,11,9,5,9,6,0,0,4.207,108.234,102.517,69.517,1.0,0.0,0.0,1.0,0.9400000000000002,-7.93,0.0,,1.0,INSUFFICIENT_SAMPLE,2026-03-04T04:49:46Z
2515,Radford Highlanders,Big South Conference,14,15,10,6,4,9,0,0,1.517,111.203,108.559,72.786,0.0,1.0,0.0,1.0,-8.17,3.67,1.0,,1.0,INSUFFICIENT_SAMPLE,2026-03-04T04:49:46Z
2517,Regis Pride,,0,1,0,0,0,1,0,0,-22.0,72.6,106.5,64.8,,,,,,,,,,,2026-03-04T04:49:46Z
2518,Regis (CO) REGIS UNIVERSITY,,0,1,0,0,0,1,0,0,-41.0,87.9,145.2,71.6,,,,,,,,,,,2026-03-04T04:49:46Z
2519,Rhodes Lynx,,0,2,0,0,0,2,0,0,-37.5,81.85,126.85,81.45,,,,,,,,,,,2026-03-04T04:49:46Z
2520,Rider Broncs,Metro Atlantic Athletic Conference,4,23,4,9,0,14,0,0,-11.185,98.078,115.211,65.385,0.0,1.0,1.0,0.0,-6.866666666666667,7.71,1.0,,1.0,INSUFFICIENT_SAMPLE,2026-03-04T04:49:46Z
2523,Robert Morris Colonials,Horizon League,20,9,13,3,7,6,0,0,6.793,117.538,107.079,66.828,0.0,1.0,0.0,1.0,2.1100000000000003,3.2699999999999996,1.0,,1.0,INSUFFICIENT_SAMPLE,2026-03-04T04:49:46Z
2524,Rockford Regents,,0,1,0,0,0,1,0,0,-45.0,79.3,153.7,60.5,,,,,,,,,,,2026-03-04T04:49:46Z
2529,Sacred Heart Pioneers,Metro Atlantic Athletic Conference,12,17,7,5,5,12,0,0,-2.759,108.776,112.9,68.276,0.0,1.0,1.0,0.0,4.07,4.62,1.0,,1.0,INSUFFICIENT_SAMPLE,2026-03-04T04:49:46Z
2534,Sam Houston Bearkats,Conference USA,20,7,12,1,8,6,0,0,9.63,118.507,104.696,70.37,1.0,0.0,0.0,1.0,-21.87,-4.630000000000001,0.0,,1.0,INSUFFICIENT_SAMPLE,2026-03-04T04:49:46Z
2535,Samford Bulldogs,Southern Conference,17,12,10,3,7,9,0,0,4.276,114.793,108.655,68.869,0.0,1.0,1.0,0.0,-8.02,5.52,1.0,,1.0,INSUFFICIENT_SAMPLE,2026-03-04T04:49:46Z
2539,San Francisco Dons,West Coast Conference,15,14,9,6,6,8,0,0,-0.172,111.731,111.824,66.114,,,,,,,,,,,2026-03-04T04:49:46Z
2540,UC Santa Barbara Gauchos,Big West Conference,16,12,10,3,6,9,0,0,4.286,114.532,108.075,67.621,0.0,1.0,0.0,1.0,-8.36,7.859999999999999,1.0,,1.0,INSUFFICIENT_SAMPLE,2026-03-04T04:49:46Z
2541,Santa Clara Broncos,West Coast Conference,22,7,14,3,8,4,0,0,10.69,118.624,103.407,70.741,,,,,,,,,,,2026-03-04T04:49:46Z
2544,Schreiner Mountaineers,,0,1,0,0,0,1,0,0,-51.0,68.3,132.8,79.1,,,,,,,,,,,2026-03-04T04:49:46Z
2545,SE Louisiana Lions,Southland Conference,9,20,5,7,4,13,0,0,-4.552,100.514,107.652,65.559,,,,,8.24,,,,,,2026-03-04T04:49:46Z
2546,Southeast Missouri State Redhawks,Ohio Valley Conference,19,10,10,5,9,5,0,0,5.586,107.579,99.531,70.038,1.0,0.0,1.0,0.0,4.73,6.77,1.0,,1.0,INSUFFICIENT_SAMPLE,2026-03-04T04:49:46Z
2547,Seattle U Redhawks,West Coast Conference,18,11,13,3,5,8,0,0,5.31,105.266,97.914,68.81,,,,,,,,,,,2026-03-04T04:49:46Z
2550,Seton Hall Pirates,Big East,17,10,10,4,7,6,0,0,4.741,105.385,98.519,66.419,,,,,,,,,,,2026-03-04T04:49:46Z
2551,Shaw Bears,,0,1,0,0,0,1,0,0,-4.0,109.3,114.8,72.3,,,,,,,,,,,2026-03-04T04:49:46Z
2561,Siena Saints,Metro Atlantic Athletic Conference,18,11,9,4,9,7,0,0,3.552,111.097,105.072,63.928,1.0,0.0,0.0,1.0,-7.6066666666666665,-2.6799999999999997,0.0,,1.0,INSUFFICIENT_SAMPLE,2026-03-04T04:49:46Z
2562,Siena Heights Saints,,0,2,0,0,0,2,0,0,-45.0,81.1,137.95,77.8,,,,,,,,,,,2026-03-04T04:49:46Z
2564,Simpson College (IA) Storm,,0,1,0,0,0,1,0,0,-38.0,67.4,117.7,75.6,,,,,,,,,,,2026-03-04T04:49:46Z
2565,SIU Edwardsville Cougars,Ohio Valley Conference,17,12,10,5,7,7,0,0,4.172,105.041,98.783,65.838,0.0,1.0,1.0,0.0,-14.69,8.190000000000001,1.0,,1.0,INSUFFICIENT_SAMPLE,2026-03-04T04:49:46Z
2567,SMU Mustangs,Atlantic Coast Conference,17,10,14,2,3,8,0,0,7.222,121.415,112.122,70.852,,,,,,,,,,,2026-03-04T04:49:46Z
2569,South Carolina State Bulldogs,Mid-Eastern Athletic Conference,8,19,6,5,2,14,0,0,-11.519,97.844,114.096,68.315,,,,,,,,,,,2026-03-04T04:49:46Z
2571,South Dakota State Jackrabbits,Summit League,12,17,8,6,4,11,0,0,2.759,112.438,108.39,67.607,1.0,0.0,1.0,0.0,1.42,0.08000000000000007,1.0,,1.0,INSUFFICIENT_SAMPLE,2026-03-04T04:49:46Z
2572,Southern Miss Golden Eagles,Sun Belt Conference,15,14,11,3,4,11,0,0,-0.517,105.31,105.9,69.486,2.0,1.0,0.0,1.0,6.306666666666666,2.526666666666666,0.6666666666666666,,3.0,INSUFFICIENT_SAMPLE,2026-03-04T04:49:46Z
2573,Southern-New Orleans Knights,,0,1,0,0,0,1,0,0,-53.0,75.4,148.1,72.9,,,,,,,,,,,2026-03-04T04:49:46Z
2576,Southern Wesleyan Warriors,,0,3,0,0,0,3,0,0,-38.333,92.0,144.0,73.233,,,,,,,,,,,2026-03-04T04:49:46Z
2579,South Carolina Gamecocks,Southeastern Conference,11,17,10,8,1,9,0,0,-1.429,110.646,112.461,68.254,0.0,2.0,,,12.02,-10.52,0.0,,2.0,INSUFFICIENT_SAMPLE,2026-03-04T04:49:46Z
2582,Southern Jaguars,Southwestern Athletic Conference,13,14,8,4,5,10,0,0,3.593,109.848,106.285,72.622,0.0,1.0,1.0,0.0,22.62,-3.119999999999999,0.0,,1.0,INSUFFICIENT_SAMPLE,2026-03-04T04:49:46Z
2591,St. Ambrose Fighting Bees,,0,1,0,0,0,1,0,0,-16.0,107.4,131.0,68.0,,,,,,,,,,,2026-03-04T04:49:46Z
2595,St. Francis (IL) Fighting Saints,,0,1,0,0,0,1,0,0,-43.0,78.6,140.1,70.0,,,,,,,,,,,2026-03-04T04:49:46Z
2598,Saint Francis Red Flash,Northeast Conference,7,22,5,8,2,14,0,0,-7.483,103.345,114.152,69.607,0.0,1.0,0.0,1.0,-3.323333333333333,7.51,1.0,,1.0,INSUFFICIENT_SAMPLE,2026-03-04T04:49:46Z
2599,St. John's Red Storm,Big East,22,5,13,2,9,3,0,0,11.63,115.659,99.922,70.004,,,,,,,,,,,2026-03-04T04:49:46Z
2600,Saint John's (MN) Johnnies,,0,1,0,0,0,1,0,0,-24.0,81.8,116.8,68.5,,,,,,,,,,,2026-03-04T04:49:46Z
2603,Saint Joseph's Hawks,Atlantic 10,17,10,10,3,7,7,0,0,2.926,106.459,102.078,68.356,,,,,,,,,,,2026-03-04T04:49:46Z
2605,Saint Leo Monarchs,,0,1,0,0,0,1,0,0,-57.0,73.8,150.4,74.5,,,,,,,,,,,2026-03-04T04:49:46Z
2608,Saint Mary's Gaels,West Coast Conference,25,4,15,0,10,4,0,0,13.586,119.372,98.293,65.434,,,,,,,,,,,2026-03-04T04:49:46Z
2612,Saint Peter's Peacocks,Metro Atlantic Athletic Conference,16,10,12,1,4,9,0,0,4.077,108.854,102.808,65.642,0.0,1.0,0.0,1.0,-7.3,9.4,1.0,,1.0,INSUFFICIENT_SAMPLE,2026-03-04T04:49:46Z
2615,St. Xavier  (IL) Cougars,,0,2,0,0,0,2,0,0,-23.0,85.2,116.1,74.75,,,,,,,,,,,2026-03-04T04:49:46Z
2617,Stephen F. Austin Lumberjacks,Southland Conference,25,4,13,1,12,3,0,0,10.586,116.083,99.993,65.621,,,,,6.779999999999999,,,,,,2026-03-04T04:49:46Z
2619,Stony Brook Seawolves,Colonial Athletic Association,15,13,10,3,5,10,0,0,0.679,106.461,106.143,67.186,0.0,1.0,1.0,0.0,-14.25,4.75,1.0,,1.0,INSUFFICIENT_SAMPLE,2026-03-04T04:49:46Z
2623,Missouri State Bears,Conference USA,11,16,8,6,3,10,0,0,-1.0,109.759,110.993,67.181,1.0,0.0,1.0,0.0,-2.69,3.19,1.0,,1.0,INSUFFICIENT_SAMPLE,2026-03-04T04:49:46Z
2627,Tarleton State Texans,Western Athletic Conference,13,14,9,5,4,9,0,0,3.519,103.119,99.359,72.367,1.0,0.0,0.0,1.0,1.45,9.05,1.0,,1.0,INSUFFICIENT_SAMPLE,2026-03-04T04:49:46Z
2628,TCU Horned Frogs,Big 12,18,9,13,4,5,5,0,0,5.519,111.548,103.444,69.304,0.0,2.0,,,-8.98,4.4799999999999995,1.0,,2.0,INSUFFICIENT_SAMPLE,2026-03-04T04:49:46Z
2630,UT Martin Skyhawks,Ohio Valley Conference,20,10,12,3,8,7,0,0,7.433,105.5,94.843,66.293,0.0,1.0,0.0,1.0,-13.75,6.25,1.0,,1.0,INSUFFICIENT_SAMPLE,2026-03-04T04:49:46Z
2632,Tennessee Wesleyan Bulldogs,,0,2,0,0,0,2,0,0,-35.5,84.25,129.8,80.35,,,,,,,,,,,2026-03-04T04:49:46Z
2633,Tennessee Volunteers,Southeastern Conference,18,9,13,4,5,5,0,0,9.667,118.385,104.296,67.437,2.0,0.0,,,-0.98,-5.5200000000000005,0.0,,2.0,INSUFFICIENT_SAMPLE,2026-03-04T04:49:46Z
2634,Tennessee State Tigers,Ohio Valley Conference,20,8,10,2,10,6,0,0,5.286,112.025,104.807,71.132,1.0,0.0,1.0,0.0,4.73,6.77,1.0,,1.0,INSUFFICIENT_SAMPLE,2026-03-04T04:49:46Z
2635,Tennessee Tech Golden Eagles,Ohio Valley Conference,13,16,8,6,5,10,0,0,-0.655,107.021,108.383,68.721,0.0,1.0,0.0,1.0,-13.75,6.25,1.0,,1.0,INSUFFICIENT_SAMPLE,2026-03-04T04:49:46Z
2636,UTSA Roadrunners,American Athletic Conference,4,22,1,10,3,12,0,0,-13.923,99.258,119.077,69.458,,,,,-17.76,,,,,,2026-03-04T04:49:46Z
2638,UTEP Miners,Conference USA,8,19,6,7,2,12,0,0,-6.593,100.993,111.241,66.244,0.0,1.0,1.0,0.0,-4.27,2.7699999999999996,1.0,,1.0,INSUFFICIENT_SAMPLE,2026-03-04T04:49:46Z
2639,Texas Lutheran Bulldogs,,0,2,0,0,0,2,0,0,-57.0,66.65,146.0,71.8,,,,,,,,,,,2026-03-04T04:49:46Z
2640,Texas Southern Tigers,Southwestern Athletic Conference,12,14,9,4,3,10,0,0,0.885,107.723,106.765,71.615,1.0,0.0,1.0,0.0,-3.91,5.41,1.0,,1.0,INSUFFICIENT_SAMPLE,2026-03-04T04:49:46Z
2641,Texas Tech Red Raiders,Big 12,20,7,14,1,6,6,0,0,8.37,119.33,106.996,67.789,0.0,2.0,,,-8.98,3.48,1.0,,2.0,INSUFFICIENT_SAMPLE,2026-03-04T04:49:46Z
2643,The Citadel Bulldogs,Southern Conference,9,20,6,9,3,11,0,0,-8.517,104.4,118.097,65.828,,,,,,,,,,,2026-03-04T04:49:46Z
2644,Thiel Tomcats,,0,1,0,0,0,1,0,0,-51.0,79.4,157.2,65.5,,,,,,,,,,,2026-03-04T04:49:46Z
2648,Toccoa Falls Eagles,,0,3,0,0,0,3,0,0,-48.333,81.933,142.6,79.467,,,,,,,,,,,2026-03-04T04:49:46Z
2649,Toledo Rockets,Mid-American Conference,16,11,10,3,6,8,0,0,5.148,117.096,109.944,69.733,2.0,0.0,,,-6.98,9.48,1.0,,2.0,INSUFFICIENT_SAMPLE,2026-03-04T04:49:46Z
2650,Tougaloo Bulldogs,,0,1,0,0,0,1,0,0,-12.0,92.8,108.2,77.6,,,,,,,,,,,2026-03-04T04:49:46Z
2653,Troy Trojans,Sun Belt Conference,18,11,11,4,7,7,0,0,7.034,115.203,105.703,69.614,1.0,2.0,1.0,0.0,-11.656666666666666,8.156666666666666,1.0,,3.0,INSUFFICIENT_SAMPLE,2026-03-04T04:49:46Z
2655,Tulane Green Wave,American Athletic Conference,15,12,8,8,7,4,0,0,-3.444,105.059,109.752,68.059,0.0,1.0,0.0,1.0,21.195,-6.83,0.0,,1.0,INSUFFICIENT_SAMPLE,2026-03-04T04:49:46Z
2660,Massachusetts-Boston Beacons,,0,1,0,0,0,1,0,0,-51.0,53.8,122.3,74.4,,,,,,,,,,,2026-03-04T04:49:46Z
2662,UC Santa Cruz Banana Slugs,,0,1,0,0,0,1,0,0,-39.0,87.7,142.0,71.8,,,,,,,,,,,2026-03-04T04:49:46Z
2670,VCU Rams,Atlantic 10,21,6,15,2,6,4,0,0,10.37,120.144,105.011,69.174,,,,,,,,,,,2026-03-04T04:49:46Z
2674,Valparaiso Beacons,Missouri Valley Conference,16,13,12,4,4,9,0,0,2.345,110.272,106.455,65.886,,,,,,,,,,,2026-03-04T04:49:46Z
2678,VMI Keydets,Southern Conference,4,25,4,10,0,15,0,0,-10.724,103.81,120.769,67.372,0.0,1.0,1.0,0.0,-8.02,5.52,1.0,,1.0,INSUFFICIENT_SAMPLE,2026-03-04T04:49:46Z
2679,Voorhees Tigers,,0,1,0,0,0,1,0,0,-51.0,63.7,137.4,69.1,,,,,,,,,,,2026-03-04T04:49:46Z
2681,Wagner Seahawks,Northeast Conference,13,14,8,5,5,9,0,0,0.815,107.722,106.993,66.985,0.0,1.0,1.0,0.0,-5.02,4.52,1.0,,1.0,INSUFFICIENT_SAMPLE,2026-03-04T04:49:46Z
2684,Warren Wilson Owls,,0,1,0,0,0,1,0,0,-61.0,78.2,154.0,80.5,,,,,,,,,,,2026-03-04T04:49:46Z
2689,Washington College (MD) Shoremen,,0,2,0,0,0,2,0,0,-41.5,77.75,133.35,74.3,,,,,,,,,,,2026-03-04T04:49:46Z
2692,Weber State Wildcats,Big Sky Conference,15,14,10,5,5,9,0,0,1.379,114.19,112.097,69.638,,,,,,,,,,,2026-03-04T04:49:46Z
2693,Webster Gorloks,,0,1,0,0,0,1,0,0,-46.0,57.3,121.6,71.5,,,,,,,,,,,2026-03-04T04:49:46Z
2698,West Georgia Wolves,ASUN Conference,13,15,9,5,4,10,0,0,-3.571,108.104,113.218,70.104,,,,,,,,,,,2026-03-04T04:49:46Z
2701,Montana-Western Bulldogs,,0,1,0,0,0,1,0,0,-16.0,94.1,117.6,68.0,,,,,,,,,,,2026-03-04T04:49:46Z
2706,WVU Tech Golden Bears,,0,1,0,0,0,1,0,0,-50.0,73.1,143.3,71.2,,,,,,,,,,,2026-03-04T04:49:46Z
2710,Western Illinois Leathernecks,Ohio Valley Conference,5,24,4,11,1,13,0,0,-11.931,96.821,114.752,66.903,0.0,1.0,1.0,0.0,-14.69,8.190000000000001,1.0,,1.0,INSUFFICIENT_SAMPLE,2026-03-04T04:49:46Z
2711,Western Michigan Broncos,Mid-American Conference,9,18,6,6,3,12,0,0,-5.037,108.07,115.852,68.933,1.0,0.0,1.0,0.0,-3.1,-6.4,0.0,,1.0,INSUFFICIENT_SAMPLE,2026-03-04T04:49:46Z
2717,Western Carolina Catamounts,Southern Conference,14,13,10,3,4,10,0,0,3.889,117.304,110.97,68.874,,,,,,,,,,,2026-03-04T04:49:46Z
2724,Wichita State Shockers,American Athletic Conference,17,10,11,4,6,6,0,0,5.37,114.411,106.189,67.326,0.0,1.0,0.0,1.0,9.62,-2.12,0.0,,1.0,INSUFFICIENT_SAMPLE,2026-03-04T04:49:46Z
2729,William & Mary Tribe,Colonial Athletic Association,16,11,9,2,7,9,0,0,5.0,113.948,106.781,73.019,0.0,1.0,1.0,0.0,5.52,-1.0199999999999996,0.0,,1.0,INSUFFICIENT_SAMPLE,2026-03-04T04:49:46Z
2730,William Carey Crusaders,,0,2,0,0,0,2,0,0,-24.5,71.9,105.85,72.25,,,,,,,,,,,2026-03-04T04:49:46Z
2737,Winthrop Eagles,Big South Conference,20,9,13,1,7,8,0,0,9.828,118.493,105.097,70.845,1.0,0.0,1.0,0.0,3.63,-13.129999999999999,0.0,,1.0,INSUFFICIENT_SAMPLE,2026-03-04T04:49:46Z
2739,Green Bay Phoenix,Horizon League,17,12,9,4,8,8,0,0,2.103,116.476,113.283,65.372,,,,,-0.09499999999999997,,,,,,2026-03-04T04:49:46Z
2747,Wofford Terriers,Southern Conference,18,11,9,5,9,6,0,0,2.379,117.972,114.186,67.662,,,,,,,,,,,2026-03-04T04:49:46Z
2750,Wright State Raiders,Horizon League,19,10,9,5,10,5,0,0,5.655,118.531,110.048,68.007,0.0,1.0,0.0,1.0,10.219999999999999,-6.95,0.0,,1.0,INSUFFICIENT_SAMPLE,2026-03-04T04:49:46Z
2751,Wyoming Cowboys,Mountain West,14,13,11,4,3,9,0,0,3.0,112.926,109.333,66.563,0.0,2.0,,,-6.98,5.4799999999999995,1.0,,2.0,INSUFFICIENT_SAMPLE,2026-03-04T04:49:46Z
2752,Xavier Musketeers,Big East,12,15,11,6,1,9,0,0,-1.444,110.637,112.781,71.744,,,,,,,,,,,2026-03-04T04:49:46Z
2754,Youngstown State Penguins,Horizon League,14,15,11,5,3,10,0,0,6.138,113.857,107.611,68.479,1.0,0.0,1.0,0.0,-7.220000000000001,-2.29,0.0,,1.0,INSUFFICIENT_SAMPLE,2026-03-04T04:49:46Z
2755,Grambling Tigers,Southwestern Athletic Conference,11,16,7,5,4,11,0,0,-0.259,102.337,102.781,68.678,0.0,1.0,1.0,0.0,-10.706666666666669,-2.34,0.0,,1.0,INSUFFICIENT_SAMPLE,2026-03-04T04:49:46Z
2758,Howard Payne Yellow Jackets,,0,2,0,0,0,2,0,0,-56.0,71.9,134.9,89.35,,,,,,,,,,,2026-03-04T04:49:46Z
2771,Merrimack Warriors,Metro Atlantic Athletic Conference,21,8,11,0,10,8,0,0,3.586,109.786,104.024,63.69,1.0,0.0,0.0,1.0,-2.6599999999999997,-1.8100000000000005,0.0,,1.0,INSUFFICIENT_SAMPLE,2026-03-04T04:49:46Z
2772,Minnesota Crookston Golden Eagles,,0,1,0,0,0,1,0,0,-34.0,87.3,131.6,76.8,,,,,,,,,,,2026-03-04T04:49:46Z
2776,Salve Regina Seahawks,,0,1,0,0,0,1,0,0,-31.0,73.8,122.4,63.7,,,,,,,,,,,2026-03-04T04:49:46Z
2803,Bryant Bulldogs,America East Conference,9,18,8,5,1,13,0,0,-6.148,99.981,110.374,64.856,1.0,0.0,0.0,1.0,3.34,-3.84,0.0,,1.0,INSUFFICIENT_SAMPLE,2026-03-04T04:49:46Z
2815,Lindenwood Lions,Ohio Valley Conference,16,13,8,5,8,8,0,0,4.586,106.586,100.807,72.686,1.0,0.0,1.0,0.0,4.62,6.88,1.0,,1.0,INSUFFICIENT_SAMPLE,2026-03-04T04:49:46Z
2822,North Greenville Crusaders,,1,1,0,0,1,1,0,0,-1.0,108.1,111.25,68.0,,,,,,,,,,,2026-03-04T04:49:46Z
2828,Shenandoah Hornets,,0,1,0,0,0,1,0,0,-43.0,69.8,137.9,63.1,,,,,,,,,,,2026-03-04T04:49:46Z
2837,East Texas A&M Lions,Southland Conference,10,20,5,8,5,12,0,0,-5.867,101.917,110.463,67.89,,,,,4.805,,,,,,2026-03-04T04:49:46Z
2838,Tiffin Dragons,,0,1,0,0,0,1,0,0,-12.0,77.1,95.6,64.8,,,,,,,,,,,2026-03-04T04:49:46Z
2839,Tusculum Pioneers,,0,1,0,0,0,1,0,0,-16.0,87.8,110.4,70.6,,,,,,,,,,,2026-03-04T04:49:46Z
2841,Union (KY) Bulldogs,,0,1,0,0,0,1,0,0,-34.0,79.3,129.3,68.1,,,,,,,,,,,2026-03-04T04:49:46Z
2845,Waynesburg Yellow Jackets,,0,1,0,0,0,1,0,0,-53.0,69.5,135.3,80.6,,,,,,,,,,,2026-03-04T04:49:46Z
2850,Whittier Poets,,0,1,0,0,0,1,0,0,-62.0,79.9,164.0,73.8,,,,,,,,,,,2026-03-04T04:49:46Z
2854,Bloomfield Deacons,,0,1,0,0,0,1,0,0,-2.0,109.2,111.6,85.2,,,,,,,,,,,2026-03-04T04:49:46Z
2855,Brescia Bearcats,,0,2,0,0,0,2,0,0,-32.0,67.7,109.45,76.1,,,,,,,,,,,2026-03-04T04:49:46Z
2856,California Baptist Lancers,Western Athletic Conference,19,8,14,0,5,8,0,0,3.63,107.459,101.904,66.737,0.0,1.0,1.0,0.0,-9.4,3.9,1.0,,1.0,INSUFFICIENT_SAMPLE,2026-03-04T04:49:46Z
2862,Colorado Christian Cougars,,0,1,0,0,0,1,0,0,-36.0,92.1,148.3,64.0,,,,,,,,,,,2026-03-04T04:49:46Z
2866,Evergreen State Geoducks,,0,2,0,0,0,2,0,0,-41.5,80.6,137.85,72.05,,,,,,,,,,,2026-03-04T04:49:46Z
2870,Purdue Fort Wayne Mastodons,Horizon League,17,12,11,4,6,8,0,0,2.931,112.838,110.314,69.934,0.0,1.0,0.0,1.0,8.04,-6.95,0.0,,1.0,INSUFFICIENT_SAMPLE,2026-03-04T04:49:46Z
2871,Kean Cougars,,0,1,0,0,0,1,0,0,-2.0,91.1,93.9,70.3,,,,,,,,,,,2026-03-04T04:49:46Z
2879,Manhattanville Valiants,,0,1,0,0,0,1,0,0,-34.0,79.9,123.7,77.6,,,,,,,,,,,2026-03-04T04:49:46Z
2880,Missouri Baptist Spartans,,0,1,0,0,0,1,0,0,-37.0,83.9,140.4,65.5,,,,,,,,,,,2026-03-04T04:49:46Z
2885,NJIT Highlanders,America East Conference,14,14,7,4,7,10,0,0,-5.321,101.654,109.475,67.561,,,,,,,,,,,2026-03-04T04:49:46Z
2890,Reinhardt Eagles,,0,2,0,0,0,2,0,0,-55.5,60.7,137.9,72.35,,,,,,,,,,,2026-03-04T04:49:46Z
2891,Ripon Red Hawks,,0,1,0,0,0,1,0,0,-20.0,89.8,118.3,70.2,,,,,,,,,,,2026-03-04T04:49:46Z
2892,Rust Bearcats,,0,1,0,0,0,1,0,0,-33.0,72.8,116.5,75.5,,,,,,,,,,,2026-03-04T04:49:46Z
2900,St. Thomas-Minnesota Tommies,Summit League,22,7,14,1,8,6,0,0,12.724,120.303,102.248,69.907,1.0,0.0,0.0,1.0,-13.25,-5.25,0.0,,1.0,INSUFFICIENT_SAMPLE,2026-03-04T04:49:46Z
2903,Southwestern Adventist Knights,,0,3,0,0,0,3,0,0,-51.667,70.9,142.833,71.933,,,,,,,,,,,2026-03-04T04:49:46Z
2908,South Carolina Upstate Spartans,Big South Conference,11,17,9,5,2,12,0,0,-1.0,104.089,106.093,70.711,0.0,1.0,0.0,1.0,-8.17,3.67,1.0,,1.0,INSUFFICIENT_SAMPLE,2026-03-04T04:49:46Z
2913,Brevard Tornados,,0,1,0,0,0,1,0,0,-14.0,88.9,108.7,70.8,,,,,,,,,,,2026-03-04T04:49:46Z
2916,Incarnate Word Cardinals,Southland Conference,11,18,9,6,2,12,0,0,0.241,111.748,112.134,65.579,,,,,-1.1949999999999998,,,,,,2026-03-04T04:49:46Z
2920,Mobile Rams,,0,1,0,0,0,1,0,0,-33.0,72.1,117.9,72.1,,,,,,,,,,,2026-03-04T04:49:46Z
2932,Point University Skyhawks,,0,1,0,0,0,1,0,0,-51.0,74.1,137.0,81.0,,,,,,,,,,,2026-03-04T04:49:46Z
2934,Cal State Bakersfield Roadrunners,Big West Conference,7,21,5,10,2,11,0,0,-8.964,101.954,114.221,71.468,1.0,0.0,0.0,1.0,-4.47,6.97,1.0,,1.0,INSUFFICIENT_SAMPLE,2026-03-04T04:49:46Z
2936,Dominican (IL) Dominican,,0,2,0,0,0,2,0,0,-68.0,76.5,158.65,82.5,,,,,,,,,,,2026-03-04T04:49:46Z
2937,Dallas Christian Crusaders,,0,3,0,0,0,3,0,0,-59.0,58.967,135.933,76.567,,,,,,,,,,,2026-03-04T04:49:46Z
2939,Jamestown Jimmies,,0,1,0,0,0,1,0,0,-15.0,94.8,116.1,70.6,,,,,,,,,,,2026-03-04T04:49:46Z
2944,Penn State-Behrend Lions,,0,1,0,0,0,1,0,0,-29.0,103.2,150.7,61.0,,,,,,,,,,,2026-03-04T04:49:46Z
2945,Pfeiffer Falcons,,0,2,0,0,0,2,0,0,-52.5,75.55,142.2,78.75,,,,,,,,,,,2026-03-04T04:49:46Z
2951,SUNY-Maritime Privateers,,0,1,0,0,0,1,0,0,-64.0,66.0,145.7,80.3,,,,,,,,,,,2026-03-04T04:49:46Z
2952,Warner Pacific Knights,,0,1,0,0,0,1,0,0,-55.0,74.3,142.5,80.7,,,,,,,,,,,2026-03-04T04:49:46Z
2957,Dominican (CA) Penguins,,0,1,0,0,0,1,0,0,-22.0,99.2,129.9,71.6,,,,,,,,,,,2026-03-04T04:49:46Z
2980,Ohio Wesleyan Battling Bishops,,0,2,0,0,0,2,0,0,-43.0,74.55,138.4,69.05,,,,,,,,,,,2026-03-04T04:49:46Z
2981,Williams Baptist Eagles,,0,1,0,0,0,1,0,0,-14.0,100.0,116.6,84.0,,,,,,,,,,,2026-03-04T04:49:46Z
3071,North Central College Cardinals,,0,1,0,0,0,1,0,0,-33.0,76.5,124.1,69.3,,,,,,,,,,,2026-03-04T04:49:46Z
3077,Kentucky Christian Knights,,0,3,0,0,0,3,0,0,-45.0,73.2,132.2,75.8,,,,,,,,,,,2026-03-04T04:49:46Z
3083,Oakwood Ambassadors,,0,2,0,0,0,2,0,0,-47.5,81.6,148.35,73.6,,,,,,,,,,,2026-03-04T04:49:46Z
3084,Utah Valley Wolverines,Western Athletic Conference,21,6,16,0,5,6,0,0,11.963,113.3,96.244,69.585,1.0,0.0,0.0,1.0,1.45,9.05,1.0,,1.0,INSUFFICIENT_SAMPLE,2026-03-04T04:49:46Z
3101,Utah Tech Trailblazers,Western Athletic Conference,16,12,10,3,6,9,0,0,1.929,110.043,107.625,68.154,1.0,0.0,0.0,1.0,-0.74,-0.7599999999999998,0.0,,1.0,INSUFFICIENT_SAMPLE,2026-03-04T04:49:46Z
3107,East-West University Phantoms,,0,2,0,0,0,2,0,0,-51.0,76.3,141.3,78.55,,,,,,,,,,,2026-03-04T04:49:46Z
3111,Apprentice School Builders,,0,1,0,0,0,1,0,0,-36.0,77.5,125.6,74.8,,,,,,,,,,,2026-03-04T04:49:46Z
3120,Ecclesia Royals,,0,5,0,0,0,5,0,0,-46.2,72.2,131.82,77.4,,,,,,,,,,,2026-03-04T04:49:46Z
3121,Ohio Christian Trailblazers,,0,1,0,0,0,1,0,0,-35.0,68.9,123.7,63.8,,,,,,,,,,,2026-03-04T04:49:46Z
3126,Mid-America Christian Evangels,,0,1,0,0,0,1,0,0,-22.0,98.1,132.9,63.2,,,,,,,,,,,2026-03-04T04:49:46Z
3134,Champion Christian Tigers,,0,4,0,0,0,4,0,0,-59.0,72.75,141.025,86.05,,,,,,,,,,,2026-03-04T04:49:46Z
3138,Indiana University East IU EAST,,0,2,0,0,0,2,0,0,-49.5,78.2,136.55,84.55,,,,,,,,,,,2026-03-04T04:49:46Z
3141,Northern New Mexico Eagles,,0,1,0,0,0,1,0,0,-50.0,76.8,148.0,70.3,,,,,,,,,,,2026-03-04T04:49:46Z
3154,University of The Southwest Mustangs,,0,1,0,0,0,1,0,0,-71.0,44.1,139.0,74.8,,,,,,,,,,,2026-03-04T04:49:46Z
3158,Our Lady Of The Lake Saints,,0,1,0,0,0,1,0,0,-44.0,62.0,121.3,74.2,,,,,,,,,,,2026-03-04T04:49:46Z
3164,Central Penn Knights,,0,2,0,0,0,2,0,0,-53.0,70.0,136.5,79.9,,,,,,,,,,,2026-03-04T04:49:46Z
3166,Arlington Baptist Patriots,,0,2,0,0,0,2,0,0,-59.5,72.95,144.2,83.6,,,,,,,,,,,2026-03-04T04:49:46Z
3167,La Sierra Golden Eagles,,0,2,0,0,0,2,0,0,-38.5,67.15,119.0,74.45,,,,,,,,,,,2026-03-04T04:49:46Z
3170,St. Thomas (TX) Celts,,0,1,0,0,0,1,0,0,-1.0,106.7,108.0,77.8,,,,,,,,,,,2026-03-04T04:49:46Z
3173,Pensacola Christian College PENSACOLA CHRISTIAN,,0,1,0,0,0,1,0,0,-65.0,68.1,147.1,82.3,,,,,,,,,,,2026-03-04T04:49:46Z
3174,Trinity College of Jacksonville Eagles,,0,3,0,0,0,3,0,0,-56.0,78.533,150.867,78.733,,,,,,,,,,,2026-03-04T04:49:46Z
3183,Penn St Abington Nittany Lions,,0,1,0,0,0,1,0,0,-55.0,73.1,151.9,69.8,,,,,,,,,,,2026-03-04T04:49:46Z
3185,UC Merced Bobcats,,0,1,0,0,0,1,0,0,-54.0,60.3,137.9,69.6,,,,,,,,,,,2026-03-04T04:49:46Z
3189,Coastal Georgia Mariner,,0,3,0,0,0,3,0,0,-37.333,82.833,133.833,73.067,,,,,,,,,,,2026-03-04T04:49:46Z
3196,Saint Josephs Long Island Golden Eagles,,0,1,0,0,0,1,0,0,-64.0,56.1,139.7,76.6,,,,,,,,,,,2026-03-04T04:49:46Z
3229,Virginia-Lynchburg Dragons,,0,9,0,0,0,9,0,0,-68.333,71.022,153.189,83.744,,,,,,,,,,,2026-03-04T04:49:46Z
3238,Southwestern Christian Eagles,,0,3,0,0,0,3,0,0,-39.667,81.033,133.067,76.6,,,,,,,,,,,2026-03-04T04:49:46Z
3242,Columbia International Rams,,0,2,0,0,0,2,0,0,-36.5,80.35,134.3,67.8,,,,,,,,,,,2026-03-04T04:49:46Z
3243,Bob Jones Bruins,,0,3,0,0,0,3,0,0,-51.667,72.567,140.467,75.9,,,,,,,,,,,2026-03-04T04:49:46Z
3245,Truett-McConnell Bears,,0,1,0,0,0,1,0,0,-27.0,89.1,126.7,71.8,,,,,,,,,,,2026-03-04T04:49:46Z
3246,Bethesda University Flames,,0,5,0,0,0,5,0,0,-53.8,74.34,141.88,79.96,,,,,,,,,,,2026-03-04T04:49:46Z
5345,Benedictine University (IL) Eagles,,0,1,0,0,0,1,0,0,-55.0,80.6,152.0,77.0,,,,,,,,,,,2026-03-04T04:49:46Z
5426,Brandeis Judges,,0,1,0,0,0,1,0,0,-18.0,92.9,120.4,65.6,,,,,,,,,,,2026-03-04T04:49:46Z
16231,Old Westbury Panthers,,0,1,0,0,0,1,0,0,-69.0,36.1,144.6,63.6,,,,,,,,,,,2026-03-04T04:49:46Z
50024,Washington Adventist Shock,,0,1,0,0,0,1,0,0,-6.0,102.9,110.3,80.7,,,,,,,,,,,2026-03-04T04:49:46Z
66786,St. Elizabeth Eagles,,0,1,0,0,0,1,0,0,-42.0,82.2,141.7,70.6,,,,,,,,,,,2026-03-04T04:49:46Z
103524,Holy Cross College (IN) Saints,,0,1,0,0,0,1,0,0,-33.0,80.7,125.9,73.1,,,,,,,,,,,2026-03-04T04:49:46Z
108806,Mid-Atlantic Christian Mustangs,,0,5,0,0,0,5,0,0,-38.8,73.02,124.36,75.36,,,,,,,,,,,2026-03-04T04:49:46Z
108807,William Peace Pacers,,0,1,0,0,0,1,0,0,-28.0,92.0,133.5,67.4,,,,,,,,,,,2026-03-04T04:49:46Z
108820,Alfred State Pioneers,,0,1,0,0,0,1,0,0,-68.0,77.2,158.0,84.2,,,,,,,,,,,2026-03-04T04:49:46Z
108838,Mitchell College Mariners,,0,1,0,0,0,1,0,0,-23.0,97.4,129.9,70.8,,,,,,,,,,,2026-03-04T04:49:46Z
108842,Emerson Lions,,0,1,0,0,0,1,0,0,-23.0,102.4,137.6,65.4,,,,,,,,,,,2026-03-04T04:49:46Z
108862,Sarah Lawrence Gryphons,,0,1,0,0,0,1,0,0,-48.0,59.1,123.6,74.4,,,,,,,,,,,2026-03-04T04:49:46Z
108942,Carolina University Bruins,,0,2,0,0,0,2,0,0,-50.0,74.55,145.55,71.45,,,,,,,,,,,2026-03-04T04:49:46Z
109671,Lourdes University Gray Wolves,,0,1,0,0,0,1,0,0,-33.0,89.2,133.2,75.1,,,,,,,,,,,2026-03-04T04:49:46Z
109700,Boyce Bulldogs,,0,1,0,0,0,1,0,0,-50.0,79.7,138.4,85.3,,,,,,,,,,,2026-03-04T04:49:46Z
109998,York College Nebraska Panthers,,0,1,0,0,0,1,0,0,-47.0,77.8,140.9,74.5,,,,,,,,,,,2026-03-04T04:49:46Z
110031,Benedictine (AZ) Redhawks,,0,1,0,0,0,1,0,0,-52.0,73.0,136.3,82.2,,,,,,,,,,,2026-03-04T04:49:46Z
110418,West Coast Baptist Eagles,,0,1,0,0,0,1,0,0,-65.0,72.7,152.9,81.1,,,,,,,,,,,2026-03-04T04:49:46Z
111166,Midway University Eagles,,0,2,0,0,0,2,0,0,-38.5,85.75,142.25,68.2,,,,,,,,,,,2026-03-04T04:49:46Z
111170,Franciscan University Barons,,0,1,0,0,0,1,0,0,-25.0,79.2,112.3,75.7,,,,,,,,,,,2026-03-04T04:49:46Z
111179,Georgian Court Lions,,0,1,0,0,0,1,0,0,-46.0,79.2,143.1,72.0,,,,,,,,,,,2026-03-04T04:49:46Z
111180,Christendom Crusaders,,0,1,0,0,0,1,0,0,-53.0,50.7,125.4,71.0,,,,,,,,,,,2026-03-04T04:49:46Z
111199,Penn State (Brandywine) Lions,,0,2,0,0,0,2,0,0,-34.0,73.35,124.7,66.35,,,,,,,,,,,2026-03-04T04:49:46Z
111226,Embry-Riddle (AZ) Eagles,,0,1,0,0,0,1,0,0,-29.0,108.1,147.8,73.1,,,,,,,,,,,2026-03-04T04:49:46Z
111902,Misericordia Cougars,,0,2,0,0,0,2,0,0,-27.5,86.65,121.35,74.2,,,,,,,,,,,2026-03-04T04:49:46Z
111914,Wilson College WILSON,,0,1,0,0,0,1,0,0,-39.0,79.7,129.8,77.8,,,,,,,,,,,2026-03-04T04:49:46Z
111926,Regent Royals,,0,1,0,0,0,1,0,0,-47.0,76.5,139.6,74.5,,,,,,,,,,,2026-03-04T04:49:46Z
111947,SUNY-Canton Roos,,0,1,0,0,0,1,0,0,-35.0,74.6,118.2,80.4,,,,,,,,,,,2026-03-04T04:49:46Z
111948,Elms College Blazers,,0,2,0,0,0,2,0,0,-72.5,52.35,150.45,73.75,,,,,,,,,,,2026-03-04T04:49:46Z
112358,Long Island University Sharks,Northeast Conference,20,9,11,1,9,8,0,0,3.379,109.552,104.0,67.31,0.0,1.0,1.0,0.0,-14.54,9.04,1.0,,1.0,INSUFFICIENT_SAMPLE,2026-03-04T04:49:46Z
121894,North Central (MN) Rams,,0,1,0,0,0,1,0,0,-46.0,75.6,134.5,78.1,,,,,,,,,,,2026-03-04T04:49:46Z
123306,Lancasater Bible College Chargers,,0,1,0,0,0,1,0,0,-29.0,64.5,105.2,71.3,,,,,,,,,,,2026-03-04T04:49:46Z
123362,Fort Lauderdale Eagles,,0,2,0,0,0,2,0,0,-32.5,76.85,121.05,78.2,,,,,,,,,,,2026-03-04T04:49:46Z
123410,Kansas Christian Falcons,,0,1,0,0,0,1,0,0,-55.0,55.5,120.5,84.6,,,,,,,,,,,2026-03-04T04:49:46Z
124809,Miami (OH)-Hamilton Harriers,,0,1,0,0,0,1,0,0,-43.0,86.6,149.6,68.2,,,,,,,,,,,2026-03-04T04:49:46Z
124942,Mary Baldwin Fighting Squirrels,,0,1,0,0,0,1,0,0,-82.0,59.9,164.5,78.4,,,,,,,,,,,2026-03-04T04:49:46Z
124946,Lincoln University (CA) Oaklanders,,0,4,0,0,0,4,0,0,-47.5,87.85,149.05,77.05,,,,,,,,,,,2026-03-04T04:49:46Z
125330,Spurgeon College Knights,,0,1,0,0,0,1,0,0,-27.0,85.9,116.9,87.3,,,,,,,,,,,2026-03-04T04:49:46Z
126751,Vermont State - Johnson Badgers,,0,2,0,0,0,2,0,0,-44.0,80.9,142.0,72.4,,,,,,,,,,,2026-03-04T04:49:46Z
126821,Pittsburgh - Greensburg Bobcats,,0,1,0,0,0,1,0,0,-24.0,81.5,115.8,69.9,,,,,,,,,,,2026-03-04T04:49:46Z
126824,Saint Mary of the Woods College Pomeroys,,0,1,0,0,0,1,0,0,-31.0,74.8,115.5,76.2,,,,,,,,,,,2026-03-04T04:49:46Z
126848,SUNY Delhi Broncos,,0,1,0,0,0,1,0,0,-63.0,65.8,145.5,79.0,,,,,,,,,,,2026-03-04T04:49:46Z
126890,Maine-Augusta Moose,,0,1,0,0,0,1,0,0,-45.0,85.6,142.3,79.4,,,,,,,,,,,2026-03-04T04:49:46Z
126954,Clinton College Golden Bears,,0,1,0,0,0,1,0,0,-66.0,54.4,141.9,75.4,,,,,,,,,,,2026-03-04T04:49:46Z
126972,Miami (OH)-Middletown ThunderHawks,,0,1,0,0,0,1,0,0,-53.0,84.8,146.3,86.1,,,,,,,,,,,2026-03-04T04:49:46Z
127162,Ozark Christian Ambassadors,,0,1,0,0,0,1,0,0,-56.0,89.8,167.2,72.4,,,,,,,,,,,2026-03-04T04:49:46Z
128256,College Of Biblical Studies Ambassadors,,0,6,0,0,0,6,0,0,-57.333,69.283,143.95,77.0,,,,,,,,,,,2026-03-04T04:49:46Z
128342,Notre Dame (MD) Gators,,0,3,0,0,0,3,0,0,-41.333,80.167,133.033,77.933,,,,,,,,,,,2026-03-04T04:49:46Z
128438,Cleary University Cougars,,0,3,0,0,0,3,0,0,-42.0,68.233,125.067,73.767,,,,,,,,,,,2026-03-04T04:49:46Z
128501,Stanton Elks,,0,2,0,0,0,2,0,0,-24.0,100.9,137.55,65.6,,,,,,,,,,,2026-03-04T04:49:46Z
128531,Roberts Wesleyan Redhawks,,0,1,0,0,0,1,0,0,-43.0,80.7,131.8,84.2,,,,,,,,,,,2026-03-04T04:49:46Z
128550,New College (FL) Mighty Banyans,,0,1,0,0,0,1,0,0,-55.0,79.8,145.3,84.0,,,,,,,,,,,2026-03-04T04:49:46Z
130183,Justice College Lions,,0,2,0,0,0,2,0,0,-39.5,72.1,129.3,69.25,,,,,,,,,,,2026-03-04T04:49:46Z
130190,Lehman College Bridges,,0,1,0,0,0,1,0,0,-34.0,65.1,117.9,64.5,,,,,,,,,,,2026-03-04T04:49:46Z
130195,Penn State-Shenango Nittany Lions,,0,4,0,0,0,4,0,0,-60.75,62.6,138.067,80.033,,,,,,,,,,,2026-03-04T04:49:46Z
130196,Manor College Blue Jays,,0,2,0,0,0,2,0,0,-32.5,67.9,115.35,69.6,,,,,,,,,,,2026-03-04T04:49:46Z
130201,Nobel Knights,,0,6,0,0,0,6,0,0,-36.5,77.65,127.483,73.15,,,,,,,,,,,2026-03-04T04:49:46Z
130262,IU Columbus Crimson Pride,,0,1,0,0,0,1,0,0,-44.0,77.5,121.8,99.3,,,,,,,,,,,2026-03-04T04:49:46Z
130401,Columbia College (SC) Fighting Koalas,,0,2,0,0,0,2,0,0,-41.0,85.8,140.75,74.6,,,,,,,,,,,2026-03-04T04:49:46Z
131584,Principia College PRINCIPIA,,0,1,0,0,0,1,0,0,-81.0,44.0,151.9,75.0,,,,,,,,,,,2026-03-04T04:49:46Z
131603,Bryant Str-Alb Bobcats,,0,1,0,0,0,1,0,0,-56.0,46.9,119.7,76.8,,,,,,,,,,,2026-03-04T04:49:46Z
131632,Manhattan Christian Thunder,,0,1,0,0,0,1,0,0,-51.0,78.5,145.3,76.4,,,,,,,,,,,2026-03-04T04:49:46Z
131638,Paul Smith's Bobcats,,0,1,0,0,0,1,0,0,-49.0,74.6,138.7,76.4,,,,,,,,,,,2026-03-04T04:49:46Z
131642,Penn State Hazleton Nittany Lions,,0,1,0,0,0,1,0,0,-9.0,96.7,108.5,76.5,,,,,,,,,,,2026-03-04T04:49:46Z
131761,Bryant & Stratton (Ohio) Bobcats,,0,1,0,0,0,1,0,0,-38.0,89.6,145.4,68.1,,,,,,,,,,,2026-03-04T04:49:46Z
131858,Salish Kootenai Bison,,0,1,0,0,0,1,0,0,-56.0,63.2,140.0,72.8,,,,,,,,,,,2026-03-04T04:49:46Z
132013,Baptist (Fl) Eagles,,0,1,0,0,0,1,0,0,-73.0,52.1,129.8,94.0,,,,,,,,,,,2026-03-04T04:49:46Z
